#,molecule_chembl_id,target_pref_name,assay_variant_mutation,standard_value,standard_relation,standard_units,exclusion_reason
2,CHEMBL201277,ALK tyrosine kinase receptor,Wild Type,40000.0,>,nM,censored_relation
16,CHEMBL509032,ALK tyrosine kinase receptor,Wild Type,10.0,<,nM,censored_relation
17,CHEMBL509032,ALK tyrosine kinase receptor,Wild Type,10.0,<,nM,censored_relation
20,CHEMBL524266,ALK tyrosine kinase receptor,Wild Type,4000.0,>,nM,censored_relation
22,CHEMBL86771,ALK tyrosine kinase receptor,Wild Type,40000.0,>,nM,censored_relation
23,CHEMBL461139,ALK tyrosine kinase receptor,Wild Type,10000.0,>,nM,censored_relation
37,CHEMBL563555,ALK tyrosine kinase receptor,Wild Type,40000.0,>,nM,censored_relation
38,CHEMBL563257,ALK tyrosine kinase receptor,Wild Type,40000.0,>,nM,censored_relation
39,CHEMBL551906,ALK tyrosine kinase receptor,Wild Type,40000.0,>,nM,censored_relation
40,CHEMBL565612,ALK tyrosine kinase receptor,Wild Type,10000.0,>,nM,censored_relation
45,CHEMBL86755,ALK tyrosine kinase receptor,Wild Type,50000.0,>,nM,censored_relation
46,CHEMBL103307,ALK tyrosine kinase receptor,Wild Type,50000.0,>,nM,censored_relation
47,CHEMBL597960,ALK tyrosine kinase receptor,Wild Type,50000.0,>,nM,censored_relation
51,CHEMBL599224,ALK tyrosine kinase receptor,Wild Type,10000.0,>,nM,censored_relation
52,CHEMBL599428,ALK tyrosine kinase receptor,Wild Type,10000.0,>,nM,censored_relation
53,CHEMBL597754,ALK tyrosine kinase receptor,Wild Type,10000.0,>,nM,censored_relation
54,CHEMBL1230607,ALK tyrosine kinase receptor,Wild Type,10000.0,>,nM,censored_relation
55,CHEMBL604712,ALK tyrosine kinase receptor,Wild Type,10000.0,>,nM,censored_relation
56,CHEMBL1094408,ALK tyrosine kinase receptor,Wild Type,10000.0,>,nM,censored_relation
57,CHEMBL1085511,ALK tyrosine kinase receptor,Wild Type,10000.0,>,nM,censored_relation
59,CHEMBL1164280,ALK tyrosine kinase receptor,Wild Type,10000.0,>,nM,censored_relation
70,CHEMBL1163508,ALK tyrosine kinase receptor,Wild Type,10000.0,>,nM,censored_relation
71,CHEMBL1163514,ALK tyrosine kinase receptor,Wild Type,10000.0,>,nM,censored_relation
73,CHEMBL1163511,ALK tyrosine kinase receptor,Wild Type,3000.0,>,nM,censored_relation
78,CHEMBL1163512,ALK tyrosine kinase receptor,Wild Type,3000.0,>,nM,censored_relation
91,CHEMBL225519,ALK tyrosine kinase receptor,Wild Type,10000.0,>,nM,censored_relation
92,CHEMBL1272116,ALK tyrosine kinase receptor,Wild Type,10000.0,>,nM,censored_relation
93,CHEMBL1272171,ALK tyrosine kinase receptor,Wild Type,10000.0,>,nM,censored_relation
95,CHEMBL1270230,ALK tyrosine kinase receptor,Wild Type,10000.0,>,nM,censored_relation
97,CHEMBL1272140,ALK tyrosine kinase receptor,Wild Type,10000.0,>,nM,censored_relation
98,CHEMBL1271644,ALK tyrosine kinase receptor,Wild Type,10000.0,>,nM,censored_relation
99,CHEMBL1793892,ALK tyrosine kinase receptor,Wild Type,10000.0,>,nM,censored_relation
128,CHEMBL1651522,ALK tyrosine kinase receptor,Wild Type,10000.0,>,nM,censored_relation
131,CHEMBL1738758,ALK tyrosine kinase receptor,Wild Type,10000.0,>,nM,censored_relation
175,CHEMBL1778709,ALK tyrosine kinase receptor,Wild Type,99.0,<=,nM,censored_relation
176,CHEMBL1778706,ALK tyrosine kinase receptor,Wild Type,99.0,<=,nM,censored_relation
177,CHEMBL1738710,ALK tyrosine kinase receptor,Wild Type,10000.0,>,nM,censored_relation
181,CHEMBL1796243,ALK tyrosine kinase receptor,Wild Type,10000.0,>,nM,censored_relation
201,CHEMBL1796255,ALK tyrosine kinase receptor,Wild Type,3000.0,>,nM,censored_relation
209,CHEMBL1796261,ALK tyrosine kinase receptor,Wild Type,3000.0,>,nM,censored_relation
210,CHEMBL1796262,ALK tyrosine kinase receptor,Wild Type,3000.0,>,nM,censored_relation
211,CHEMBL1807766,ALK tyrosine kinase receptor,Wild Type,40000.0,>,nM,censored_relation
212,CHEMBL1807761,ALK tyrosine kinase receptor,Wild Type,40000.0,>,nM,censored_relation
213,CHEMBL1807765,ALK tyrosine kinase receptor,Wild Type,40000.0,>,nM,censored_relation
214,CHEMBL1807760,ALK tyrosine kinase receptor,Wild Type,40000.0,>,nM,censored_relation
215,CHEMBL1807764,ALK tyrosine kinase receptor,Wild Type,40000.0,>,nM,censored_relation
216,CHEMBL1807759,ALK tyrosine kinase receptor,Wild Type,40000.0,>,nM,censored_relation
217,CHEMBL1807763,ALK tyrosine kinase receptor,Wild Type,40000.0,>,nM,censored_relation
218,CHEMBL1807758,ALK tyrosine kinase receptor,Wild Type,40000.0,>,nM,censored_relation
219,CHEMBL1807762,ALK tyrosine kinase receptor,Wild Type,40000.0,>,nM,censored_relation
221,CHEMBL1807767,ALK tyrosine kinase receptor,Wild Type,40000.0,>,nM,censored_relation
222,CHEMBL1807768,ALK tyrosine kinase receptor,Wild Type,40000.0,>,nM,censored_relation
223,CHEMBL1807769,ALK tyrosine kinase receptor,Wild Type,40000.0,>,nM,censored_relation
224,CHEMBL1807770,ALK tyrosine kinase receptor,Wild Type,40000.0,>,nM,censored_relation
225,CHEMBL1807771,ALK tyrosine kinase receptor,Wild Type,40000.0,>,nM,censored_relation
226,CHEMBL1807772,ALK tyrosine kinase receptor,Wild Type,40000.0,>,nM,censored_relation
227,CHEMBL1808087,ALK tyrosine kinase receptor,Wild Type,40000.0,>,nM,censored_relation
228,CHEMBL1808088,ALK tyrosine kinase receptor,Wild Type,40000.0,>,nM,censored_relation
229,CHEMBL1808089,ALK tyrosine kinase receptor,Wild Type,40000.0,>,nM,censored_relation
230,CHEMBL1808090,ALK tyrosine kinase receptor,Wild Type,40000.0,>,nM,censored_relation
231,CHEMBL1808091,ALK tyrosine kinase receptor,Wild Type,40000.0,>,nM,censored_relation
232,CHEMBL1808092,ALK tyrosine kinase receptor,Wild Type,40000.0,>,nM,censored_relation
239,CHEMBL1808098,ALK tyrosine kinase receptor,Wild Type,40000.0,>,nM,censored_relation
240,CHEMBL1808099,ALK tyrosine kinase receptor,Wild Type,40000.0,>,nM,censored_relation
242,CHEMBL1808101,ALK tyrosine kinase receptor,Wild Type,40000.0,>,nM,censored_relation
244,CHEMBL1808103,ALK tyrosine kinase receptor,Wild Type,40000.0,>,nM,censored_relation
245,CHEMBL1808104,ALK tyrosine kinase receptor,Wild Type,40000.0,>,nM,censored_relation
246,CHEMBL1808105,ALK tyrosine kinase receptor,Wild Type,40000.0,>,nM,censored_relation
247,CHEMBL1808106,ALK tyrosine kinase receptor,Wild Type,40000.0,>,nM,censored_relation
249,CHEMBL1808108,ALK tyrosine kinase receptor,Wild Type,40000.0,>,nM,censored_relation
251,CHEMBL1808220,ALK tyrosine kinase receptor,Wild Type,40000.0,>,nM,censored_relation
252,CHEMBL1808221,ALK tyrosine kinase receptor,Wild Type,40000.0,>,nM,censored_relation
253,CHEMBL1808222,ALK tyrosine kinase receptor,Wild Type,40000.0,>,nM,censored_relation
254,CHEMBL1808223,ALK tyrosine kinase receptor,Wild Type,40000.0,>,nM,censored_relation
255,CHEMBL1808224,ALK tyrosine kinase receptor,Wild Type,40000.0,>,nM,censored_relation
256,CHEMBL1808225,ALK tyrosine kinase receptor,Wild Type,40000.0,>,nM,censored_relation
257,CHEMBL1808226,ALK tyrosine kinase receptor,Wild Type,40000.0,>,nM,censored_relation
267,CHEMBL1822512,ALK tyrosine kinase receptor,Wild Type,2000.0,>,nM,censored_relation
284,CHEMBL601719,ALK tyrosine kinase receptor,Wild Type,1.0,<,nM,censored_relation
285,CHEMBL1834657,ALK tyrosine kinase receptor,Wild Type,10000.0,>,nM,censored_relation
287,CHEMBL1910608,ALK tyrosine kinase receptor,Wild Type,20000.0,>,nM,censored_relation
290,CHEMBL1916359,ALK tyrosine kinase receptor,Wild Type,10000.0,>,nM,censored_relation
346,CHEMBL456294,ALK tyrosine kinase receptor,Wild Type,100000.0,>,nM,censored_relation
347,CHEMBL515982,ALK tyrosine kinase receptor,Wild Type,100000.0,>,nM,censored_relation
348,CHEMBL464351,ALK tyrosine kinase receptor,Wild Type,100000.0,>,nM,censored_relation
351,CHEMBL1929238,ALK tyrosine kinase receptor,Wild Type,30000.0,>,nM,censored_relation
352,CHEMBL103667,ALK tyrosine kinase receptor,Wild Type,30000.0,>,nM,censored_relation
363,CHEMBL1945559,ALK tyrosine kinase receptor,Wild Type,10000.0,>,nM,censored_relation
366,CHEMBL1946609,ALK tyrosine kinase receptor,Wild Type,10000.0,>,nM,censored_relation
367,CHEMBL1946610,ALK tyrosine kinase receptor,Wild Type,10000.0,>,nM,censored_relation
371,CHEMBL1946613,ALK tyrosine kinase receptor,Wild Type,1000.0,>,nM,censored_relation
421,CHEMBL2023543,ALK tyrosine kinase receptor,Wild Type,25000.0,>,nM,censored_relation
427,CHEMBL2023537,ALK tyrosine kinase receptor,Wild Type,25000.0,>,nM,censored_relation
429,CHEMBL2023535,ALK tyrosine kinase receptor,Wild Type,25000.0,>,nM,censored_relation
574,CHEMBL2333365,ALK tyrosine kinase receptor,Wild Type,3500.0,>,nM,censored_relation
606,CHEMBL2403378,ALK tyrosine kinase receptor,Wild Type,10000.0,>,nM,censored_relation
612,CHEMBL2403372,ALK tyrosine kinase receptor,Wild Type,10000.0,>,nM,censored_relation
613,CHEMBL2403371,ALK tyrosine kinase receptor,Wild Type,10000.0,>,nM,censored_relation
619,CHEMBL2403365,ALK tyrosine kinase receptor,Wild Type,1000.0,<,nM,censored_relation
666,CHEMBL2443026,ALK tyrosine kinase receptor,Wild Type,10.0,>,nM,censored_relation
667,CHEMBL2443139,ALK tyrosine kinase receptor,Wild Type,10.0,>,nM,censored_relation
668,CHEMBL2443138,ALK tyrosine kinase receptor,Wild Type,10.0,>,nM,censored_relation
669,CHEMBL2443044,ALK tyrosine kinase receptor,Wild Type,10.0,>,nM,censored_relation
670,CHEMBL3086065,ALK tyrosine kinase receptor,Wild Type,5000.0,>,nM,censored_relation
673,CHEMBL3091723,ALK tyrosine kinase receptor,Wild Type,0.5,<,nM,censored_relation
686,CHEMBL3115499,ALK tyrosine kinase receptor,Wild Type,50000.0,>,nM,censored_relation
687,CHEMBL3115495,ALK tyrosine kinase receptor,Wild Type,50000.0,>,nM,censored_relation
688,CHEMBL3115500,ALK tyrosine kinase receptor,Wild Type,100000.0,>,nM,censored_relation
689,CHEMBL3115498,ALK tyrosine kinase receptor,Wild Type,100000.0,>,nM,censored_relation
690,CHEMBL3115491,ALK tyrosine kinase receptor,Wild Type,100000.0,>,nM,censored_relation
770,CHEMBL3218862,ALK tyrosine kinase receptor,Wild Type,10000.0,>,nM,censored_relation
771,CHEMBL3218863,ALK tyrosine kinase receptor,Wild Type,3000.0,>,nM,censored_relation
798,CHEMBL3263983,ALK tyrosine kinase receptor,Wild Type,1000.0,>,nM,censored_relation
799,CHEMBL3263984,ALK tyrosine kinase receptor,Wild Type,1000.0,>,nM,censored_relation
800,CHEMBL3263985,ALK tyrosine kinase receptor,Wild Type,1000.0,>,nM,censored_relation
801,CHEMBL3263986,ALK tyrosine kinase receptor,Wild Type,1000.0,>,nM,censored_relation
802,CHEMBL3263987,ALK tyrosine kinase receptor,Wild Type,1000.0,>,nM,censored_relation
803,CHEMBL3263988,ALK tyrosine kinase receptor,Wild Type,1000.0,>,nM,censored_relation
804,CHEMBL3263989,ALK tyrosine kinase receptor,Wild Type,1000.0,>,nM,censored_relation
868,CHEMBL3298400,ALK tyrosine kinase receptor,Wild Type,10000.0,>,nM,censored_relation
869,CHEMBL3297762,ALK tyrosine kinase receptor,Wild Type,10000.0,>,nM,censored_relation
871,CHEMBL3356907,ALK tyrosine kinase receptor,Wild Type,1000.0,>,nM,censored_relation
874,CHEMBL3357438,ALK tyrosine kinase receptor,Wild Type,1000.0,>,nM,censored_relation
879,CHEMBL3357443,ALK tyrosine kinase receptor,Wild Type,1000.0,>,nM,censored_relation
907,CHEMBL3309990,ALK tyrosine kinase receptor,Wild Type,10000.0,>,nM,censored_relation
908,CHEMBL3309995,ALK tyrosine kinase receptor,Wild Type,10000.0,>,nM,censored_relation
909,CHEMBL3309997,ALK tyrosine kinase receptor,Wild Type,10000.0,>,nM,censored_relation
910,CHEMBL3309998,ALK tyrosine kinase receptor,Wild Type,10000.0,>,nM,censored_relation
911,CHEMBL3310151,ALK tyrosine kinase receptor,Wild Type,10000.0,>,nM,censored_relation
913,CHEMBL3330878,ALK tyrosine kinase receptor,Wild Type,1000.0,>,nM,censored_relation
916,CHEMBL3330875,ALK tyrosine kinase receptor,Wild Type,1000.0,>,nM,censored_relation
918,CHEMBL3330873,ALK tyrosine kinase receptor,Wild Type,1000.0,>,nM,censored_relation
919,CHEMBL3330872,ALK tyrosine kinase receptor,Wild Type,1000.0,>,nM,censored_relation
921,CHEMBL3330870,ALK tyrosine kinase receptor,Wild Type,1000.0,>,nM,censored_relation
923,CHEMBL3330868,ALK tyrosine kinase receptor,Wild Type,1000.0,>,nM,censored_relation
924,CHEMBL3330867,ALK tyrosine kinase receptor,Wild Type,1000.0,>,nM,censored_relation
925,CHEMBL3330866,ALK tyrosine kinase receptor,Wild Type,1000.0,>,nM,censored_relation
926,CHEMBL3330865,ALK tyrosine kinase receptor,Wild Type,1000.0,>,nM,censored_relation
927,CHEMBL3330864,ALK tyrosine kinase receptor,Wild Type,1000.0,>,nM,censored_relation
929,CHEMBL3330862,ALK tyrosine kinase receptor,Wild Type,1000.0,>,nM,censored_relation
930,CHEMBL3330861,ALK tyrosine kinase receptor,Wild Type,1000.0,>,nM,censored_relation
934,CHEMBL3330857,ALK tyrosine kinase receptor,Wild Type,1000000.0,>,nM,censored_relation
935,CHEMBL3330856,ALK tyrosine kinase receptor,Wild Type,1000000.0,>,nM,censored_relation
940,CHEMBL3330851,ALK tyrosine kinase receptor,Wild Type,1000000.0,>,nM,censored_relation
943,CHEMBL3357634,ALK tyrosine kinase receptor,Wild Type,10000.0,>,nM,censored_relation
976,CHEMBL3417489,ALK tyrosine kinase receptor,Wild Type,1000.0,>,nM,censored_relation
1037,CHEMBL3606021,ALK tyrosine kinase receptor,Wild Type,10000.0,>,nM,censored_relation
1088,CHEMBL388978,ALK tyrosine kinase receptor,Wild Type,1.0,<,nM,censored_relation
1115,CHEMBL3735040,ALK tyrosine kinase receptor,Wild Type,10000.0,>,nM,censored_relation
1116,CHEMBL3735272,ALK tyrosine kinase receptor,Wild Type,10000.0,>,nM,censored_relation
1117,CHEMBL3735763,ALK tyrosine kinase receptor,Wild Type,10000.0,>,nM,censored_relation
1118,CHEMBL3734966,ALK tyrosine kinase receptor,Wild Type,10000.0,>,nM,censored_relation
1119,CHEMBL3736015,ALK tyrosine kinase receptor,Wild Type,10000.0,>,nM,censored_relation
1120,CHEMBL3735932,ALK tyrosine kinase receptor,Wild Type,10000.0,>,nM,censored_relation
1142,CHEMBL3736267,ALK tyrosine kinase receptor,L1196M,100.0,>,nM,censored_relation
1144,CHEMBL3735531,ALK tyrosine kinase receptor,L1196M,100.0,>,nM,censored_relation
1150,CHEMBL3741589,ALK tyrosine kinase receptor,Wild Type,10000.0,>,nM,censored_relation
1151,CHEMBL3651966,ALK tyrosine kinase receptor,Wild Type,10000.0,>,nM,censored_relation
1152,CHEMBL3745885,ALK tyrosine kinase receptor,Wild Type,10000.0,>,nM,censored_relation
1233,CHEMBL3786714,ALK tyrosine kinase receptor,L1196M,10000.0,>,nM,censored_relation
1234,CHEMBL3787638,ALK tyrosine kinase receptor,L1196M,10000.0,>,nM,censored_relation
1251,CHEMBL1614712,ALK tyrosine kinase receptor,Wild Type,5500.0,>,nM,censored_relation
1252,CHEMBL3787614,ALK tyrosine kinase receptor,Wild Type,10000.0,>,nM,censored_relation
1254,CHEMBL3785500,ALK tyrosine kinase receptor,Wild Type,10000.0,>,nM,censored_relation
1255,CHEMBL3786167,ALK tyrosine kinase receptor,Wild Type,10000.0,>,nM,censored_relation
1256,CHEMBL3785951,ALK tyrosine kinase receptor,Wild Type,10000.0,>,nM,censored_relation
1257,CHEMBL513703,ALK tyrosine kinase receptor,Wild Type,10000.0,>,nM,censored_relation
1258,CHEMBL3797480,ALK tyrosine kinase receptor,Wild Type,10000.0,>,nM,censored_relation
1259,CHEMBL3799585,ALK tyrosine kinase receptor,Wild Type,10000.0,>,nM,censored_relation
1260,CHEMBL3798631,ALK tyrosine kinase receptor,Wild Type,1000.0,>,nM,censored_relation
1261,CHEMBL3798257,ALK tyrosine kinase receptor,Wild Type,1000.0,>,nM,censored_relation
1289,CHEMBL2386789,ALK tyrosine kinase receptor,Wild Type,10000.0,>,nM,censored_relation
1290,CHEMBL2386795,ALK tyrosine kinase receptor,Wild Type,10000.0,>,nM,censored_relation
1301,CHEMBL3809012,ALK tyrosine kinase receptor,Wild Type,10000.0,>,nM,censored_relation
1302,CHEMBL3818247,ALK tyrosine kinase receptor,Wild Type,30000.0,>,nM,censored_relation
1424,CHEMBL3931223,ALK tyrosine kinase receptor,Wild Type,3333.0,>,nM,censored_relation
1486,CHEMBL3694577,ALK tyrosine kinase receptor,Wild Type,1000.0,>,nM,censored_relation
1488,CHEMBL3694579,ALK tyrosine kinase receptor,Wild Type,10000.0,>,nM,censored_relation
1489,CHEMBL3694580,ALK tyrosine kinase receptor,Wild Type,10000.0,>,nM,censored_relation
1491,CHEMBL3694582,ALK tyrosine kinase receptor,Wild Type,10000.0,>,nM,censored_relation
1493,CHEMBL3694584,ALK tyrosine kinase receptor,Wild Type,10000.0,>,nM,censored_relation
1495,CHEMBL3694586,ALK tyrosine kinase receptor,Wild Type,1000.0,>,nM,censored_relation
1496,CHEMBL3694587,ALK tyrosine kinase receptor,Wild Type,10000.0,>,nM,censored_relation
1497,CHEMBL3694588,ALK tyrosine kinase receptor,Wild Type,10000.0,>,nM,censored_relation
1498,CHEMBL3694589,ALK tyrosine kinase receptor,Wild Type,10000.0,>,nM,censored_relation
1500,CHEMBL3694591,ALK tyrosine kinase receptor,Wild Type,1000.0,>,nM,censored_relation
1502,CHEMBL3694593,ALK tyrosine kinase receptor,Wild Type,1000.0,>,nM,censored_relation
1503,CHEMBL3694594,ALK tyrosine kinase receptor,Wild Type,1000.0,>,nM,censored_relation
1504,CHEMBL3694595,ALK tyrosine kinase receptor,Wild Type,1000.0,>,nM,censored_relation
1848,CHEMBL2376648,ALK tyrosine kinase receptor,Wild Type,1.0,<,nM,censored_relation
1849,CHEMBL4108280,ALK tyrosine kinase receptor,Wild Type,1.0,<,nM,censored_relation
1850,CHEMBL4110651,ALK tyrosine kinase receptor,Wild Type,1.0,<,nM,censored_relation
1851,CHEMBL4111113,ALK tyrosine kinase receptor,Wild Type,1.0,<,nM,censored_relation
1852,CHEMBL4107802,ALK tyrosine kinase receptor,Wild Type,1.0,<,nM,censored_relation
1853,CHEMBL4113131,ALK tyrosine kinase receptor,Wild Type,1.0,<,nM,censored_relation
1854,CHEMBL3981567,ALK tyrosine kinase receptor,Wild Type,630.0,>,nM,censored_relation
1901,CHEMBL3934090,ALK tyrosine kinase receptor,Wild Type,1000.0,>,nM,censored_relation
1904,CHEMBL3890523,ALK tyrosine kinase receptor,Wild Type,1000.0,>,nM,censored_relation
1905,CHEMBL3945208,ALK tyrosine kinase receptor,Wild Type,1000.0,>,nM,censored_relation
1930,CHEMBL3939064,ALK tyrosine kinase receptor,Wild Type,1000.0,>,nM,censored_relation
2014,CHEMBL4113696,ALK tyrosine kinase receptor,Wild Type,1.2,<,nM,censored_relation
2019,CHEMBL601719,ALK tyrosine kinase receptor,Wild Type,1.2,<,nM,censored_relation
2186,CHEMBL4078893,ALK tyrosine kinase receptor,Wild Type,10000.0,>,nM,censored_relation
2188,CHEMBL4069365,ALK tyrosine kinase receptor,Wild Type,10000.0,>,nM,censored_relation
2199,CHEMBL4100875,ALK tyrosine kinase receptor,Wild Type,10000.0,>,nM,censored_relation
2213,CHEMBL4100875,ALK tyrosine kinase receptor,L1196M,10000.0,>,nM,censored_relation
2218,CHEMBL4074262,ALK tyrosine kinase receptor,Wild Type,30000.0,>,nM,censored_relation
2303,CHEMBL1230609,ALK tyrosine kinase receptor,Wild Type,3000.0,>,nM,censored_relation
2323,CHEMBL4170808,ALK tyrosine kinase receptor,Wild Type,10000.0,>,nM,censored_relation
2333,CHEMBL4169356,ALK tyrosine kinase receptor,Wild Type,10000.0,>,nM,censored_relation
2334,CHEMBL4177198,ALK tyrosine kinase receptor,Wild Type,10000.0,>,nM,censored_relation
2336,CHEMBL4166996,ALK tyrosine kinase receptor,Wild Type,10000.0,>,nM,censored_relation
2337,CHEMBL4162485,ALK tyrosine kinase receptor,Wild Type,10000.0,>,nM,censored_relation
2338,CHEMBL4170404,ALK tyrosine kinase receptor,Wild Type,10000.0,>,nM,censored_relation
2349,CHEMBL4163582,ALK tyrosine kinase receptor,Wild Type,10000.0,>,nM,censored_relation
2351,CHEMBL4168963,ALK tyrosine kinase receptor,Wild Type,10000.0,>,nM,censored_relation
2371,CHEMBL601719,ALK tyrosine kinase receptor,G1202R,9000.0,>,nM,censored_relation
2381,CHEMBL4177392,ALK tyrosine kinase receptor,Wild Type,1000.0,>,nM,censored_relation
2386,CHEMBL4166111,ALK tyrosine kinase receptor,Wild Type,1000.0,>,nM,censored_relation
2425,CHEMBL4228654,ALK tyrosine kinase receptor,Wild Type,30000.0,>,nM,censored_relation
2447,CHEMBL601719,ALK tyrosine kinase receptor,G1202R,1000000.0,>,nM,censored_relation
2449,CHEMBL4446835,ALK tyrosine kinase receptor,Wild Type,1000.0,>,nM,censored_relation
2450,CHEMBL4541330,ALK tyrosine kinase receptor,Wild Type,1000.0,>,nM,censored_relation
2452,CHEMBL4587222,ALK tyrosine kinase receptor,Wild Type,10000.0,>,nM,censored_relation
2455,CHEMBL4475216,ALK tyrosine kinase receptor,Wild Type,10000.0,>,nM,censored_relation
2456,CHEMBL4533153,ALK tyrosine kinase receptor,Wild Type,10000.0,>,nM,censored_relation
2495,CHEMBL4470277,ALK tyrosine kinase receptor,Wild Type,10000.0,>,nM,censored_relation
2505,CHEMBL4462189,ALK tyrosine kinase receptor,Wild Type,2000.0,>,nM,censored_relation
2507,CHEMBL4466808,ALK tyrosine kinase receptor,Wild Type,2000.0,>,nM,censored_relation
2508,CHEMBL4461143,ALK tyrosine kinase receptor,Wild Type,2000.0,>,nM,censored_relation
2509,CHEMBL4578001,ALK tyrosine kinase receptor,Wild Type,2000.0,>,nM,censored_relation
2523,CHEMBL4513978,ALK tyrosine kinase receptor,Wild Type,2000.0,>,nM,censored_relation
2547,CHEMBL4113131,ALK tyrosine kinase receptor,Wild Type,0.4,<,nM,censored_relation
2559,CHEMBL4438748,ALK tyrosine kinase receptor,Wild Type,10000.0,>,nM,censored_relation
2574,CHEMBL4475243,ALK tyrosine kinase receptor,Wild Type,1000.0,>,nM,censored_relation
2663,CHEMBL513909,ALK tyrosine kinase receptor,F1174L,9400.0,>,nM,censored_relation
2683,CHEMBL601719,ALK tyrosine kinase receptor,G1202R,500.0,>,nM,censored_relation
2687,CHEMBL4068255,ALK tyrosine kinase receptor,Wild Type,30000.0,>,nM,censored_relation
2688,CHEMBL4645353,ALK tyrosine kinase receptor,Wild Type,10000.0,>,nM,censored_relation
2755,CHEMBL4757803,ALK tyrosine kinase receptor,Wild Type,50000.0,>,nM,censored_relation
2859,CHEMBL4787280,ALK tyrosine kinase receptor,Wild Type,25000.0,>,nM,censored_relation
2906,CHEMBL4799113,ALK tyrosine kinase receptor,Wild Type,10000.0,>,nM,censored_relation
2907,CHEMBL1230609,ALK tyrosine kinase receptor,Wild Type,5000.0,>,nM,censored_relation
2923,CHEMBL4873571,ALK tyrosine kinase receptor,Wild Type,1000.0,>,nM,censored_relation
2926,CHEMBL2403108,ALK tyrosine kinase receptor,Wild Type,1.0,<,nM,censored_relation
2935,CHEMBL4556790,ALK tyrosine kinase receptor,Wild Type,10000.0,>,nM,censored_relation
2936,CHEMBL4876497,ALK tyrosine kinase receptor,Wild Type,1000.0,>,nM,censored_relation
2978,CHEMBL4457566,ALK tyrosine kinase receptor,Wild Type,10000.0,>,nM,censored_relation
3006,CHEMBL1825138,ALK tyrosine kinase receptor,L1196M,10000.0,>,nM,censored_relation
3010,CHEMBL3944913,ALK tyrosine kinase receptor,L1196M,10000.0,>,nM,censored_relation
3019,CHEMBL5170258,ALK tyrosine kinase receptor,L1196M,10000.0,>,nM,censored_relation
3020,CHEMBL5182390,ALK tyrosine kinase receptor,L1196M,10000.0,>,nM,censored_relation
3021,CHEMBL5177991,ALK tyrosine kinase receptor,L1196M,10000.0,>,nM,censored_relation
3022,CHEMBL5184290,ALK tyrosine kinase receptor,L1196M,10000.0,>,nM,censored_relation
3024,CHEMBL5180923,ALK tyrosine kinase receptor,L1196M,10000.0,>,nM,censored_relation
3025,CHEMBL5172527,ALK tyrosine kinase receptor,L1196M,10000.0,>,nM,censored_relation
3026,CHEMBL3983825,ALK tyrosine kinase receptor,L1196M,10000.0,>,nM,censored_relation
3030,CHEMBL5201289,ALK tyrosine kinase receptor,Wild Type,10000.0,>,nM,censored_relation
3031,CHEMBL5199160,ALK tyrosine kinase receptor,Wild Type,10000.0,>,nM,censored_relation
3036,CHEMBL3944913,ALK tyrosine kinase receptor,Wild Type,10000.0,>,nM,censored_relation
3044,CHEMBL5209432,ALK tyrosine kinase receptor,Wild Type,10000.0,>,nM,censored_relation
3047,CHEMBL5170258,ALK tyrosine kinase receptor,Wild Type,10000.0,>,nM,censored_relation
3049,CHEMBL5177991,ALK tyrosine kinase receptor,Wild Type,10000.0,>,nM,censored_relation
3050,CHEMBL5184290,ALK tyrosine kinase receptor,Wild Type,10000.0,>,nM,censored_relation
3052,CHEMBL3931540,ALK tyrosine kinase receptor,Wild Type,10000.0,>,nM,censored_relation
3053,CHEMBL5180923,ALK tyrosine kinase receptor,Wild Type,10000.0,>,nM,censored_relation
3054,CHEMBL5172527,ALK tyrosine kinase receptor,Wild Type,10000.0,>,nM,censored_relation
3103,CHEMBL5175979,ALK tyrosine kinase receptor,Wild Type,100.0,>,nM,censored_relation
3104,CHEMBL5189267,ALK tyrosine kinase receptor,Wild Type,100.0,>,nM,censored_relation
3105,CHEMBL5199475,ALK tyrosine kinase receptor,Wild Type,100.0,>,nM,censored_relation
3109,CHEMBL5179387,ALK tyrosine kinase receptor,Wild Type,100.0,>,nM,censored_relation
3110,CHEMBL5178846,ALK tyrosine kinase receptor,Wild Type,100.0,>,nM,censored_relation
3112,CHEMBL5185272,ALK tyrosine kinase receptor,Wild Type,100.0,>,nM,censored_relation
3118,CHEMBL5199005,ALK tyrosine kinase receptor,G1202R,200.0,>,nM,censored_relation
3125,CHEMBL5186063,ALK tyrosine kinase receptor,Wild Type,10000.0,>,nM,censored_relation
3129,CHEMBL2001019,ALK tyrosine kinase receptor,Wild Type,10000.0,>,nM,censored_relation
3239,CHEMBL5440517,ALK tyrosine kinase receptor,Wild Type,10000.0,>,nM,censored_relation
3243,CHEMBL1852688,ALK tyrosine kinase receptor,Wild Type,10000.0,>,nM,censored_relation
3245,CHEMBL3643413,ALK tyrosine kinase receptor,Wild Type,10000.0,>,nM,censored_relation
1,CHEMBL185238,Serine/threonine-protein kinase B-raf,Wild Type,16000.0,>,nM,censored_relation
21,CHEMBL199892,Serine/threonine-protein kinase B-raf,Wild Type,100000.0,>,nM,censored_relation
24,CHEMBL200130,Serine/threonine-protein kinase B-raf,Wild Type,100000.0,>,nM,censored_relation
27,CHEMBL433992,Serine/threonine-protein kinase B-raf,Wild Type,100000.0,>,nM,censored_relation
35,CHEMBL199605,Serine/threonine-protein kinase B-raf,Wild Type,100000.0,>,nM,censored_relation
44,CHEMBL198348,Serine/threonine-protein kinase B-raf,Wild Type,100000.0,>,nM,censored_relation
55,CHEMBL199805,Serine/threonine-protein kinase B-raf,Wild Type,100000.0,>,nM,censored_relation
63,CHEMBL433992,Serine/threonine-protein kinase B-raf,Wild Type,100000.0,>,nM,censored_relation
67,CHEMBL199605,Serine/threonine-protein kinase B-raf,Wild Type,100000.0,>,nM,censored_relation
126,CHEMBL404630,Serine/threonine-protein kinase B-raf,Wild Type,20000.0,>,nM,censored_relation
166,CHEMBL524643,Serine/threonine-protein kinase B-raf,Wild Type,2.0,<,nM,censored_relation
225,CHEMBL484917,Serine/threonine-protein kinase B-raf,V600E,100000.0,>,nM,censored_relation
247,CHEMBL520330,Serine/threonine-protein kinase B-raf,V600E,100000.0,>,nM,censored_relation
270,CHEMBL459515,Serine/threonine-protein kinase B-raf,Wild Type,100000.0,>,nM,censored_relation
274,CHEMBL459936,Serine/threonine-protein kinase B-raf,Wild Type,50000.0,>,nM,censored_relation
285,CHEMBL462046,Serine/threonine-protein kinase B-raf,Wild Type,100000.0,>,nM,censored_relation
286,CHEMBL459715,Serine/threonine-protein kinase B-raf,Wild Type,100000.0,>,nM,censored_relation
287,CHEMBL459714,Serine/threonine-protein kinase B-raf,Wild Type,100000.0,>,nM,censored_relation
288,CHEMBL459500,Serine/threonine-protein kinase B-raf,Wild Type,100000.0,>,nM,censored_relation
289,CHEMBL460344,Serine/threonine-protein kinase B-raf,Wild Type,100000.0,>,nM,censored_relation
290,CHEMBL516808,Serine/threonine-protein kinase B-raf,Wild Type,100000.0,>,nM,censored_relation
291,CHEMBL509283,Serine/threonine-protein kinase B-raf,Wild Type,100000.0,>,nM,censored_relation
292,CHEMBL461621,Serine/threonine-protein kinase B-raf,Wild Type,100000.0,>,nM,censored_relation
293,CHEMBL516494,Serine/threonine-protein kinase B-raf,Wild Type,100000.0,>,nM,censored_relation
294,CHEMBL462280,Serine/threonine-protein kinase B-raf,Wild Type,100000.0,>,nM,censored_relation
295,CHEMBL462279,Serine/threonine-protein kinase B-raf,Wild Type,100000.0,>,nM,censored_relation
296,CHEMBL462071,Serine/threonine-protein kinase B-raf,Wild Type,100000.0,>,nM,censored_relation
297,CHEMBL516655,Serine/threonine-protein kinase B-raf,Wild Type,100000.0,>,nM,censored_relation
298,CHEMBL459736,Serine/threonine-protein kinase B-raf,Wild Type,100000.0,>,nM,censored_relation
299,CHEMBL516807,Serine/threonine-protein kinase B-raf,Wild Type,100000.0,>,nM,censored_relation
300,CHEMBL502945,Serine/threonine-protein kinase B-raf,Wild Type,100000.0,>,nM,censored_relation
322,CHEMBL486164,Serine/threonine-protein kinase B-raf,V600E,25000.0,>,nM,censored_relation
333,CHEMBL504547,Serine/threonine-protein kinase B-raf,Wild Type,10000.0,>,nM,censored_relation
348,CHEMBL476067,Serine/threonine-protein kinase B-raf,V600E,100000.0,>,nM,censored_relation
349,CHEMBL476066,Serine/threonine-protein kinase B-raf,V600E,100000.0,>,nM,censored_relation
352,CHEMBL477062,Serine/threonine-protein kinase B-raf,V600E,100000.0,>,nM,censored_relation
353,CHEMBL476859,Serine/threonine-protein kinase B-raf,V600E,100000.0,>,nM,censored_relation
357,CHEMBL485300,Serine/threonine-protein kinase B-raf,V600E,100000.0,>,nM,censored_relation
358,CHEMBL485299,Serine/threonine-protein kinase B-raf,V600E,100000.0,>,nM,censored_relation
359,CHEMBL489649,Serine/threonine-protein kinase B-raf,V600E,100000.0,>,nM,censored_relation
361,CHEMBL489648,Serine/threonine-protein kinase B-raf,V600E,100000.0,>,nM,censored_relation
364,CHEMBL522582,Serine/threonine-protein kinase B-raf,V600E,100000.0,>,nM,censored_relation
367,CHEMBL489842,Serine/threonine-protein kinase B-raf,V600E,100000.0,>,nM,censored_relation
368,CHEMBL489841,Serine/threonine-protein kinase B-raf,V600E,100000.0,>,nM,censored_relation
372,CHEMBL489229,Serine/threonine-protein kinase B-raf,V600E,100000.0,>,nM,censored_relation
377,CHEMBL519982,Serine/threonine-protein kinase B-raf,V600E,1.6,=,ug.mL-1,non_nanomolar_unit
378,CHEMBL521470,Serine/threonine-protein kinase B-raf,V600E,6.7,=,ug.mL-1,non_nanomolar_unit
379,CHEMBL519395,Serine/threonine-protein kinase B-raf,V600E,9.0,=,ug.mL-1,non_nanomolar_unit
380,CHEMBL408995,Serine/threonine-protein kinase B-raf,V600E,10.0,>,ug.mL-1,censored_relation
381,CHEMBL507058,Serine/threonine-protein kinase B-raf,V600E,10.0,>,ug.mL-1,censored_relation
382,CHEMBL483532,Serine/threonine-protein kinase B-raf,V600E,7.4,=,ug.mL-1,non_nanomolar_unit
383,CHEMBL483531,Serine/threonine-protein kinase B-raf,V600E,3.3,=,ug.mL-1,non_nanomolar_unit
384,CHEMBL520144,Serine/threonine-protein kinase B-raf,V600E,1.5,=,ug.mL-1,non_nanomolar_unit
385,CHEMBL483526,Serine/threonine-protein kinase B-raf,V600E,4.8,=,ug.mL-1,non_nanomolar_unit
386,CHEMBL483525,Serine/threonine-protein kinase B-raf,V600E,0.74,=,ug.mL-1,non_nanomolar_unit
393,CHEMBL466397,Serine/threonine-protein kinase B-raf,V600E,2000.0,>,nM,censored_relation
435,CHEMBL519693,Serine/threonine-protein kinase B-raf,Wild Type,10000.0,>,nM,censored_relation
436,CHEMBL484967,Serine/threonine-protein kinase B-raf,Wild Type,10000.0,>,nM,censored_relation
437,CHEMBL484968,Serine/threonine-protein kinase B-raf,Wild Type,10000.0,>,nM,censored_relation
441,CHEMBL516640,Serine/threonine-protein kinase B-raf,Wild Type,10000.0,>,nM,censored_relation
442,CHEMBL496409,Serine/threonine-protein kinase B-raf,V600E,10000.0,>,nM,censored_relation
443,CHEMBL521557,Serine/threonine-protein kinase B-raf,V600E,10000.0,>,nM,censored_relation
444,CHEMBL523229,Serine/threonine-protein kinase B-raf,V600E,100000.0,>,nM,censored_relation
445,CHEMBL524812,Serine/threonine-protein kinase B-raf,V600E,100000.0,>,nM,censored_relation
446,CHEMBL498113,Serine/threonine-protein kinase B-raf,V600E,100000.0,>,nM,censored_relation
447,CHEMBL521557,Serine/threonine-protein kinase B-raf,V600E,100000.0,>,nM,censored_relation
448,CHEMBL496409,Serine/threonine-protein kinase B-raf,V600E,100000.0,>,nM,censored_relation
521,CHEMBL512054,Serine/threonine-protein kinase B-raf,V600E,10.0,>,ug.mL-1,censored_relation
522,CHEMBL556684,Serine/threonine-protein kinase B-raf,V600E,10.0,>,ug.mL-1,censored_relation
523,CHEMBL554993,Serine/threonine-protein kinase B-raf,V600E,6.5,=,ug.mL-1,non_nanomolar_unit
524,CHEMBL463054,Serine/threonine-protein kinase B-raf,V600E,6.4,=,ug.mL-1,non_nanomolar_unit
528,CHEMBL551371,Serine/threonine-protein kinase B-raf,Wild Type,10000.0,>,nM,censored_relation
529,CHEMBL564268,Serine/threonine-protein kinase B-raf,Wild Type,10000.0,>,nM,censored_relation
533,CHEMBL561567,Serine/threonine-protein kinase B-raf,Wild Type,10000.0,>,nM,censored_relation
534,CHEMBL561445,Serine/threonine-protein kinase B-raf,Wild Type,10000.0,>,nM,censored_relation
535,CHEMBL560903,Serine/threonine-protein kinase B-raf,Wild Type,10000.0,>,nM,censored_relation
536,CHEMBL560707,Serine/threonine-protein kinase B-raf,Wild Type,10000.0,>,nM,censored_relation
540,CHEMBL561043,Serine/threonine-protein kinase B-raf,Wild Type,10000.0,>,nM,censored_relation
541,CHEMBL551176,Serine/threonine-protein kinase B-raf,Wild Type,10000.0,>,nM,censored_relation
544,CHEMBL551173,Serine/threonine-protein kinase B-raf,Wild Type,10000.0,>,nM,censored_relation
545,CHEMBL563229,Serine/threonine-protein kinase B-raf,Wild Type,10000.0,>,nM,censored_relation
549,CHEMBL549822,Serine/threonine-protein kinase B-raf,Wild Type,10000.0,>,nM,censored_relation
551,CHEMBL551300,Serine/threonine-protein kinase B-raf,Wild Type,10000.0,>,nM,censored_relation
552,CHEMBL554279,Serine/threonine-protein kinase B-raf,Wild Type,10000.0,>,nM,censored_relation
553,CHEMBL559280,Serine/threonine-protein kinase B-raf,Wild Type,10000.0,>,nM,censored_relation
554,CHEMBL549411,Serine/threonine-protein kinase B-raf,Wild Type,10000.0,>,nM,censored_relation
555,CHEMBL562501,Serine/threonine-protein kinase B-raf,Wild Type,10000.0,>,nM,censored_relation
556,CHEMBL559650,Serine/threonine-protein kinase B-raf,Wild Type,10000.0,>,nM,censored_relation
590,CHEMBL570431,Serine/threonine-protein kinase B-raf,Wild Type,2.0,<,nM,censored_relation
591,CHEMBL570421,Serine/threonine-protein kinase B-raf,Wild Type,0.3,<,nM,censored_relation
601,CHEMBL569312,Serine/threonine-protein kinase B-raf,Wild Type,2.0,<,nM,censored_relation
605,CHEMBL570416,Serine/threonine-protein kinase B-raf,Wild Type,1000.0,>,nM,censored_relation
606,CHEMBL568856,Serine/threonine-protein kinase B-raf,Wild Type,1000.0,>,nM,censored_relation
607,CHEMBL569534,Serine/threonine-protein kinase B-raf,Wild Type,1000.0,>,nM,censored_relation
638,CHEMBL591257,Serine/threonine-protein kinase B-raf,V600E,100000.0,>,nM,censored_relation
640,CHEMBL589802,Serine/threonine-protein kinase B-raf,V600E,100000.0,>,nM,censored_relation
641,CHEMBL591492,Serine/threonine-protein kinase B-raf,V600E,100000.0,>,nM,censored_relation
642,CHEMBL606189,Serine/threonine-protein kinase B-raf,V600E,100000.0,>,nM,censored_relation
643,CHEMBL596788,Serine/threonine-protein kinase B-raf,V600E,100000.0,>,nM,censored_relation
644,CHEMBL599861,Serine/threonine-protein kinase B-raf,V600E,100000.0,>,nM,censored_relation
645,CHEMBL603674,Serine/threonine-protein kinase B-raf,V600E,100000.0,>,nM,censored_relation
646,CHEMBL603253,Serine/threonine-protein kinase B-raf,V600E,100000.0,>,nM,censored_relation
647,CHEMBL597619,Serine/threonine-protein kinase B-raf,V600E,100000.0,>,nM,censored_relation
648,CHEMBL604919,Serine/threonine-protein kinase B-raf,V600E,100000.0,>,nM,censored_relation
649,CHEMBL597617,Serine/threonine-protein kinase B-raf,V600E,100000.0,>,nM,censored_relation
650,CHEMBL598019,Serine/threonine-protein kinase B-raf,V600E,100000.0,>,nM,censored_relation
651,CHEMBL599048,Serine/threonine-protein kinase B-raf,V600E,100000.0,>,nM,censored_relation
652,CHEMBL599661,Serine/threonine-protein kinase B-raf,V600E,100000.0,>,nM,censored_relation
653,CHEMBL592616,Serine/threonine-protein kinase B-raf,V600E,100000.0,>,nM,censored_relation
654,CHEMBL598835,Serine/threonine-protein kinase B-raf,V600E,100000.0,>,nM,censored_relation
655,CHEMBL598834,Serine/threonine-protein kinase B-raf,V600E,100000.0,>,nM,censored_relation
656,CHEMBL596984,Serine/threonine-protein kinase B-raf,V600E,100000.0,>,nM,censored_relation
704,CHEMBL597388,Serine/threonine-protein kinase B-raf,V600E,100000.0,>,nM,censored_relation
705,CHEMBL598856,Serine/threonine-protein kinase B-raf,V600E,100000.0,>,nM,censored_relation
706,CHEMBL598652,Serine/threonine-protein kinase B-raf,V600E,100000.0,>,nM,censored_relation
707,CHEMBL604919,Serine/threonine-protein kinase B-raf,V600E,100000.0,>,nM,censored_relation
708,CHEMBL597617,Serine/threonine-protein kinase B-raf,V600E,100000.0,>,nM,censored_relation
709,CHEMBL598019,Serine/threonine-protein kinase B-raf,V600E,100000.0,>,nM,censored_relation
710,CHEMBL598836,Serine/threonine-protein kinase B-raf,V600E,100000.0,>,nM,censored_relation
711,CHEMBL591263,Serine/threonine-protein kinase B-raf,V600E,100000.0,>,nM,censored_relation
712,CHEMBL591258,Serine/threonine-protein kinase B-raf,V600E,100000.0,>,nM,censored_relation
713,CHEMBL597399,Serine/threonine-protein kinase B-raf,V600E,100000.0,>,nM,censored_relation
714,CHEMBL598625,Serine/threonine-protein kinase B-raf,V600E,100000.0,>,nM,censored_relation
715,CHEMBL599439,Serine/threonine-protein kinase B-raf,V600E,100000.0,>,nM,censored_relation
716,CHEMBL599041,Serine/threonine-protein kinase B-raf,V600E,10000.0,>,nM,censored_relation
717,CHEMBL596788,Serine/threonine-protein kinase B-raf,V600E,10000.0,>,nM,censored_relation
718,CHEMBL599861,Serine/threonine-protein kinase B-raf,V600E,10000.0,>,nM,censored_relation
719,CHEMBL603674,Serine/threonine-protein kinase B-raf,V600E,10000.0,>,nM,censored_relation
720,CHEMBL599661,Serine/threonine-protein kinase B-raf,V600E,10000.0,>,nM,censored_relation
721,CHEMBL603679,Serine/threonine-protein kinase B-raf,V600E,10000.0,>,nM,censored_relation
722,CHEMBL604705,Serine/threonine-protein kinase B-raf,V600E,10000.0,>,nM,censored_relation
774,CHEMBL599041,Serine/threonine-protein kinase B-raf,V600E,100000.0,>,nM,censored_relation
775,CHEMBL603253,Serine/threonine-protein kinase B-raf,V600E,100000.0,>,nM,censored_relation
796,CHEMBL1080833,Serine/threonine-protein kinase B-raf,Wild Type,0.32,<,nM,censored_relation
802,CHEMBL1087001,Serine/threonine-protein kinase B-raf,Wild Type,0.32,<,nM,censored_relation
803,CHEMBL1088437,Serine/threonine-protein kinase B-raf,Wild Type,0.32,<,nM,censored_relation
804,CHEMBL1088438,Serine/threonine-protein kinase B-raf,Wild Type,0.32,<,nM,censored_relation
805,CHEMBL1088439,Serine/threonine-protein kinase B-raf,Wild Type,0.32,<,nM,censored_relation
807,CHEMBL1086882,Serine/threonine-protein kinase B-raf,Wild Type,0.32,<,nM,censored_relation
808,CHEMBL1087013,Serine/threonine-protein kinase B-raf,Wild Type,0.32,<,nM,censored_relation
809,CHEMBL1080931,Serine/threonine-protein kinase B-raf,Wild Type,0.32,<,nM,censored_relation
810,CHEMBL1081283,Serine/threonine-protein kinase B-raf,Wild Type,0.32,<,nM,censored_relation
811,CHEMBL1081284,Serine/threonine-protein kinase B-raf,Wild Type,0.32,<,nM,censored_relation
824,CHEMBL1080445,Serine/threonine-protein kinase B-raf,Wild Type,10000.0,>,nM,censored_relation
851,CHEMBL1087421,Serine/threonine-protein kinase B-raf,Wild Type,10000.0,>,nM,censored_relation
852,CHEMBL1088633,Serine/threonine-protein kinase B-raf,Wild Type,10000.0,>,nM,censored_relation
853,CHEMBL1090803,Serine/threonine-protein kinase B-raf,Wild Type,10000.0,>,nM,censored_relation
857,CHEMBL1090144,Serine/threonine-protein kinase B-raf,Wild Type,10000.0,>,nM,censored_relation
859,CHEMBL1091544,Serine/threonine-protein kinase B-raf,Wild Type,10000.0,>,nM,censored_relation
860,CHEMBL1091522,Serine/threonine-protein kinase B-raf,Wild Type,10000.0,>,nM,censored_relation
952,CHEMBL1092538,Serine/threonine-protein kinase B-raf,Wild Type,10000.0,>,nM,censored_relation
953,CHEMBL1089412,Serine/threonine-protein kinase B-raf,Wild Type,10000.0,>,nM,censored_relation
954,CHEMBL1089410,Serine/threonine-protein kinase B-raf,Wild Type,10000.0,>,nM,censored_relation
958,CHEMBL1091500,Serine/threonine-protein kinase B-raf,Wild Type,10000.0,>,nM,censored_relation
960,CHEMBL1093104,Serine/threonine-protein kinase B-raf,Wild Type,10000.0,>,nM,censored_relation
1054,CHEMBL1213756,Serine/threonine-protein kinase B-raf,V600E,10000.0,>,nM,censored_relation
1057,CHEMBL1213759,Serine/threonine-protein kinase B-raf,V600E,10000.0,>,nM,censored_relation
1070,CHEMBL1213755,Serine/threonine-protein kinase B-raf,V600E,10000.0,>,nM,censored_relation
1090,CHEMBL1214130,Serine/threonine-protein kinase B-raf,V600E,10000.0,>,nM,censored_relation
1097,CHEMBL1214137,Serine/threonine-protein kinase B-raf,V600E,100000.0,>,nM,censored_relation
1121,CHEMBL1214504,Serine/threonine-protein kinase B-raf,V600E,100000.0,>,nM,censored_relation
1142,CHEMBL941,Serine/threonine-protein kinase B-raf,Wild Type,100000.0,>,nM,censored_relation
1145,CHEMBL1213922,Serine/threonine-protein kinase B-raf,Wild Type,100000.0,>,nM,censored_relation
1146,CHEMBL1213923,Serine/threonine-protein kinase B-raf,Wild Type,100000.0,>,nM,censored_relation
1148,CHEMBL1213925,Serine/threonine-protein kinase B-raf,Wild Type,1.0,<,nM,censored_relation
1151,CHEMBL1213975,Serine/threonine-protein kinase B-raf,Wild Type,100000.0,>,nM,censored_relation
1156,CHEMBL1253868,Serine/threonine-protein kinase B-raf,V600E,10000.0,>,nM,censored_relation
1160,CHEMBL1254044,Serine/threonine-protein kinase B-raf,V600E,10000.0,>,nM,censored_relation
1162,CHEMBL1254135,Serine/threonine-protein kinase B-raf,V600E,10000.0,>,nM,censored_relation
1169,CHEMBL1254470,Serine/threonine-protein kinase B-raf,V600E,10000.0,>,nM,censored_relation
1172,CHEMBL1253868,Serine/threonine-protein kinase B-raf,V600E,100000.0,>,nM,censored_relation
1185,CHEMBL1254470,Serine/threonine-protein kinase B-raf,V600E,10000.0,>,nM,censored_relation
1190,CHEMBL1276196,Serine/threonine-protein kinase B-raf,Wild Type,0.32,<,nM,censored_relation
1191,CHEMBL1276195,Serine/threonine-protein kinase B-raf,Wild Type,0.32,<,nM,censored_relation
1192,CHEMBL1276194,Serine/threonine-protein kinase B-raf,Wild Type,0.32,<,nM,censored_relation
1193,CHEMBL1276193,Serine/threonine-protein kinase B-raf,Wild Type,0.32,<,nM,censored_relation
1194,CHEMBL1276184,Serine/threonine-protein kinase B-raf,Wild Type,0.32,<,nM,censored_relation
1195,CHEMBL1276171,Serine/threonine-protein kinase B-raf,Wild Type,0.32,<,nM,censored_relation
1196,CHEMBL1276170,Serine/threonine-protein kinase B-raf,Wild Type,0.1,<,nM,censored_relation
1197,CHEMBL1276185,Serine/threonine-protein kinase B-raf,Wild Type,0.1,<,nM,censored_relation
1222,CHEMBL1288582,Serine/threonine-protein kinase B-raf,Wild Type,30000.0,>,nM,censored_relation
1268,CHEMBL1668915,Serine/threonine-protein kinase B-raf,V600E,2.0,<,nM,censored_relation
1269,CHEMBL1667925,Serine/threonine-protein kinase B-raf,V600E,2.0,<,nM,censored_relation
1273,CHEMBL1668919,Serine/threonine-protein kinase B-raf,V600E,2.0,<,nM,censored_relation
1274,CHEMBL1668920,Serine/threonine-protein kinase B-raf,V600E,2.0,<,nM,censored_relation
1275,CHEMBL1668921,Serine/threonine-protein kinase B-raf,V600E,2.0,<,nM,censored_relation
1298,CHEMBL1448,Serine/threonine-protein kinase B-raf,Wild Type,100000.0,>,nM,censored_relation
1299,CHEMBL1448,Serine/threonine-protein kinase B-raf,V600E,100000.0,>,nM,censored_relation
1323,CHEMBL1780148,Serine/threonine-protein kinase B-raf,Wild Type,1000.0,>,nM,censored_relation
1325,CHEMBL1780150,Serine/threonine-protein kinase B-raf,Wild Type,1000.0,>,nM,censored_relation
1331,CHEMBL1780156,Serine/threonine-protein kinase B-raf,Wild Type,1000.0,>,nM,censored_relation
1334,CHEMBL1780158,Serine/threonine-protein kinase B-raf,Wild Type,1000.0,>,nM,censored_relation
1339,CHEMBL1780163,Serine/threonine-protein kinase B-raf,Wild Type,1000.0,>,nM,censored_relation
1340,CHEMBL1780164,Serine/threonine-protein kinase B-raf,Wild Type,1000.0,>,nM,censored_relation
1416,CHEMBL1779296,Serine/threonine-protein kinase B-raf,V600E,25000.0,>,nM,censored_relation
1478,CHEMBL1782353,Serine/threonine-protein kinase B-raf,V600E,10000.0,>,nM,censored_relation
1503,CHEMBL1782183,Serine/threonine-protein kinase B-raf,V600E,10000.0,>,nM,censored_relation
1505,CHEMBL1782181,Serine/threonine-protein kinase B-raf,V600E,10000.0,>,nM,censored_relation
1547,CHEMBL1782177,Serine/threonine-protein kinase B-raf,V600E,10000.0,>,nM,censored_relation
1548,CHEMBL1782176,Serine/threonine-protein kinase B-raf,V600E,10000.0,>,nM,censored_relation
1550,CHEMBL1782174,Serine/threonine-protein kinase B-raf,V600E,10000.0,>,nM,censored_relation
1551,CHEMBL1782173,Serine/threonine-protein kinase B-raf,V600E,10000.0,>,nM,censored_relation
1552,CHEMBL1782172,Serine/threonine-protein kinase B-raf,V600E,10000.0,>,nM,censored_relation
1661,CHEMBL1277253,Serine/threonine-protein kinase B-raf,V600E,15000.0,>,nM,censored_relation
1665,CHEMBL1922467,Serine/threonine-protein kinase B-raf,Wild Type,10000.0,>,nM,censored_relation
1685,CHEMBL1614725,Serine/threonine-protein kinase B-raf,Wild Type,10000.0,>,nM,censored_relation
1712,CHEMBL1934498,Serine/threonine-protein kinase B-raf,Wild Type,60000.0,>,nM,censored_relation
1750,CHEMBL1934643,Serine/threonine-protein kinase B-raf,V600E,30000.0,>,nM,censored_relation
1776,CHEMBL1945163,Serine/threonine-protein kinase B-raf,V600E,3000.0,>,nM,censored_relation
1778,CHEMBL1945019,Serine/threonine-protein kinase B-raf,V600E,3000.0,>,nM,censored_relation
1779,CHEMBL1945018,Serine/threonine-protein kinase B-raf,V600E,3000.0,>,nM,censored_relation
1838,CHEMBL261849,Serine/threonine-protein kinase B-raf,Wild Type,4800.0,>,nM,censored_relation
1839,CHEMBL1957190,Serine/threonine-protein kinase B-raf,Wild Type,35000.0,>,nM,censored_relation
1850,CHEMBL2011299,Serine/threonine-protein kinase B-raf,V600E,100000.0,>,nM,censored_relation
1851,CHEMBL2011300,Serine/threonine-protein kinase B-raf,V600E,100000.0,>,nM,censored_relation
1853,CHEMBL2011302,Serine/threonine-protein kinase B-raf,V600E,100000.0,>,nM,censored_relation
1854,CHEMBL2011303,Serine/threonine-protein kinase B-raf,V600E,100000.0,>,nM,censored_relation
1857,CHEMBL2023328,Serine/threonine-protein kinase B-raf,V600E,10000.0,>,nM,censored_relation
1871,CHEMBL2023337,Serine/threonine-protein kinase B-raf,V600E,10000.0,>,nM,censored_relation
1872,CHEMBL2023338,Serine/threonine-protein kinase B-raf,V600E,10000.0,>,nM,censored_relation
1874,CHEMBL2023339,Serine/threonine-protein kinase B-raf,V600E,10000.0,>,nM,censored_relation
1896,CHEMBL2029996,Serine/threonine-protein kinase B-raf,V600E,1667.0,>,nM,censored_relation
1916,CHEMBL2029976,Serine/threonine-protein kinase B-raf,V600E,15000.0,>,nM,censored_relation
1922,CHEMBL2029970,Serine/threonine-protein kinase B-raf,V600E,15000.0,>,nM,censored_relation
1928,CHEMBL2030225,Serine/threonine-protein kinase B-raf,V600E,10000.0,>,nM,censored_relation
1929,CHEMBL2030226,Serine/threonine-protein kinase B-raf,V600E,10000.0,>,nM,censored_relation
2020,CHEMBL2048912,Serine/threonine-protein kinase B-raf,Wild Type,10000.0,>,nM,censored_relation
2098,CHEMBL2148053,Serine/threonine-protein kinase B-raf,Wild Type,10000.0,>,nM,censored_relation
2113,CHEMBL2153509,Serine/threonine-protein kinase B-raf,V600E,12000.0,>,nM,censored_relation
2124,CHEMBL2153637,Serine/threonine-protein kinase B-raf,V600E,10000.0,>,nM,censored_relation
2126,CHEMBL2153639,Serine/threonine-protein kinase B-raf,V600E,10000.0,>,nM,censored_relation
2128,CHEMBL2165052,Serine/threonine-protein kinase B-raf,V600E,1000.0,>,nM,censored_relation
2129,CHEMBL2165053,Serine/threonine-protein kinase B-raf,V600E,1000.0,>,nM,censored_relation
2130,CHEMBL2165268,Serine/threonine-protein kinase B-raf,V600E,1000.0,>,nM,censored_relation
2131,CHEMBL2165269,Serine/threonine-protein kinase B-raf,V600E,1000.0,>,nM,censored_relation
2132,CHEMBL2165270,Serine/threonine-protein kinase B-raf,V600E,1000.0,>,nM,censored_relation
2133,CHEMBL2165271,Serine/threonine-protein kinase B-raf,V600E,1000.0,>,nM,censored_relation
2134,CHEMBL2165035,Serine/threonine-protein kinase B-raf,V600E,1000.0,>,nM,censored_relation
2135,CHEMBL2165036,Serine/threonine-protein kinase B-raf,V600E,1000.0,>,nM,censored_relation
2136,CHEMBL2165037,Serine/threonine-protein kinase B-raf,V600E,1000.0,>,nM,censored_relation
2137,CHEMBL2165039,Serine/threonine-protein kinase B-raf,V600E,1000.0,>,nM,censored_relation
2138,CHEMBL2165042,Serine/threonine-protein kinase B-raf,V600E,1000.0,>,nM,censored_relation
2139,CHEMBL2165043,Serine/threonine-protein kinase B-raf,V600E,1000.0,>,nM,censored_relation
2140,CHEMBL2165044,Serine/threonine-protein kinase B-raf,V600E,1000.0,>,nM,censored_relation
2141,CHEMBL2165045,Serine/threonine-protein kinase B-raf,V600E,1000.0,>,nM,censored_relation
2142,CHEMBL2165046,Serine/threonine-protein kinase B-raf,V600E,1000.0,>,nM,censored_relation
2143,CHEMBL2165049,Serine/threonine-protein kinase B-raf,V600E,1000.0,>,nM,censored_relation
2144,CHEMBL2165050,Serine/threonine-protein kinase B-raf,V600E,1000.0,>,nM,censored_relation
2145,CHEMBL2165051,Serine/threonine-protein kinase B-raf,V600E,1000.0,>,nM,censored_relation
2146,CHEMBL2165021,Serine/threonine-protein kinase B-raf,V600E,1000.0,>,nM,censored_relation
2153,CHEMBL525191,Serine/threonine-protein kinase B-raf,Wild Type,1000.0,<,nM,censored_relation
2163,CHEMBL2204526,Serine/threonine-protein kinase B-raf,V600E,500.0,>,nM,censored_relation
2172,CHEMBL2205766,Serine/threonine-protein kinase B-raf,Wild Type,10000.0,>,nM,censored_relation
2174,CHEMBL2205637,Serine/threonine-protein kinase B-raf,Wild Type,10000.0,>,nM,censored_relation
2194,CHEMBL2315063,Serine/threonine-protein kinase B-raf,Wild Type,10000.0,>,nM,censored_relation
2195,CHEMBL2315064,Serine/threonine-protein kinase B-raf,Wild Type,10000.0,>,nM,censored_relation
2196,CHEMBL1336,Serine/threonine-protein kinase B-raf,Wild Type,100.0,<,nM,censored_relation
2198,CHEMBL2335864,Serine/threonine-protein kinase B-raf,Wild Type,30000.0,>,nM,censored_relation
2239,CHEMBL2335875,Serine/threonine-protein kinase B-raf,V600E,6000.0,>,nM,censored_relation
2241,CHEMBL2335873,Serine/threonine-protein kinase B-raf,V600E,32000.0,>,nM,censored_relation
2242,CHEMBL2335872,Serine/threonine-protein kinase B-raf,V600E,32000.0,>,nM,censored_relation
2249,CHEMBL2335865,Serine/threonine-protein kinase B-raf,V600E,17000.0,>,nM,censored_relation
2343,CHEMBL2336808,Serine/threonine-protein kinase B-raf,V600E,10000.0,>,nM,censored_relation
2344,CHEMBL2336807,Serine/threonine-protein kinase B-raf,V600E,10000.0,>,nM,censored_relation
2346,CHEMBL2336805,Serine/threonine-protein kinase B-raf,V600E,10000.0,>,nM,censored_relation
2347,CHEMBL2336804,Serine/threonine-protein kinase B-raf,V600E,100000.0,>,nM,censored_relation
2348,CHEMBL2336803,Serine/threonine-protein kinase B-raf,V600E,100000.0,>,nM,censored_relation
2354,CHEMBL2336824,Serine/threonine-protein kinase B-raf,V600E,10000.0,>,nM,censored_relation
2355,CHEMBL2336823,Serine/threonine-protein kinase B-raf,V600E,10000.0,>,nM,censored_relation
2356,CHEMBL2336822,Serine/threonine-protein kinase B-raf,V600E,10000.0,>,nM,censored_relation
2358,CHEMBL2336820,Serine/threonine-protein kinase B-raf,V600E,10000.0,>,nM,censored_relation
2362,CHEMBL2336816,Serine/threonine-protein kinase B-raf,V600E,10000.0,>,nM,censored_relation
2363,CHEMBL2336815,Serine/threonine-protein kinase B-raf,V600E,10000.0,>,nM,censored_relation
2364,CHEMBL2336814,Serine/threonine-protein kinase B-raf,V600E,10000.0,>,nM,censored_relation
2365,CHEMBL2336813,Serine/threonine-protein kinase B-raf,V600E,10000.0,>,nM,censored_relation
2366,CHEMBL2336812,Serine/threonine-protein kinase B-raf,V600E,10000.0,>,nM,censored_relation
2367,CHEMBL2336811,Serine/threonine-protein kinase B-raf,V600E,10000.0,>,nM,censored_relation
2368,CHEMBL2336810,Serine/threonine-protein kinase B-raf,V600E,10000.0,>,nM,censored_relation
2371,CHEMBL2348996,Serine/threonine-protein kinase B-raf,Wild Type,10000.0,>,nM,censored_relation
2381,CHEMBL2397149,Serine/threonine-protein kinase B-raf,V600E,5000.0,>,nM,censored_relation
2382,CHEMBL2397136,Serine/threonine-protein kinase B-raf,V600E,5000.0,>,nM,censored_relation
2383,CHEMBL2397137,Serine/threonine-protein kinase B-raf,V600E,5000.0,>,nM,censored_relation
2386,CHEMBL2409778,Serine/threonine-protein kinase B-raf,Wild Type,10000.0,>,nM,censored_relation
2387,CHEMBL2409790,Serine/threonine-protein kinase B-raf,Wild Type,1000.0,>,nM,censored_relation
2388,CHEMBL2409781,Serine/threonine-protein kinase B-raf,Wild Type,1000.0,>,nM,censored_relation
2389,CHEMBL2409779,Serine/threonine-protein kinase B-raf,Wild Type,1000.0,>,nM,censored_relation
2391,CHEMBL2348996,Serine/threonine-protein kinase B-raf,Wild Type,1000.0,>,nM,censored_relation
2421,CHEMBL2436812,Serine/threonine-protein kinase B-raf,V600E,10000.0,>,nM,censored_relation
2422,CHEMBL2436811,Serine/threonine-protein kinase B-raf,V600E,10000.0,>,nM,censored_relation
2474,CHEMBL3125887,Serine/threonine-protein kinase B-raf,V600E,500.0,>,nM,censored_relation
2479,CHEMBL3125882,Serine/threonine-protein kinase B-raf,V600E,500.0,>,nM,censored_relation
2526,CHEMBL3234743,Serine/threonine-protein kinase B-raf,V600E,10000.0,>,nM,censored_relation
2594,CHEMBL3262871,Serine/threonine-protein kinase B-raf,Wild Type,50000.0,>,nM,censored_relation
2596,CHEMBL3263869,Serine/threonine-protein kinase B-raf,Wild Type,10000.0,>,nM,censored_relation
2597,CHEMBL3263869,Serine/threonine-protein kinase B-raf,V600E,10000.0,>,nM,censored_relation
2643,CHEMBL3358966,Serine/threonine-protein kinase B-raf,Wild Type,100000.0,>,nM,censored_relation
2644,CHEMBL3326099,Serine/threonine-protein kinase B-raf,Wild Type,10000.0,>,nM,censored_relation
2649,CHEMBL3335373,Serine/threonine-protein kinase B-raf,V600E,0.4,<,nM,censored_relation
2655,CHEMBL3335372,Serine/threonine-protein kinase B-raf,V600E,0.4,<,nM,censored_relation
2662,CHEMBL3356117,Serine/threonine-protein kinase B-raf,Wild Type,30000.0,>,nM,censored_relation
2663,CHEMBL3343621,Serine/threonine-protein kinase B-raf,Wild Type,10000.0,>,nM,censored_relation
2670,CHEMBL3407846,Serine/threonine-protein kinase B-raf,V600E,1000.0,>,nM,censored_relation
2672,CHEMBL3407848,Serine/threonine-protein kinase B-raf,V600E,1000.0,>,nM,censored_relation
2677,CHEMBL3407852,Serine/threonine-protein kinase B-raf,V600E,1000.0,>,nM,censored_relation
2678,CHEMBL3407853,Serine/threonine-protein kinase B-raf,V600E,1000.0,>,nM,censored_relation
2679,CHEMBL3407854,Serine/threonine-protein kinase B-raf,V600E,1000.0,>,nM,censored_relation
2680,CHEMBL3407855,Serine/threonine-protein kinase B-raf,V600E,1000.0,>,nM,censored_relation
2681,CHEMBL3407856,Serine/threonine-protein kinase B-raf,V600E,1000.0,>,nM,censored_relation
2682,CHEMBL3407857,Serine/threonine-protein kinase B-raf,V600E,1000.0,>,nM,censored_relation
2683,CHEMBL3407858,Serine/threonine-protein kinase B-raf,V600E,1000.0,>,nM,censored_relation
2684,CHEMBL3407859,Serine/threonine-protein kinase B-raf,V600E,1000.0,>,nM,censored_relation
2685,CHEMBL3407860,Serine/threonine-protein kinase B-raf,V600E,1000.0,>,nM,censored_relation
2686,CHEMBL3407861,Serine/threonine-protein kinase B-raf,V600E,1000.0,>,nM,censored_relation
2687,CHEMBL3407862,Serine/threonine-protein kinase B-raf,V600E,1000.0,>,nM,censored_relation
2688,CHEMBL3407863,Serine/threonine-protein kinase B-raf,V600E,1000.0,>,nM,censored_relation
2691,CHEMBL3415556,Serine/threonine-protein kinase B-raf,V600E,100.0,<,nM,censored_relation
2694,CHEMBL3415555,Serine/threonine-protein kinase B-raf,V600E,100.0,<,nM,censored_relation
2696,CHEMBL3415554,Serine/threonine-protein kinase B-raf,V600E,800.0,<,nM,censored_relation
2697,CHEMBL3415555,Serine/threonine-protein kinase B-raf,V600E,1000.0,<,nM,censored_relation
2698,CHEMBL3415556,Serine/threonine-protein kinase B-raf,V600E,1000.0,<,nM,censored_relation
2953,CHEMBL3714781,Serine/threonine-protein kinase B-raf,V600E,10000.0,<=,nM,censored_relation
2954,CHEMBL3718603,Serine/threonine-protein kinase B-raf,V600E,10000.0,<=,nM,censored_relation
2955,CHEMBL3715938,Serine/threonine-protein kinase B-raf,Wild Type,10000.0,<=,nM,censored_relation
2956,CHEMBL3715415,Serine/threonine-protein kinase B-raf,Wild Type,10000.0,<=,nM,censored_relation
2957,CHEMBL3717513,Serine/threonine-protein kinase B-raf,Wild Type,10000.0,<=,nM,censored_relation
2958,CHEMBL3714781,Serine/threonine-protein kinase B-raf,Wild Type,10000.0,<=,nM,censored_relation
2959,CHEMBL3718603,Serine/threonine-protein kinase B-raf,Wild Type,10000.0,<=,nM,censored_relation
2960,CHEMBL3717513,Serine/threonine-protein kinase B-raf,V600E,10000.0,<=,nM,censored_relation
2961,CHEMBL3715415,Serine/threonine-protein kinase B-raf,V600E,10000.0,<=,nM,censored_relation
2962,CHEMBL3715938,Serine/threonine-protein kinase B-raf,V600E,10000.0,<=,nM,censored_relation
2963,CHEMBL3727846,Serine/threonine-protein kinase B-raf,V600E,10000.0,<=,nM,censored_relation
2964,CHEMBL3732423,Serine/threonine-protein kinase B-raf,V600E,10000.0,<=,nM,censored_relation
2965,CHEMBL3732327,Serine/threonine-protein kinase B-raf,V600E,10000.0,<=,nM,censored_relation
2966,CHEMBL3729305,Serine/threonine-protein kinase B-raf,V600E,10000.0,<=,nM,censored_relation
2967,CHEMBL3731850,Serine/threonine-protein kinase B-raf,V600E,10000.0,<=,nM,censored_relation
2968,CHEMBL3731869,Serine/threonine-protein kinase B-raf,V600E,10000.0,<=,nM,censored_relation
2969,CHEMBL3732618,Serine/threonine-protein kinase B-raf,V600E,10000.0,<=,nM,censored_relation
2970,CHEMBL3728778,Serine/threonine-protein kinase B-raf,V600E,10000.0,<=,nM,censored_relation
2971,CHEMBL3730026,Serine/threonine-protein kinase B-raf,V600E,10000.0,<=,nM,censored_relation
2972,CHEMBL3730594,Serine/threonine-protein kinase B-raf,V600E,10000.0,<=,nM,censored_relation
2973,CHEMBL3729333,Serine/threonine-protein kinase B-raf,V600E,10000.0,<=,nM,censored_relation
2974,CHEMBL3727876,Serine/threonine-protein kinase B-raf,V600E,10000.0,<=,nM,censored_relation
2975,CHEMBL3731654,Serine/threonine-protein kinase B-raf,V600E,10000.0,<=,nM,censored_relation
2976,CHEMBL3731673,Serine/threonine-protein kinase B-raf,V600E,10000.0,<=,nM,censored_relation
2977,CHEMBL3727705,Serine/threonine-protein kinase B-raf,V600E,10000.0,<=,nM,censored_relation
2978,CHEMBL3728847,Serine/threonine-protein kinase B-raf,V600E,10000.0,<=,nM,censored_relation
2979,CHEMBL3731293,Serine/threonine-protein kinase B-raf,V600E,10000.0,<=,nM,censored_relation
2980,CHEMBL3733200,Serine/threonine-protein kinase B-raf,V600E,10000.0,<=,nM,censored_relation
2981,CHEMBL3729604,Serine/threonine-protein kinase B-raf,V600E,10000.0,<=,nM,censored_relation
2982,CHEMBL3730988,Serine/threonine-protein kinase B-raf,V600E,10000.0,<=,nM,censored_relation
2983,CHEMBL3729931,Serine/threonine-protein kinase B-raf,V600E,10000.0,<=,nM,censored_relation
2984,CHEMBL3733302,Serine/threonine-protein kinase B-raf,V600E,10000.0,<=,nM,censored_relation
2985,CHEMBL3727754,Serine/threonine-protein kinase B-raf,V600E,10000.0,<=,nM,censored_relation
2986,CHEMBL3732364,Serine/threonine-protein kinase B-raf,V600E,10000.0,<=,nM,censored_relation
2987,CHEMBL3733232,Serine/threonine-protein kinase B-raf,V600E,10000.0,<=,nM,censored_relation
2988,CHEMBL3731448,Serine/threonine-protein kinase B-raf,V600E,10000.0,<=,nM,censored_relation
2989,CHEMBL3729421,Serine/threonine-protein kinase B-raf,V600E,10000.0,<=,nM,censored_relation
2990,CHEMBL3728954,Serine/threonine-protein kinase B-raf,V600E,10000.0,<=,nM,censored_relation
2991,CHEMBL3731402,Serine/threonine-protein kinase B-raf,V600E,10000.0,<=,nM,censored_relation
2992,CHEMBL3729713,Serine/threonine-protein kinase B-raf,V600E,10000.0,<=,nM,censored_relation
2993,CHEMBL3730747,Serine/threonine-protein kinase B-raf,V600E,10000.0,<=,nM,censored_relation
2994,CHEMBL3729254,Serine/threonine-protein kinase B-raf,V600E,10000.0,<=,nM,censored_relation
2995,CHEMBL3728421,Serine/threonine-protein kinase B-raf,V600E,10000.0,<=,nM,censored_relation
2996,CHEMBL3728665,Serine/threonine-protein kinase B-raf,V600E,10000.0,<=,nM,censored_relation
2997,CHEMBL3729091,Serine/threonine-protein kinase B-raf,V600E,10000.0,<=,nM,censored_relation
2998,CHEMBL3730409,Serine/threonine-protein kinase B-raf,V600E,10000.0,<=,nM,censored_relation
2999,CHEMBL3728645,Serine/threonine-protein kinase B-raf,V600E,10000.0,<=,nM,censored_relation
3000,CHEMBL3731088,Serine/threonine-protein kinase B-raf,V600E,10000.0,<=,nM,censored_relation
3001,CHEMBL3727742,Serine/threonine-protein kinase B-raf,V600E,10000.0,<=,nM,censored_relation
3002,CHEMBL3732523,Serine/threonine-protein kinase B-raf,V600E,10000.0,<=,nM,censored_relation
3003,CHEMBL3730208,Serine/threonine-protein kinase B-raf,V600E,10000.0,<=,nM,censored_relation
3004,CHEMBL3732716,Serine/threonine-protein kinase B-raf,V600E,10000.0,<=,nM,censored_relation
3005,CHEMBL3732892,Serine/threonine-protein kinase B-raf,V600E,10000.0,<=,nM,censored_relation
3006,CHEMBL3729650,Serine/threonine-protein kinase B-raf,V600E,10000.0,<=,nM,censored_relation
3007,CHEMBL3727873,Serine/threonine-protein kinase B-raf,V600E,10000.0,<=,nM,censored_relation
3008,CHEMBL3733071,Serine/threonine-protein kinase B-raf,V600E,10000.0,<=,nM,censored_relation
3009,CHEMBL3731096,Serine/threonine-protein kinase B-raf,V600E,10000.0,<=,nM,censored_relation
3010,CHEMBL3728257,Serine/threonine-protein kinase B-raf,V600E,10000.0,<=,nM,censored_relation
3011,CHEMBL3731194,Serine/threonine-protein kinase B-raf,V600E,10000.0,<=,nM,censored_relation
3012,CHEMBL3728149,Serine/threonine-protein kinase B-raf,V600E,10000.0,<=,nM,censored_relation
3013,CHEMBL3732311,Serine/threonine-protein kinase B-raf,V600E,10000.0,<=,nM,censored_relation
3014,CHEMBL3727846,Serine/threonine-protein kinase B-raf,Wild Type,10000.0,<=,nM,censored_relation
3015,CHEMBL3732423,Serine/threonine-protein kinase B-raf,Wild Type,10000.0,<=,nM,censored_relation
3016,CHEMBL3731869,Serine/threonine-protein kinase B-raf,Wild Type,10000.0,<=,nM,censored_relation
3017,CHEMBL3732618,Serine/threonine-protein kinase B-raf,Wild Type,10000.0,<=,nM,censored_relation
3018,CHEMBL3728778,Serine/threonine-protein kinase B-raf,Wild Type,10000.0,<=,nM,censored_relation
3019,CHEMBL3730026,Serine/threonine-protein kinase B-raf,Wild Type,10000.0,<=,nM,censored_relation
3020,CHEMBL3730594,Serine/threonine-protein kinase B-raf,Wild Type,10000.0,<=,nM,censored_relation
3021,CHEMBL3731654,Serine/threonine-protein kinase B-raf,Wild Type,10000.0,<=,nM,censored_relation
3022,CHEMBL3730988,Serine/threonine-protein kinase B-raf,Wild Type,10000.0,<=,nM,censored_relation
3023,CHEMBL3733302,Serine/threonine-protein kinase B-raf,Wild Type,10000.0,<=,nM,censored_relation
3024,CHEMBL3727754,Serine/threonine-protein kinase B-raf,Wild Type,10000.0,<=,nM,censored_relation
3025,CHEMBL3732364,Serine/threonine-protein kinase B-raf,Wild Type,10000.0,<=,nM,censored_relation
3026,CHEMBL3729421,Serine/threonine-protein kinase B-raf,Wild Type,10000.0,<=,nM,censored_relation
3027,CHEMBL3728954,Serine/threonine-protein kinase B-raf,Wild Type,10000.0,<=,nM,censored_relation
3028,CHEMBL3731402,Serine/threonine-protein kinase B-raf,Wild Type,10000.0,<=,nM,censored_relation
3029,CHEMBL3729713,Serine/threonine-protein kinase B-raf,Wild Type,10000.0,<=,nM,censored_relation
3030,CHEMBL3730747,Serine/threonine-protein kinase B-raf,Wild Type,10000.0,<=,nM,censored_relation
3031,CHEMBL3729254,Serine/threonine-protein kinase B-raf,Wild Type,10000.0,<=,nM,censored_relation
3032,CHEMBL3728421,Serine/threonine-protein kinase B-raf,Wild Type,10000.0,<=,nM,censored_relation
3033,CHEMBL3728665,Serine/threonine-protein kinase B-raf,Wild Type,10000.0,<=,nM,censored_relation
3034,CHEMBL3729091,Serine/threonine-protein kinase B-raf,Wild Type,10000.0,<=,nM,censored_relation
3035,CHEMBL3730409,Serine/threonine-protein kinase B-raf,Wild Type,10000.0,<=,nM,censored_relation
3036,CHEMBL3732523,Serine/threonine-protein kinase B-raf,Wild Type,10000.0,<=,nM,censored_relation
3037,CHEMBL3732716,Serine/threonine-protein kinase B-raf,Wild Type,10000.0,<=,nM,censored_relation
3038,CHEMBL3731194,Serine/threonine-protein kinase B-raf,Wild Type,10000.0,<=,nM,censored_relation
3039,CHEMBL3728149,Serine/threonine-protein kinase B-raf,Wild Type,10000.0,<=,nM,censored_relation
3040,CHEMBL3732311,Serine/threonine-protein kinase B-raf,Wild Type,10000.0,<=,nM,censored_relation
3041,CHEMBL3732214,Serine/threonine-protein kinase B-raf,Wild Type,10000.0,<=,nM,censored_relation
3042,CHEMBL3731433,Serine/threonine-protein kinase B-raf,Wild Type,10000.0,<=,nM,censored_relation
3043,CHEMBL3732180,Serine/threonine-protein kinase B-raf,Wild Type,10000.0,<=,nM,censored_relation
3044,CHEMBL3730067,Serine/threonine-protein kinase B-raf,Wild Type,10000.0,<=,nM,censored_relation
3045,CHEMBL3729238,Serine/threonine-protein kinase B-raf,Wild Type,10000.0,<=,nM,censored_relation
3046,CHEMBL3729241,Serine/threonine-protein kinase B-raf,Wild Type,10000.0,<=,nM,censored_relation
3047,CHEMBL3729669,Serine/threonine-protein kinase B-raf,Wild Type,10000.0,<=,nM,censored_relation
3048,CHEMBL3729849,Serine/threonine-protein kinase B-raf,Wild Type,10000.0,<=,nM,censored_relation
3049,CHEMBL3729055,Serine/threonine-protein kinase B-raf,Wild Type,10000.0,<=,nM,censored_relation
3050,CHEMBL2030224,Serine/threonine-protein kinase B-raf,Wild Type,10000.0,<=,nM,censored_relation
3051,CHEMBL3733322,Serine/threonine-protein kinase B-raf,V600E,10000.0,<=,nM,censored_relation
3052,CHEMBL3732214,Serine/threonine-protein kinase B-raf,V600E,10000.0,<=,nM,censored_relation
3053,CHEMBL3731433,Serine/threonine-protein kinase B-raf,V600E,10000.0,<=,nM,censored_relation
3054,CHEMBL3733210,Serine/threonine-protein kinase B-raf,V600E,10000.0,<=,nM,censored_relation
3055,CHEMBL3732180,Serine/threonine-protein kinase B-raf,V600E,10000.0,<=,nM,censored_relation
3056,CHEMBL3730067,Serine/threonine-protein kinase B-raf,V600E,10000.0,<=,nM,censored_relation
3057,CHEMBL3729238,Serine/threonine-protein kinase B-raf,V600E,10000.0,<=,nM,censored_relation
3058,CHEMBL3729241,Serine/threonine-protein kinase B-raf,V600E,10000.0,<=,nM,censored_relation
3059,CHEMBL3729669,Serine/threonine-protein kinase B-raf,V600E,10000.0,<=,nM,censored_relation
3060,CHEMBL2030224,Serine/threonine-protein kinase B-raf,V600E,10000.0,<=,nM,censored_relation
3061,CHEMBL3730296,Serine/threonine-protein kinase B-raf,V600E,10000.0,<=,nM,censored_relation
3062,CHEMBL3731149,Serine/threonine-protein kinase B-raf,V600E,10000.0,<=,nM,censored_relation
3063,CHEMBL3732092,Serine/threonine-protein kinase B-raf,V600E,10000.0,<=,nM,censored_relation
3064,CHEMBL3731910,Serine/threonine-protein kinase B-raf,V600E,10000.0,<=,nM,censored_relation
3065,CHEMBL3729055,Serine/threonine-protein kinase B-raf,V600E,10000.0,<=,nM,censored_relation
3066,CHEMBL3729849,Serine/threonine-protein kinase B-raf,V600E,10000.0,<=,nM,censored_relation
3067,CHEMBL3745885,Serine/threonine-protein kinase B-raf,Wild Type,10000.0,>,nM,censored_relation
3069,CHEMBL3754116,Serine/threonine-protein kinase B-raf,V600E,30.0,>,nM,censored_relation
3085,CHEMBL3764571,Serine/threonine-protein kinase B-raf,Wild Type,12500.0,>,nM,censored_relation
3086,CHEMBL3764145,Serine/threonine-protein kinase B-raf,Wild Type,12500.0,>,nM,censored_relation
3087,CHEMBL3765683,Serine/threonine-protein kinase B-raf,Wild Type,12500.0,>,nM,censored_relation
3088,CHEMBL3765068,Serine/threonine-protein kinase B-raf,Wild Type,12500.0,>,nM,censored_relation
3089,CHEMBL3763692,Serine/threonine-protein kinase B-raf,Wild Type,12500.0,>,nM,censored_relation
3091,CHEMBL3764571,Serine/threonine-protein kinase B-raf,V600E,12500.0,>,nM,censored_relation
3092,CHEMBL3764145,Serine/threonine-protein kinase B-raf,V600E,12500.0,>,nM,censored_relation
3093,CHEMBL3765683,Serine/threonine-protein kinase B-raf,V600E,12500.0,>,nM,censored_relation
3094,CHEMBL3765068,Serine/threonine-protein kinase B-raf,V600E,12500.0,>,nM,censored_relation
3169,CHEMBL3799046,Serine/threonine-protein kinase B-raf,Wild Type,1000.0,>,nM,censored_relation
3207,CHEMBL3799046,Serine/threonine-protein kinase B-raf,V600E,1000.0,>,nM,censored_relation
3226,CHEMBL3800157,Serine/threonine-protein kinase B-raf,V600E,1000.0,>,nM,censored_relation
3245,CHEMBL3800378,Serine/threonine-protein kinase B-raf,V600E,1000.0,>,nM,censored_relation
3272,CHEMBL3798151,Serine/threonine-protein kinase B-raf,V600E,10000.0,>,nM,censored_relation
3273,CHEMBL3799344,Serine/threonine-protein kinase B-raf,V600E,10000.0,>,nM,censored_relation
3277,CHEMBL1231605,Serine/threonine-protein kinase B-raf,V600E,100000.0,>,nM,censored_relation
3278,CHEMBL3814031,Serine/threonine-protein kinase B-raf,Wild Type,10000.0,>,nM,censored_relation
3279,CHEMBL3814289,Serine/threonine-protein kinase B-raf,Wild Type,10000.0,>,nM,censored_relation
3294,CHEMBL3814347,Serine/threonine-protein kinase B-raf,Wild Type,10000.0,>,nM,censored_relation
3295,CHEMBL3814281,Serine/threonine-protein kinase B-raf,Wild Type,10000.0,>,nM,censored_relation
3298,CHEMBL3814188,Serine/threonine-protein kinase B-raf,Wild Type,10000.0,>,nM,censored_relation
3299,CHEMBL3814720,Serine/threonine-protein kinase B-raf,Wild Type,10000.0,>,nM,censored_relation
3301,CHEMBL3814534,Serine/threonine-protein kinase B-raf,Wild Type,10000.0,>,nM,censored_relation
3302,CHEMBL3814261,Serine/threonine-protein kinase B-raf,Wild Type,10000.0,>,nM,censored_relation
3303,CHEMBL3814337,Serine/threonine-protein kinase B-raf,Wild Type,10000.0,>,nM,censored_relation
3341,CHEMBL3913263,Serine/threonine-protein kinase B-raf,V600E,50000.0,>,nM,censored_relation
3350,CHEMBL3945365,Serine/threonine-protein kinase B-raf,Wild Type,50000.0,>,nM,censored_relation
3353,CHEMBL3918722,Serine/threonine-protein kinase B-raf,Wild Type,10.0,<,nM,censored_relation
3354,CHEMBL3971789,Serine/threonine-protein kinase B-raf,Wild Type,100.0,<,nM,censored_relation
3355,CHEMBL3903656,Serine/threonine-protein kinase B-raf,Wild Type,100.0,<,nM,censored_relation
3356,CHEMBL3957835,Serine/threonine-protein kinase B-raf,Wild Type,100.0,<,nM,censored_relation
3357,CHEMBL3941703,Serine/threonine-protein kinase B-raf,Wild Type,100.0,<,nM,censored_relation
3358,CHEMBL3939013,Serine/threonine-protein kinase B-raf,Wild Type,100.0,<,nM,censored_relation
3359,CHEMBL3986998,Serine/threonine-protein kinase B-raf,Wild Type,100.0,<,nM,censored_relation
3360,CHEMBL3948750,Serine/threonine-protein kinase B-raf,Wild Type,100.0,<,nM,censored_relation
3361,CHEMBL3899101,Serine/threonine-protein kinase B-raf,Wild Type,100.0,<,nM,censored_relation
3362,CHEMBL3896422,Serine/threonine-protein kinase B-raf,Wild Type,10.0,<,nM,censored_relation
3363,CHEMBL3981313,Serine/threonine-protein kinase B-raf,Wild Type,10.0,<,nM,censored_relation
3364,CHEMBL3934437,Serine/threonine-protein kinase B-raf,Wild Type,10.0,<,nM,censored_relation
3365,CHEMBL3951586,Serine/threonine-protein kinase B-raf,Wild Type,100.0,<,nM,censored_relation
3366,CHEMBL3949599,Serine/threonine-protein kinase B-raf,Wild Type,100.0,<,nM,censored_relation
3367,CHEMBL3956565,Serine/threonine-protein kinase B-raf,Wild Type,10.0,<,nM,censored_relation
3368,CHEMBL3904681,Serine/threonine-protein kinase B-raf,Wild Type,100.0,<,nM,censored_relation
3369,CHEMBL3968497,Serine/threonine-protein kinase B-raf,Wild Type,100.0,<,nM,censored_relation
3370,CHEMBL3966021,Serine/threonine-protein kinase B-raf,Wild Type,1000.0,<,nM,censored_relation
3371,CHEMBL3928847,Serine/threonine-protein kinase B-raf,Wild Type,100.0,<,nM,censored_relation
3372,CHEMBL3926189,Serine/threonine-protein kinase B-raf,Wild Type,10.0,<,nM,censored_relation
3373,CHEMBL3890797,Serine/threonine-protein kinase B-raf,Wild Type,100.0,<,nM,censored_relation
3374,CHEMBL3979607,Serine/threonine-protein kinase B-raf,Wild Type,10.0,<,nM,censored_relation
3375,CHEMBL3895266,Serine/threonine-protein kinase B-raf,Wild Type,10.0,<,nM,censored_relation
3376,CHEMBL3904980,Serine/threonine-protein kinase B-raf,Wild Type,10.0,<,nM,censored_relation
3377,CHEMBL3940360,Serine/threonine-protein kinase B-raf,Wild Type,10.0,<,nM,censored_relation
3378,CHEMBL3942988,Serine/threonine-protein kinase B-raf,Wild Type,10.0,<,nM,censored_relation
3379,CHEMBL3916725,Serine/threonine-protein kinase B-raf,Wild Type,10.0,<,nM,censored_relation
3380,CHEMBL3919462,Serine/threonine-protein kinase B-raf,Wild Type,100.0,<,nM,censored_relation
3381,CHEMBL3954395,Serine/threonine-protein kinase B-raf,Wild Type,100.0,<,nM,censored_relation
3382,CHEMBL3956999,Serine/threonine-protein kinase B-raf,Wild Type,10.0,<,nM,censored_relation
3383,CHEMBL3944290,Serine/threonine-protein kinase B-raf,Wild Type,100.0,<,nM,censored_relation
3384,CHEMBL3931676,Serine/threonine-protein kinase B-raf,Wild Type,100.0,<,nM,censored_relation
3385,CHEMBL3977421,Serine/threonine-protein kinase B-raf,Wild Type,10.0,<,nM,censored_relation
3386,CHEMBL3968167,Serine/threonine-protein kinase B-raf,Wild Type,10.0,<,nM,censored_relation
3387,CHEMBL3967303,Serine/threonine-protein kinase B-raf,Wild Type,10.0,<,nM,censored_relation
3388,CHEMBL3914107,Serine/threonine-protein kinase B-raf,Wild Type,100.0,<,nM,censored_relation
3389,CHEMBL3893235,Serine/threonine-protein kinase B-raf,Wild Type,10.0,<,nM,censored_relation
3390,CHEMBL3890467,Serine/threonine-protein kinase B-raf,Wild Type,10.0,<,nM,censored_relation
3391,CHEMBL3980636,Serine/threonine-protein kinase B-raf,Wild Type,10.0,<,nM,censored_relation
3392,CHEMBL3928507,Serine/threonine-protein kinase B-raf,Wild Type,10.0,<,nM,censored_relation
3393,CHEMBL3912374,Serine/threonine-protein kinase B-raf,Wild Type,10.0,<,nM,censored_relation
3394,CHEMBL3964025,Serine/threonine-protein kinase B-raf,Wild Type,10.0,<,nM,censored_relation
3395,CHEMBL3921859,Serine/threonine-protein kinase B-raf,Wild Type,100.0,<,nM,censored_relation
3396,CHEMBL3979361,Serine/threonine-protein kinase B-raf,Wild Type,10.0,<,nM,censored_relation
3397,CHEMBL3981784,Serine/threonine-protein kinase B-raf,Wild Type,10.0,<,nM,censored_relation
3398,CHEMBL3904645,Serine/threonine-protein kinase B-raf,Wild Type,10.0,<,nM,censored_relation
3399,CHEMBL3907402,Serine/threonine-protein kinase B-raf,Wild Type,10.0,<,nM,censored_relation
3400,CHEMBL3956643,Serine/threonine-protein kinase B-raf,Wild Type,100.0,<,nM,censored_relation
3401,CHEMBL3968460,Serine/threonine-protein kinase B-raf,Wild Type,10.0,<,nM,censored_relation
3402,CHEMBL3952336,Serine/threonine-protein kinase B-raf,Wild Type,10.0,<,nM,censored_relation
3403,CHEMBL3954978,Serine/threonine-protein kinase B-raf,Wild Type,10.0,<,nM,censored_relation
3404,CHEMBL3971807,Serine/threonine-protein kinase B-raf,Wild Type,10.0,<,nM,censored_relation
3405,CHEMBL3969082,Serine/threonine-protein kinase B-raf,Wild Type,10.0,<,nM,censored_relation
3406,CHEMBL3981425,Serine/threonine-protein kinase B-raf,Wild Type,10.0,<,nM,censored_relation
3407,CHEMBL3979042,Serine/threonine-protein kinase B-raf,Wild Type,100.0,<,nM,censored_relation
3408,CHEMBL3935100,Serine/threonine-protein kinase B-raf,Wild Type,10.0,<,nM,censored_relation
3409,CHEMBL3932389,Serine/threonine-protein kinase B-raf,Wild Type,10.0,<,nM,censored_relation
3410,CHEMBL3968095,Serine/threonine-protein kinase B-raf,Wild Type,10.0,<,nM,censored_relation
3411,CHEMBL3985076,Serine/threonine-protein kinase B-raf,Wild Type,10.0,<,nM,censored_relation
3412,CHEMBL3913674,Serine/threonine-protein kinase B-raf,Wild Type,10.0,<,nM,censored_relation
3413,CHEMBL3920821,Serine/threonine-protein kinase B-raf,Wild Type,10.0,<,nM,censored_relation
3414,CHEMBL3904333,Serine/threonine-protein kinase B-raf,Wild Type,10.0,<,nM,censored_relation
3415,CHEMBL3907089,Serine/threonine-protein kinase B-raf,Wild Type,10.0,<,nM,censored_relation
3416,CHEMBL3942381,Serine/threonine-protein kinase B-raf,Wild Type,10.0,<,nM,censored_relation
3417,CHEMBL3945059,Serine/threonine-protein kinase B-raf,Wild Type,10.0,<,nM,censored_relation
3418,CHEMBL3911079,Serine/threonine-protein kinase B-raf,Wild Type,100.0,<,nM,censored_relation
3419,CHEMBL3892676,Serine/threonine-protein kinase B-raf,Wild Type,10.0,<,nM,censored_relation
3420,CHEMBL3899027,Serine/threonine-protein kinase B-raf,Wild Type,10.0,<,nM,censored_relation
3421,CHEMBL3933168,Serine/threonine-protein kinase B-raf,Wild Type,10.0,<,nM,censored_relation
3422,CHEMBL3896589,Serine/threonine-protein kinase B-raf,Wild Type,10.0,<,nM,censored_relation
3423,CHEMBL3899285,Serine/threonine-protein kinase B-raf,Wild Type,100.0,<,nM,censored_relation
3424,CHEMBL3928075,Serine/threonine-protein kinase B-raf,Wild Type,100.0,<,nM,censored_relation
3425,CHEMBL3909499,Serine/threonine-protein kinase B-raf,Wild Type,100.0,<,nM,censored_relation
3426,CHEMBL3949992,Serine/threonine-protein kinase B-raf,Wild Type,10.0,<,nM,censored_relation
3427,CHEMBL3947313,Serine/threonine-protein kinase B-raf,Wild Type,10.0,<,nM,censored_relation
3428,CHEMBL3897700,Serine/threonine-protein kinase B-raf,Wild Type,10.0,<,nM,censored_relation
3429,CHEMBL3985717,Serine/threonine-protein kinase B-raf,Wild Type,10.0,<,nM,censored_relation
3430,CHEMBL3935744,Serine/threonine-protein kinase B-raf,Wild Type,10.0,<,nM,censored_relation
3431,CHEMBL3955478,Serine/threonine-protein kinase B-raf,Wild Type,100.0,<,nM,censored_relation
3432,CHEMBL3919966,Serine/threonine-protein kinase B-raf,Wild Type,10.0,<,nM,censored_relation
3433,CHEMBL3917210,Serine/threonine-protein kinase B-raf,Wild Type,10.0,<,nM,censored_relation
3434,CHEMBL3958968,Serine/threonine-protein kinase B-raf,Wild Type,10.0,<,nM,censored_relation
3435,CHEMBL3961672,Serine/threonine-protein kinase B-raf,Wild Type,10.0,<,nM,censored_relation
3436,CHEMBL3941565,Serine/threonine-protein kinase B-raf,Wild Type,10.0,<,nM,censored_relation
3437,CHEMBL3896039,Serine/threonine-protein kinase B-raf,Wild Type,10.0,<,nM,censored_relation
3438,CHEMBL3945707,Serine/threonine-protein kinase B-raf,Wild Type,100.0,<,nM,censored_relation
3439,CHEMBL3948349,Serine/threonine-protein kinase B-raf,Wild Type,10.0,<,nM,censored_relation
3440,CHEMBL3907740,Serine/threonine-protein kinase B-raf,Wild Type,10.0,<,nM,censored_relation
3441,CHEMBL3917962,Serine/threonine-protein kinase B-raf,Wild Type,100.0,<,nM,censored_relation
3442,CHEMBL3923610,Serine/threonine-protein kinase B-raf,Wild Type,10.0,<,nM,censored_relation
3443,CHEMBL3918722,Serine/threonine-protein kinase B-raf,V600E,10.0,<,nM,censored_relation
3444,CHEMBL3971789,Serine/threonine-protein kinase B-raf,V600E,100.0,<,nM,censored_relation
3445,CHEMBL3903656,Serine/threonine-protein kinase B-raf,V600E,10.0,<,nM,censored_relation
3446,CHEMBL3957835,Serine/threonine-protein kinase B-raf,V600E,10.0,<,nM,censored_relation
3447,CHEMBL3941703,Serine/threonine-protein kinase B-raf,V600E,10.0,<,nM,censored_relation
3448,CHEMBL3939013,Serine/threonine-protein kinase B-raf,V600E,10.0,<,nM,censored_relation
3449,CHEMBL3986998,Serine/threonine-protein kinase B-raf,V600E,10.0,<,nM,censored_relation
3450,CHEMBL3948750,Serine/threonine-protein kinase B-raf,V600E,10.0,<,nM,censored_relation
3451,CHEMBL3899101,Serine/threonine-protein kinase B-raf,V600E,10.0,<,nM,censored_relation
3452,CHEMBL3896422,Serine/threonine-protein kinase B-raf,V600E,10.0,<,nM,censored_relation
3453,CHEMBL3981313,Serine/threonine-protein kinase B-raf,V600E,10.0,<,nM,censored_relation
3454,CHEMBL3934437,Serine/threonine-protein kinase B-raf,V600E,10.0,<,nM,censored_relation
3455,CHEMBL3951586,Serine/threonine-protein kinase B-raf,V600E,100.0,<,nM,censored_relation
3456,CHEMBL3949599,Serine/threonine-protein kinase B-raf,V600E,10.0,<,nM,censored_relation
3457,CHEMBL3956565,Serine/threonine-protein kinase B-raf,V600E,10.0,<,nM,censored_relation
3458,CHEMBL3904681,Serine/threonine-protein kinase B-raf,V600E,100.0,<,nM,censored_relation
3459,CHEMBL3968497,Serine/threonine-protein kinase B-raf,V600E,10.0,<,nM,censored_relation
3460,CHEMBL3966021,Serine/threonine-protein kinase B-raf,V600E,100.0,<,nM,censored_relation
3461,CHEMBL3928847,Serine/threonine-protein kinase B-raf,V600E,10.0,<,nM,censored_relation
3462,CHEMBL3926189,Serine/threonine-protein kinase B-raf,V600E,10.0,<,nM,censored_relation
3463,CHEMBL3890797,Serine/threonine-protein kinase B-raf,V600E,10.0,<,nM,censored_relation
3464,CHEMBL3979607,Serine/threonine-protein kinase B-raf,V600E,10.0,<,nM,censored_relation
3465,CHEMBL3895266,Serine/threonine-protein kinase B-raf,V600E,10.0,<,nM,censored_relation
3466,CHEMBL3904980,Serine/threonine-protein kinase B-raf,V600E,10.0,<,nM,censored_relation
3467,CHEMBL3940360,Serine/threonine-protein kinase B-raf,V600E,10.0,<,nM,censored_relation
3468,CHEMBL3942988,Serine/threonine-protein kinase B-raf,V600E,100.0,<,nM,censored_relation
3469,CHEMBL3916725,Serine/threonine-protein kinase B-raf,V600E,10.0,<,nM,censored_relation
3470,CHEMBL3919462,Serine/threonine-protein kinase B-raf,V600E,10.0,<,nM,censored_relation
3471,CHEMBL3954395,Serine/threonine-protein kinase B-raf,V600E,10.0,<,nM,censored_relation
3472,CHEMBL3956999,Serine/threonine-protein kinase B-raf,V600E,10.0,<,nM,censored_relation
3473,CHEMBL3944290,Serine/threonine-protein kinase B-raf,V600E,10.0,<,nM,censored_relation
3474,CHEMBL3931676,Serine/threonine-protein kinase B-raf,V600E,10.0,<,nM,censored_relation
3475,CHEMBL3977421,Serine/threonine-protein kinase B-raf,V600E,10.0,<,nM,censored_relation
3476,CHEMBL3968167,Serine/threonine-protein kinase B-raf,V600E,10.0,<,nM,censored_relation
3477,CHEMBL3967303,Serine/threonine-protein kinase B-raf,V600E,10.0,<,nM,censored_relation
3478,CHEMBL3914107,Serine/threonine-protein kinase B-raf,V600E,100.0,<,nM,censored_relation
3479,CHEMBL3893235,Serine/threonine-protein kinase B-raf,V600E,10.0,<,nM,censored_relation
3480,CHEMBL3890467,Serine/threonine-protein kinase B-raf,V600E,10.0,<,nM,censored_relation
3481,CHEMBL3980636,Serine/threonine-protein kinase B-raf,V600E,10.0,<,nM,censored_relation
3482,CHEMBL3928507,Serine/threonine-protein kinase B-raf,V600E,10.0,<,nM,censored_relation
3483,CHEMBL3912374,Serine/threonine-protein kinase B-raf,V600E,100.0,<,nM,censored_relation
3484,CHEMBL3964025,Serine/threonine-protein kinase B-raf,V600E,10.0,<,nM,censored_relation
3485,CHEMBL3919128,Serine/threonine-protein kinase B-raf,V600E,10.0,<,nM,censored_relation
3486,CHEMBL3921859,Serine/threonine-protein kinase B-raf,V600E,10.0,<,nM,censored_relation
3487,CHEMBL3979361,Serine/threonine-protein kinase B-raf,V600E,10.0,<,nM,censored_relation
3488,CHEMBL3981784,Serine/threonine-protein kinase B-raf,V600E,10.0,<,nM,censored_relation
3489,CHEMBL3904645,Serine/threonine-protein kinase B-raf,V600E,10.0,<,nM,censored_relation
3490,CHEMBL3907402,Serine/threonine-protein kinase B-raf,V600E,10.0,<,nM,censored_relation
3491,CHEMBL3956643,Serine/threonine-protein kinase B-raf,V600E,100.0,<,nM,censored_relation
3492,CHEMBL3968460,Serine/threonine-protein kinase B-raf,V600E,10.0,<,nM,censored_relation
3493,CHEMBL3952336,Serine/threonine-protein kinase B-raf,V600E,10.0,<,nM,censored_relation
3494,CHEMBL3954978,Serine/threonine-protein kinase B-raf,V600E,10.0,<,nM,censored_relation
3495,CHEMBL3971807,Serine/threonine-protein kinase B-raf,V600E,10.0,<,nM,censored_relation
3496,CHEMBL3969082,Serine/threonine-protein kinase B-raf,V600E,10.0,<,nM,censored_relation
3497,CHEMBL3981425,Serine/threonine-protein kinase B-raf,V600E,10.0,<,nM,censored_relation
3498,CHEMBL3979042,Serine/threonine-protein kinase B-raf,V600E,100.0,<,nM,censored_relation
3499,CHEMBL3935100,Serine/threonine-protein kinase B-raf,V600E,10.0,<,nM,censored_relation
3500,CHEMBL3932389,Serine/threonine-protein kinase B-raf,V600E,10.0,<,nM,censored_relation
3501,CHEMBL3968095,Serine/threonine-protein kinase B-raf,V600E,10.0,<,nM,censored_relation
3502,CHEMBL3985076,Serine/threonine-protein kinase B-raf,V600E,10.0,<,nM,censored_relation
3503,CHEMBL3913674,Serine/threonine-protein kinase B-raf,V600E,10.0,<,nM,censored_relation
3504,CHEMBL3920821,Serine/threonine-protein kinase B-raf,V600E,10.0,<,nM,censored_relation
3505,CHEMBL3904333,Serine/threonine-protein kinase B-raf,V600E,10.0,<,nM,censored_relation
3506,CHEMBL3907089,Serine/threonine-protein kinase B-raf,V600E,10.0,<,nM,censored_relation
3507,CHEMBL3942381,Serine/threonine-protein kinase B-raf,V600E,10.0,<,nM,censored_relation
3508,CHEMBL3945059,Serine/threonine-protein kinase B-raf,V600E,10.0,<,nM,censored_relation
3509,CHEMBL3911079,Serine/threonine-protein kinase B-raf,V600E,10.0,<,nM,censored_relation
3510,CHEMBL3892676,Serine/threonine-protein kinase B-raf,V600E,10.0,<,nM,censored_relation
3511,CHEMBL3899027,Serine/threonine-protein kinase B-raf,V600E,10.0,<,nM,censored_relation
3512,CHEMBL3933168,Serine/threonine-protein kinase B-raf,V600E,10.0,<,nM,censored_relation
3513,CHEMBL3896589,Serine/threonine-protein kinase B-raf,V600E,10.0,<,nM,censored_relation
3514,CHEMBL3899285,Serine/threonine-protein kinase B-raf,V600E,100.0,<,nM,censored_relation
3515,CHEMBL3928075,Serine/threonine-protein kinase B-raf,V600E,100.0,<,nM,censored_relation
3516,CHEMBL3909499,Serine/threonine-protein kinase B-raf,V600E,100.0,<,nM,censored_relation
3517,CHEMBL3949992,Serine/threonine-protein kinase B-raf,V600E,10.0,<,nM,censored_relation
3518,CHEMBL3947313,Serine/threonine-protein kinase B-raf,V600E,10.0,<,nM,censored_relation
3519,CHEMBL3897700,Serine/threonine-protein kinase B-raf,V600E,10.0,<,nM,censored_relation
3520,CHEMBL3985717,Serine/threonine-protein kinase B-raf,V600E,10.0,<,nM,censored_relation
3521,CHEMBL3935744,Serine/threonine-protein kinase B-raf,V600E,10.0,<,nM,censored_relation
3522,CHEMBL3955478,Serine/threonine-protein kinase B-raf,V600E,100.0,<,nM,censored_relation
3523,CHEMBL3919966,Serine/threonine-protein kinase B-raf,V600E,10.0,<,nM,censored_relation
3524,CHEMBL3917210,Serine/threonine-protein kinase B-raf,V600E,10.0,<,nM,censored_relation
3525,CHEMBL3958968,Serine/threonine-protein kinase B-raf,V600E,10.0,<,nM,censored_relation
3526,CHEMBL3961672,Serine/threonine-protein kinase B-raf,V600E,10.0,<,nM,censored_relation
3527,CHEMBL3941565,Serine/threonine-protein kinase B-raf,V600E,10.0,<,nM,censored_relation
3528,CHEMBL3896039,Serine/threonine-protein kinase B-raf,V600E,10.0,<,nM,censored_relation
3529,CHEMBL3945707,Serine/threonine-protein kinase B-raf,V600E,10.0,<,nM,censored_relation
3530,CHEMBL3948349,Serine/threonine-protein kinase B-raf,V600E,10.0,<,nM,censored_relation
3531,CHEMBL3907740,Serine/threonine-protein kinase B-raf,V600E,10.0,<,nM,censored_relation
3532,CHEMBL3917962,Serine/threonine-protein kinase B-raf,V600E,10.0,<,nM,censored_relation
3533,CHEMBL3923610,Serine/threonine-protein kinase B-raf,V600E,10.0,<,nM,censored_relation
3553,CHEMBL3904915,Serine/threonine-protein kinase B-raf,V600E,20000.0,>,nM,censored_relation
3591,CHEMBL3976035,Serine/threonine-protein kinase B-raf,Wild Type,100.0,<,nM,censored_relation
3592,CHEMBL3919453,Serine/threonine-protein kinase B-raf,Wild Type,100.0,<,nM,censored_relation
3593,CHEMBL3912908,Serine/threonine-protein kinase B-raf,Wild Type,100.0,<,nM,censored_relation
3595,CHEMBL3909553,Serine/threonine-protein kinase B-raf,Wild Type,100.0,<,nM,censored_relation
3596,CHEMBL3947006,Serine/threonine-protein kinase B-raf,Wild Type,100.0,<,nM,censored_relation
3597,CHEMBL3949703,Serine/threonine-protein kinase B-raf,Wild Type,100.0,<,nM,censored_relation
3601,CHEMBL3961262,Serine/threonine-protein kinase B-raf,Wild Type,100.0,<,nM,censored_relation
3603,CHEMBL3919345,Serine/threonine-protein kinase B-raf,Wild Type,100.0,<,nM,censored_relation
3604,CHEMBL3901717,Serine/threonine-protein kinase B-raf,Wild Type,100.0,<,nM,censored_relation
3605,CHEMBL3928537,Serine/threonine-protein kinase B-raf,Wild Type,100.0,<,nM,censored_relation
3607,CHEMBL3909984,Serine/threonine-protein kinase B-raf,Wild Type,100.0,<,nM,censored_relation
3608,CHEMBL3898336,Serine/threonine-protein kinase B-raf,Wild Type,100.0,<,nM,censored_relation
3609,CHEMBL3959600,Serine/threonine-protein kinase B-raf,Wild Type,100.0,<,nM,censored_relation
3610,CHEMBL3918398,Serine/threonine-protein kinase B-raf,Wild Type,100.0,<,nM,censored_relation
3611,CHEMBL3927073,Serine/threonine-protein kinase B-raf,Wild Type,100.0,<,nM,censored_relation
3612,CHEMBL3894038,Serine/threonine-protein kinase B-raf,Wild Type,100.0,<,nM,censored_relation
3614,CHEMBL3945323,Serine/threonine-protein kinase B-raf,Wild Type,100.0,<,nM,censored_relation
3615,CHEMBL3970927,Serine/threonine-protein kinase B-raf,Wild Type,10000.0,>=,nM,censored_relation
3616,CHEMBL3929763,Serine/threonine-protein kinase B-raf,Wild Type,10000.0,>=,nM,censored_relation
3620,CHEMBL3920728,Serine/threonine-protein kinase B-raf,Wild Type,100.0,<,nM,censored_relation
3622,CHEMBL3915517,Serine/threonine-protein kinase B-raf,Wild Type,10000.0,>=,nM,censored_relation
3623,CHEMBL3947518,Serine/threonine-protein kinase B-raf,Wild Type,10000.0,>=,nM,censored_relation
3624,CHEMBL3980228,Serine/threonine-protein kinase B-raf,Wild Type,100.0,<,nM,censored_relation
3625,CHEMBL3929286,Serine/threonine-protein kinase B-raf,Wild Type,100.0,<,nM,censored_relation
3626,CHEMBL3915612,Serine/threonine-protein kinase B-raf,Wild Type,100.0,<,nM,censored_relation
3627,CHEMBL3982585,Serine/threonine-protein kinase B-raf,Wild Type,100.0,<,nM,censored_relation
3628,CHEMBL3899555,Serine/threonine-protein kinase B-raf,Wild Type,100.0,<,nM,censored_relation
3629,CHEMBL3964152,Serine/threonine-protein kinase B-raf,Wild Type,100.0,<,nM,censored_relation
3630,CHEMBL3971430,Serine/threonine-protein kinase B-raf,Wild Type,100.0,<,nM,censored_relation
3631,CHEMBL3935921,Serine/threonine-protein kinase B-raf,Wild Type,100.0,<,nM,censored_relation
3632,CHEMBL3907576,Serine/threonine-protein kinase B-raf,Wild Type,100.0,<,nM,censored_relation
3633,CHEMBL3895867,Serine/threonine-protein kinase B-raf,Wild Type,100.0,<,nM,censored_relation
3637,CHEMBL3960908,Serine/threonine-protein kinase B-raf,Wild Type,100.0,<,nM,censored_relation
3639,CHEMBL3907167,Serine/threonine-protein kinase B-raf,Wild Type,100.0,<,nM,censored_relation
3640,CHEMBL3974428,Serine/threonine-protein kinase B-raf,Wild Type,100.0,<,nM,censored_relation
3642,CHEMBL3964369,Serine/threonine-protein kinase B-raf,Wild Type,100.0,<,nM,censored_relation
3644,CHEMBL3945760,Serine/threonine-protein kinase B-raf,Wild Type,100.0,<,nM,censored_relation
3645,CHEMBL3935926,Serine/threonine-protein kinase B-raf,Wild Type,100.0,<,nM,censored_relation
3646,CHEMBL3900361,Serine/threonine-protein kinase B-raf,Wild Type,10000.0,>=,nM,censored_relation
3647,CHEMBL3973538,Serine/threonine-protein kinase B-raf,Wild Type,100.0,<,nM,censored_relation
3650,CHEMBL3980367,Serine/threonine-protein kinase B-raf,Wild Type,10000.0,>=,nM,censored_relation
3651,CHEMBL3940197,Serine/threonine-protein kinase B-raf,Wild Type,10000.0,>=,nM,censored_relation
3652,CHEMBL3972019,Serine/threonine-protein kinase B-raf,Wild Type,10000.0,>=,nM,censored_relation
3653,CHEMBL3943347,Serine/threonine-protein kinase B-raf,Wild Type,10000.0,>=,nM,censored_relation
3655,CHEMBL3944905,Serine/threonine-protein kinase B-raf,Wild Type,10000.0,>=,nM,censored_relation
3656,CHEMBL3964601,Serine/threonine-protein kinase B-raf,Wild Type,100.0,<,nM,censored_relation
3657,CHEMBL3901474,Serine/threonine-protein kinase B-raf,Wild Type,100.0,<,nM,censored_relation
3658,CHEMBL3969477,Serine/threonine-protein kinase B-raf,Wild Type,100.0,<,nM,censored_relation
3659,CHEMBL3976259,Serine/threonine-protein kinase B-raf,Wild Type,100.0,<,nM,censored_relation
3660,CHEMBL3976834,Serine/threonine-protein kinase B-raf,Wild Type,100.0,<,nM,censored_relation
3661,CHEMBL3973080,Serine/threonine-protein kinase B-raf,Wild Type,100.0,<,nM,censored_relation
3663,CHEMBL3912932,Serine/threonine-protein kinase B-raf,Wild Type,100.0,<,nM,censored_relation
3665,CHEMBL3924770,Serine/threonine-protein kinase B-raf,Wild Type,100.0,<,nM,censored_relation
3666,CHEMBL3943247,Serine/threonine-protein kinase B-raf,Wild Type,100.0,<,nM,censored_relation
3667,CHEMBL3899554,Serine/threonine-protein kinase B-raf,Wild Type,100.0,<,nM,censored_relation
3669,CHEMBL3905522,Serine/threonine-protein kinase B-raf,Wild Type,100.0,<,nM,censored_relation
3671,CHEMBL3923624,Serine/threonine-protein kinase B-raf,Wild Type,100.0,<,nM,censored_relation
3673,CHEMBL3959107,Serine/threonine-protein kinase B-raf,Wild Type,100.0,<,nM,censored_relation
3675,CHEMBL3982007,Serine/threonine-protein kinase B-raf,Wild Type,100.0,<,nM,censored_relation
3676,CHEMBL3907433,Serine/threonine-protein kinase B-raf,Wild Type,100.0,<,nM,censored_relation
3677,CHEMBL3938777,Serine/threonine-protein kinase B-raf,Wild Type,100.0,<,nM,censored_relation
3678,CHEMBL3918799,Serine/threonine-protein kinase B-raf,Wild Type,100.0,<,nM,censored_relation
3681,CHEMBL3912614,Serine/threonine-protein kinase B-raf,Wild Type,100.0,<,nM,censored_relation
3683,CHEMBL3897055,Serine/threonine-protein kinase B-raf,Wild Type,10000.0,>=,nM,censored_relation
3687,CHEMBL3943118,Serine/threonine-protein kinase B-raf,Wild Type,10000.0,>=,nM,censored_relation
3690,CHEMBL3984324,Serine/threonine-protein kinase B-raf,Wild Type,100.0,<,nM,censored_relation
3691,CHEMBL3939558,Serine/threonine-protein kinase B-raf,Wild Type,100.0,<,nM,censored_relation
3692,CHEMBL3987021,Serine/threonine-protein kinase B-raf,Wild Type,100.0,<,nM,censored_relation
3693,CHEMBL3927298,Serine/threonine-protein kinase B-raf,Wild Type,100.0,<,nM,censored_relation
3694,CHEMBL3969503,Serine/threonine-protein kinase B-raf,Wild Type,100.0,<,nM,censored_relation
3695,CHEMBL3926363,Serine/threonine-protein kinase B-raf,Wild Type,100.0,<,nM,censored_relation
3696,CHEMBL3929028,Serine/threonine-protein kinase B-raf,Wild Type,100.0,<,nM,censored_relation
3697,CHEMBL3930184,Serine/threonine-protein kinase B-raf,Wild Type,100.0,<,nM,censored_relation
3698,CHEMBL3935700,Serine/threonine-protein kinase B-raf,Wild Type,100.0,<,nM,censored_relation
3699,CHEMBL3922054,Serine/threonine-protein kinase B-raf,Wild Type,100.0,<,nM,censored_relation
3701,CHEMBL3977336,Serine/threonine-protein kinase B-raf,Wild Type,100.0,<,nM,censored_relation
3702,CHEMBL3958812,Serine/threonine-protein kinase B-raf,Wild Type,100.0,<,nM,censored_relation
3703,CHEMBL3927404,Serine/threonine-protein kinase B-raf,Wild Type,100.0,<,nM,censored_relation
3705,CHEMBL3966310,Serine/threonine-protein kinase B-raf,Wild Type,100.0,<,nM,censored_relation
3706,CHEMBL3916640,Serine/threonine-protein kinase B-raf,Wild Type,100.0,<,nM,censored_relation
3707,CHEMBL3931903,Serine/threonine-protein kinase B-raf,Wild Type,100.0,<,nM,censored_relation
3708,CHEMBL3986673,Serine/threonine-protein kinase B-raf,Wild Type,100.0,<,nM,censored_relation
3709,CHEMBL3984514,Serine/threonine-protein kinase B-raf,Wild Type,100.0,<,nM,censored_relation
3710,CHEMBL3904666,Serine/threonine-protein kinase B-raf,Wild Type,100.0,<,nM,censored_relation
3712,CHEMBL3919540,Serine/threonine-protein kinase B-raf,Wild Type,100.0,<,nM,censored_relation
3714,CHEMBL3924550,Serine/threonine-protein kinase B-raf,Wild Type,100.0,<,nM,censored_relation
3715,CHEMBL3967373,Serine/threonine-protein kinase B-raf,Wild Type,100.0,<,nM,censored_relation
3716,CHEMBL3913502,Serine/threonine-protein kinase B-raf,Wild Type,10000.0,>=,nM,censored_relation
3719,CHEMBL3947160,Serine/threonine-protein kinase B-raf,Wild Type,10000.0,>=,nM,censored_relation
3722,CHEMBL3986930,Serine/threonine-protein kinase B-raf,Wild Type,10000.0,>=,nM,censored_relation
3723,CHEMBL3933226,Serine/threonine-protein kinase B-raf,Wild Type,10000.0,>=,nM,censored_relation
3724,CHEMBL3910274,Serine/threonine-protein kinase B-raf,Wild Type,100.0,<,nM,censored_relation
3725,CHEMBL3902749,Serine/threonine-protein kinase B-raf,Wild Type,100.0,<,nM,censored_relation
3726,CHEMBL3984321,Serine/threonine-protein kinase B-raf,Wild Type,100.0,<,nM,censored_relation
3727,CHEMBL3942608,Serine/threonine-protein kinase B-raf,Wild Type,100.0,<,nM,censored_relation
3728,CHEMBL3977911,Serine/threonine-protein kinase B-raf,Wild Type,100.0,<,nM,censored_relation
3729,CHEMBL3920152,Serine/threonine-protein kinase B-raf,Wild Type,100.0,<,nM,censored_relation
3730,CHEMBL3917411,Serine/threonine-protein kinase B-raf,Wild Type,100.0,<,nM,censored_relation
3731,CHEMBL3960192,Serine/threonine-protein kinase B-raf,Wild Type,100.0,<,nM,censored_relation
3732,CHEMBL3894025,Serine/threonine-protein kinase B-raf,Wild Type,100.0,<,nM,censored_relation
3734,CHEMBL3928989,Serine/threonine-protein kinase B-raf,Wild Type,100.0,<,nM,censored_relation
3735,CHEMBL3916768,Serine/threonine-protein kinase B-raf,Wild Type,100.0,<,nM,censored_relation
3736,CHEMBL3986777,Serine/threonine-protein kinase B-raf,Wild Type,100.0,<,nM,censored_relation
3737,CHEMBL3967155,Serine/threonine-protein kinase B-raf,Wild Type,100.0,<,nM,censored_relation
3738,CHEMBL3949534,Serine/threonine-protein kinase B-raf,Wild Type,100.0,<,nM,censored_relation
3741,CHEMBL3957403,Serine/threonine-protein kinase B-raf,Wild Type,100.0,<,nM,censored_relation
3742,CHEMBL3936719,Serine/threonine-protein kinase B-raf,Wild Type,100.0,<,nM,censored_relation
3743,CHEMBL3932536,Serine/threonine-protein kinase B-raf,Wild Type,100.0,<,nM,censored_relation
3744,CHEMBL3966007,Serine/threonine-protein kinase B-raf,Wild Type,100.0,<,nM,censored_relation
3745,CHEMBL3952670,Serine/threonine-protein kinase B-raf,Wild Type,100.0,<,nM,censored_relation
3746,CHEMBL3968884,Serine/threonine-protein kinase B-raf,Wild Type,100.0,<,nM,censored_relation
3747,CHEMBL3952084,Serine/threonine-protein kinase B-raf,Wild Type,100.0,<,nM,censored_relation
3748,CHEMBL3921838,Serine/threonine-protein kinase B-raf,Wild Type,100.0,<,nM,censored_relation
3750,CHEMBL3967603,Serine/threonine-protein kinase B-raf,Wild Type,10000.0,>=,nM,censored_relation
3752,CHEMBL3967006,Serine/threonine-protein kinase B-raf,Wild Type,10000.0,>=,nM,censored_relation
3756,CHEMBL3948502,Serine/threonine-protein kinase B-raf,Wild Type,10000.0,>=,nM,censored_relation
3757,CHEMBL3969244,Serine/threonine-protein kinase B-raf,Wild Type,10000.0,>=,nM,censored_relation
3758,CHEMBL3921990,Serine/threonine-protein kinase B-raf,Wild Type,100.0,<,nM,censored_relation
3759,CHEMBL3931102,Serine/threonine-protein kinase B-raf,Wild Type,100.0,<,nM,censored_relation
3760,CHEMBL3945970,Serine/threonine-protein kinase B-raf,Wild Type,100.0,<,nM,censored_relation
3761,CHEMBL3902864,Serine/threonine-protein kinase B-raf,Wild Type,100.0,<,nM,censored_relation
3762,CHEMBL3905527,Serine/threonine-protein kinase B-raf,Wild Type,100.0,<,nM,censored_relation
3764,CHEMBL3902602,Serine/threonine-protein kinase B-raf,Wild Type,100.0,<,nM,censored_relation
3765,CHEMBL3907117,Serine/threonine-protein kinase B-raf,Wild Type,100.0,<,nM,censored_relation
3766,CHEMBL3918099,Serine/threonine-protein kinase B-raf,Wild Type,100.0,<,nM,censored_relation
3768,CHEMBL3914011,Serine/threonine-protein kinase B-raf,Wild Type,100.0,<,nM,censored_relation
3769,CHEMBL3933706,Serine/threonine-protein kinase B-raf,Wild Type,100.0,<,nM,censored_relation
3770,CHEMBL3903202,Serine/threonine-protein kinase B-raf,Wild Type,100.0,<,nM,censored_relation
3771,CHEMBL3901924,Serine/threonine-protein kinase B-raf,Wild Type,100.0,<,nM,censored_relation
3772,CHEMBL3902307,Serine/threonine-protein kinase B-raf,Wild Type,100.0,<,nM,censored_relation
3773,CHEMBL3910376,Serine/threonine-protein kinase B-raf,Wild Type,100.0,<,nM,censored_relation
3775,CHEMBL3913111,Serine/threonine-protein kinase B-raf,Wild Type,100.0,<,nM,censored_relation
3776,CHEMBL3985164,Serine/threonine-protein kinase B-raf,Wild Type,100.0,<,nM,censored_relation
3778,CHEMBL3937075,Serine/threonine-protein kinase B-raf,Wild Type,100.0,<,nM,censored_relation
3779,CHEMBL3915568,Serine/threonine-protein kinase B-raf,Wild Type,100.0,<,nM,censored_relation
3781,CHEMBL3920358,Serine/threonine-protein kinase B-raf,Wild Type,10000.0,>=,nM,censored_relation
3782,CHEMBL3964285,Serine/threonine-protein kinase B-raf,Wild Type,10000.0,>=,nM,censored_relation
3789,CHEMBL3911090,Serine/threonine-protein kinase B-raf,Wild Type,100.0,<,nM,censored_relation
3790,CHEMBL3971958,Serine/threonine-protein kinase B-raf,Wild Type,10000.0,>=,nM,censored_relation
3791,CHEMBL3905944,Serine/threonine-protein kinase B-raf,Wild Type,100.0,<,nM,censored_relation
3792,CHEMBL3978390,Serine/threonine-protein kinase B-raf,Wild Type,100.0,<,nM,censored_relation
3793,CHEMBL3941540,Serine/threonine-protein kinase B-raf,Wild Type,100.0,<,nM,censored_relation
3794,CHEMBL3919040,Serine/threonine-protein kinase B-raf,Wild Type,100.0,<,nM,censored_relation
3795,CHEMBL3909298,Serine/threonine-protein kinase B-raf,Wild Type,100.0,<,nM,censored_relation
3796,CHEMBL3937967,Serine/threonine-protein kinase B-raf,Wild Type,100.0,<,nM,censored_relation
3797,CHEMBL3935169,Serine/threonine-protein kinase B-raf,Wild Type,100.0,<,nM,censored_relation
3798,CHEMBL3984499,Serine/threonine-protein kinase B-raf,Wild Type,100.0,<,nM,censored_relation
3799,CHEMBL3959066,Serine/threonine-protein kinase B-raf,Wild Type,100.0,<,nM,censored_relation
3800,CHEMBL3928258,Serine/threonine-protein kinase B-raf,Wild Type,100.0,<,nM,censored_relation
3801,CHEMBL3915300,Serine/threonine-protein kinase B-raf,Wild Type,100.0,<,nM,censored_relation
3802,CHEMBL3905034,Serine/threonine-protein kinase B-raf,Wild Type,100.0,<,nM,censored_relation
3803,CHEMBL3930992,Serine/threonine-protein kinase B-raf,Wild Type,100.0,<,nM,censored_relation
3807,CHEMBL3921633,Serine/threonine-protein kinase B-raf,Wild Type,100.0,<,nM,censored_relation
3809,CHEMBL3910459,Serine/threonine-protein kinase B-raf,Wild Type,100.0,<,nM,censored_relation
3810,CHEMBL3958637,Serine/threonine-protein kinase B-raf,Wild Type,100.0,<,nM,censored_relation
3811,CHEMBL3957394,Serine/threonine-protein kinase B-raf,Wild Type,100.0,<,nM,censored_relation
3812,CHEMBL3976273,Serine/threonine-protein kinase B-raf,Wild Type,100.0,<,nM,censored_relation
3813,CHEMBL3953302,Serine/threonine-protein kinase B-raf,Wild Type,100.0,<,nM,censored_relation
3814,CHEMBL3895060,Serine/threonine-protein kinase B-raf,Wild Type,100.0,<,nM,censored_relation
3815,CHEMBL3908455,Serine/threonine-protein kinase B-raf,Wild Type,100.0,<,nM,censored_relation
3816,CHEMBL3941495,Serine/threonine-protein kinase B-raf,Wild Type,100.0,<,nM,censored_relation
3818,CHEMBL3935089,Serine/threonine-protein kinase B-raf,Wild Type,100.0,<,nM,censored_relation
3819,CHEMBL3913796,Serine/threonine-protein kinase B-raf,Wild Type,10000.0,>=,nM,censored_relation
3820,CHEMBL3922513,Serine/threonine-protein kinase B-raf,Wild Type,10000.0,>=,nM,censored_relation
3821,CHEMBL3952619,Serine/threonine-protein kinase B-raf,Wild Type,10000.0,>=,nM,censored_relation
3822,CHEMBL3890661,Serine/threonine-protein kinase B-raf,Wild Type,10000.0,>=,nM,censored_relation
3823,CHEMBL3967991,Serine/threonine-protein kinase B-raf,Wild Type,10000.0,>=,nM,censored_relation
3824,CHEMBL3903268,Serine/threonine-protein kinase B-raf,Wild Type,100.0,<,nM,censored_relation
3825,CHEMBL3973374,Serine/threonine-protein kinase B-raf,Wild Type,100.0,<,nM,censored_relation
3826,CHEMBL3923498,Serine/threonine-protein kinase B-raf,Wild Type,100.0,<,nM,censored_relation
3827,CHEMBL3960991,Serine/threonine-protein kinase B-raf,Wild Type,100.0,<,nM,censored_relation
3828,CHEMBL3958330,Serine/threonine-protein kinase B-raf,Wild Type,100.0,<,nM,censored_relation
3829,CHEMBL3961946,Serine/threonine-protein kinase B-raf,Wild Type,100.0,<,nM,censored_relation
3830,CHEMBL3906444,Serine/threonine-protein kinase B-raf,Wild Type,100.0,<,nM,censored_relation
3831,CHEMBL3981991,Serine/threonine-protein kinase B-raf,Wild Type,100.0,<,nM,censored_relation
3832,CHEMBL3970918,Serine/threonine-protein kinase B-raf,Wild Type,100.0,<,nM,censored_relation
3833,CHEMBL3969421,Serine/threonine-protein kinase B-raf,Wild Type,100.0,<,nM,censored_relation
3836,CHEMBL3892962,Serine/threonine-protein kinase B-raf,Wild Type,100.0,<,nM,censored_relation
3840,CHEMBL3984062,Serine/threonine-protein kinase B-raf,Wild Type,100.0,<,nM,censored_relation
3841,CHEMBL3920753,Serine/threonine-protein kinase B-raf,Wild Type,100.0,<,nM,censored_relation
3842,CHEMBL3948255,Serine/threonine-protein kinase B-raf,Wild Type,100.0,<,nM,censored_relation
3844,CHEMBL3966875,Serine/threonine-protein kinase B-raf,Wild Type,100.0,<,nM,censored_relation
3845,CHEMBL3965301,Serine/threonine-protein kinase B-raf,Wild Type,100.0,<,nM,censored_relation
3846,CHEMBL3919095,Serine/threonine-protein kinase B-raf,Wild Type,100.0,<,nM,censored_relation
3848,CHEMBL3895431,Serine/threonine-protein kinase B-raf,Wild Type,100.0,<,nM,censored_relation
3852,CHEMBL3978172,Serine/threonine-protein kinase B-raf,Wild Type,10000.0,>=,nM,censored_relation
3853,CHEMBL3925259,Serine/threonine-protein kinase B-raf,Wild Type,10000.0,>=,nM,censored_relation
3855,CHEMBL3979291,Serine/threonine-protein kinase B-raf,Wild Type,10000.0,>=,nM,censored_relation
3856,CHEMBL3912984,Serine/threonine-protein kinase B-raf,Wild Type,10000.0,>=,nM,censored_relation
3857,CHEMBL3925138,Serine/threonine-protein kinase B-raf,Wild Type,100.0,<,nM,censored_relation
3858,CHEMBL3926623,Serine/threonine-protein kinase B-raf,Wild Type,100.0,<,nM,censored_relation
3861,CHEMBL3904804,Serine/threonine-protein kinase B-raf,Wild Type,100.0,<,nM,censored_relation
3863,CHEMBL3912249,Serine/threonine-protein kinase B-raf,Wild Type,100.0,<,nM,censored_relation
3864,CHEMBL3908146,Serine/threonine-protein kinase B-raf,Wild Type,100.0,<,nM,censored_relation
3866,CHEMBL3977852,Serine/threonine-protein kinase B-raf,Wild Type,100.0,<,nM,censored_relation
3867,CHEMBL3891234,Serine/threonine-protein kinase B-raf,Wild Type,100.0,<,nM,censored_relation
3870,CHEMBL3944333,Serine/threonine-protein kinase B-raf,Wild Type,10000.0,>=,nM,censored_relation
3872,CHEMBL3973728,Serine/threonine-protein kinase B-raf,Wild Type,10000.0,>=,nM,censored_relation
3873,CHEMBL3973795,Serine/threonine-protein kinase B-raf,Wild Type,100.0,<,nM,censored_relation
3874,CHEMBL3952387,Serine/threonine-protein kinase B-raf,Wild Type,100.0,<,nM,censored_relation
3875,CHEMBL3922711,Serine/threonine-protein kinase B-raf,Wild Type,100.0,<,nM,censored_relation
3876,CHEMBL3914000,Serine/threonine-protein kinase B-raf,Wild Type,100.0,<,nM,censored_relation
3878,CHEMBL3890638,Serine/threonine-protein kinase B-raf,Wild Type,100.0,<,nM,censored_relation
3879,CHEMBL3984031,Serine/threonine-protein kinase B-raf,Wild Type,100.0,<,nM,censored_relation
3881,CHEMBL3906845,Serine/threonine-protein kinase B-raf,Wild Type,100.0,<,nM,censored_relation
3882,CHEMBL3970625,Serine/threonine-protein kinase B-raf,Wild Type,100.0,<,nM,censored_relation
3884,CHEMBL3970673,Serine/threonine-protein kinase B-raf,Wild Type,100.0,<,nM,censored_relation
3885,CHEMBL3970988,Serine/threonine-protein kinase B-raf,Wild Type,100.0,<,nM,censored_relation
3886,CHEMBL3918142,Serine/threonine-protein kinase B-raf,Wild Type,100.0,<,nM,censored_relation
3887,CHEMBL3890032,Serine/threonine-protein kinase B-raf,Wild Type,100.0,<,nM,censored_relation
3891,CHEMBL3937421,Serine/threonine-protein kinase B-raf,Wild Type,10000.0,>=,nM,censored_relation
3893,CHEMBL3986475,Serine/threonine-protein kinase B-raf,Wild Type,10000.0,>=,nM,censored_relation
3895,CHEMBL3898711,Serine/threonine-protein kinase B-raf,Wild Type,100.0,<,nM,censored_relation
3896,CHEMBL3957627,Serine/threonine-protein kinase B-raf,Wild Type,100.0,<,nM,censored_relation
3897,CHEMBL3942529,Serine/threonine-protein kinase B-raf,Wild Type,100.0,<,nM,censored_relation
3898,CHEMBL3933524,Serine/threonine-protein kinase B-raf,Wild Type,100.0,<,nM,censored_relation
3900,CHEMBL3916734,Serine/threonine-protein kinase B-raf,Wild Type,100.0,<,nM,censored_relation
3901,CHEMBL3898644,Serine/threonine-protein kinase B-raf,Wild Type,100.0,<,nM,censored_relation
3903,CHEMBL3901146,Serine/threonine-protein kinase B-raf,Wild Type,100.0,<,nM,censored_relation
3907,CHEMBL3936983,Serine/threonine-protein kinase B-raf,Wild Type,100.0,<,nM,censored_relation
3908,CHEMBL3899725,Serine/threonine-protein kinase B-raf,Wild Type,100.0,<,nM,censored_relation
3909,CHEMBL3936806,Serine/threonine-protein kinase B-raf,Wild Type,100.0,<,nM,censored_relation
3911,CHEMBL3922123,Serine/threonine-protein kinase B-raf,Wild Type,100.0,<,nM,censored_relation
3912,CHEMBL3979525,Serine/threonine-protein kinase B-raf,Wild Type,100.0,<,nM,censored_relation
3913,CHEMBL3957501,Serine/threonine-protein kinase B-raf,Wild Type,100.0,<,nM,censored_relation
3916,CHEMBL3974840,Serine/threonine-protein kinase B-raf,Wild Type,100.0,<,nM,censored_relation
3917,CHEMBL3977957,Serine/threonine-protein kinase B-raf,Wild Type,100.0,<,nM,censored_relation
3918,CHEMBL3962184,Serine/threonine-protein kinase B-raf,Wild Type,100.0,<,nM,censored_relation
3919,CHEMBL3911888,Serine/threonine-protein kinase B-raf,Wild Type,100.0,<,nM,censored_relation
3920,CHEMBL3954403,Serine/threonine-protein kinase B-raf,Wild Type,100.0,<,nM,censored_relation
3921,CHEMBL3919386,Serine/threonine-protein kinase B-raf,Wild Type,100.0,<,nM,censored_relation
3922,CHEMBL3941667,Serine/threonine-protein kinase B-raf,Wild Type,100.0,<,nM,censored_relation
3923,CHEMBL3929784,Serine/threonine-protein kinase B-raf,Wild Type,100.0,<,nM,censored_relation
3925,CHEMBL3949483,Serine/threonine-protein kinase B-raf,Wild Type,100.0,<,nM,censored_relation
3926,CHEMBL3962432,Serine/threonine-protein kinase B-raf,Wild Type,10000.0,>=,nM,censored_relation
3928,CHEMBL3936915,Serine/threonine-protein kinase B-raf,Wild Type,10000.0,>=,nM,censored_relation
3930,CHEMBL3975749,Serine/threonine-protein kinase B-raf,Wild Type,10000.0,>=,nM,censored_relation
3931,CHEMBL3891883,Serine/threonine-protein kinase B-raf,Wild Type,10000.0,>=,nM,censored_relation
3932,CHEMBL3930538,Serine/threonine-protein kinase B-raf,Wild Type,10000.0,>=,nM,censored_relation
3933,CHEMBL3893461,Serine/threonine-protein kinase B-raf,Wild Type,100.0,<,nM,censored_relation
3934,CHEMBL3933037,Serine/threonine-protein kinase B-raf,Wild Type,100.0,<,nM,censored_relation
3935,CHEMBL3895663,Serine/threonine-protein kinase B-raf,Wild Type,100.0,<,nM,censored_relation
3936,CHEMBL3952140,Serine/threonine-protein kinase B-raf,Wild Type,100.0,<,nM,censored_relation
3937,CHEMBL3954791,Serine/threonine-protein kinase B-raf,Wild Type,100.0,<,nM,censored_relation
3938,CHEMBL3973546,Serine/threonine-protein kinase B-raf,Wild Type,100.0,<,nM,censored_relation
3939,CHEMBL3899373,Serine/threonine-protein kinase B-raf,Wild Type,100.0,<,nM,censored_relation
3941,CHEMBL3939858,Serine/threonine-protein kinase B-raf,Wild Type,100.0,<,nM,censored_relation
3943,CHEMBL3904563,Serine/threonine-protein kinase B-raf,Wild Type,100.0,<,nM,censored_relation
3945,CHEMBL3976828,Serine/threonine-protein kinase B-raf,Wild Type,10000.0,>=,nM,censored_relation
3947,CHEMBL3969603,Serine/threonine-protein kinase B-raf,Wild Type,10000.0,>=,nM,censored_relation
3948,CHEMBL3981032,Serine/threonine-protein kinase B-raf,Wild Type,100.0,<,nM,censored_relation
3949,CHEMBL3933808,Serine/threonine-protein kinase B-raf,Wild Type,100.0,<,nM,censored_relation
3950,CHEMBL3944225,Serine/threonine-protein kinase B-raf,Wild Type,100.0,<,nM,censored_relation
3951,CHEMBL3986191,Serine/threonine-protein kinase B-raf,Wild Type,100.0,<,nM,censored_relation
3952,CHEMBL3891119,Serine/threonine-protein kinase B-raf,Wild Type,100.0,<,nM,censored_relation
3953,CHEMBL3940926,Serine/threonine-protein kinase B-raf,Wild Type,100.0,<,nM,censored_relation
3954,CHEMBL3950389,Serine/threonine-protein kinase B-raf,Wild Type,100.0,<,nM,censored_relation
3955,CHEMBL3899830,Serine/threonine-protein kinase B-raf,Wild Type,100.0,<,nM,censored_relation
3956,CHEMBL3909927,Serine/threonine-protein kinase B-raf,Wild Type,100.0,<,nM,censored_relation
3958,CHEMBL3912623,Serine/threonine-protein kinase B-raf,Wild Type,100.0,<,nM,censored_relation
3959,CHEMBL3895329,Serine/threonine-protein kinase B-raf,Wild Type,100.0,<,nM,censored_relation
3965,CHEMBL3986250,Serine/threonine-protein kinase B-raf,Wild Type,100.0,<,nM,censored_relation
3967,CHEMBL3932042,Serine/threonine-protein kinase B-raf,Wild Type,100.0,<,nM,censored_relation
3968,CHEMBL3912868,Serine/threonine-protein kinase B-raf,Wild Type,100.0,<,nM,censored_relation
3969,CHEMBL3947729,Serine/threonine-protein kinase B-raf,Wild Type,10000.0,>=,nM,censored_relation
3971,CHEMBL3935093,Serine/threonine-protein kinase B-raf,Wild Type,10000.0,>=,nM,censored_relation
3972,CHEMBL3917582,Serine/threonine-protein kinase B-raf,Wild Type,10000.0,>=,nM,censored_relation
3973,CHEMBL3926056,Serine/threonine-protein kinase B-raf,Wild Type,10000.0,>=,nM,censored_relation
3974,CHEMBL3970715,Serine/threonine-protein kinase B-raf,Wild Type,10000.0,>=,nM,censored_relation
3977,CHEMBL3953994,Serine/threonine-protein kinase B-raf,Wild Type,100.0,<,nM,censored_relation
3978,CHEMBL3895695,Serine/threonine-protein kinase B-raf,Wild Type,100.0,<,nM,censored_relation
3980,CHEMBL3934876,Serine/threonine-protein kinase B-raf,Wild Type,100.0,<,nM,censored_relation
3981,CHEMBL3889881,Serine/threonine-protein kinase B-raf,Wild Type,10000.0,>=,nM,censored_relation
3982,CHEMBL3901260,Serine/threonine-protein kinase B-raf,Wild Type,100.0,<,nM,censored_relation
3984,CHEMBL3984827,Serine/threonine-protein kinase B-raf,Wild Type,100.0,<,nM,censored_relation
3985,CHEMBL3939435,Serine/threonine-protein kinase B-raf,Wild Type,100.0,<,nM,censored_relation
3986,CHEMBL3896457,Serine/threonine-protein kinase B-raf,Wild Type,100.0,<,nM,censored_relation
3987,CHEMBL3972982,Serine/threonine-protein kinase B-raf,Wild Type,100.0,<,nM,censored_relation
3988,CHEMBL3970324,Serine/threonine-protein kinase B-raf,Wild Type,100.0,<,nM,censored_relation
3989,CHEMBL3966949,Serine/threonine-protein kinase B-raf,Wild Type,100.0,<,nM,censored_relation
3990,CHEMBL3924801,Serine/threonine-protein kinase B-raf,Wild Type,100.0,<,nM,censored_relation
3991,CHEMBL3955737,Serine/threonine-protein kinase B-raf,Wild Type,100.0,<,nM,censored_relation
3993,CHEMBL3947386,Serine/threonine-protein kinase B-raf,Wild Type,100.0,<,nM,censored_relation
3995,CHEMBL3986543,Serine/threonine-protein kinase B-raf,Wild Type,100.0,<,nM,censored_relation
3996,CHEMBL3970597,Serine/threonine-protein kinase B-raf,Wild Type,100.0,<,nM,censored_relation
3997,CHEMBL3927054,Serine/threonine-protein kinase B-raf,Wild Type,100.0,<,nM,censored_relation
3999,CHEMBL3937085,Serine/threonine-protein kinase B-raf,Wild Type,100.0,<,nM,censored_relation
4000,CHEMBL3921128,Serine/threonine-protein kinase B-raf,Wild Type,100.0,<,nM,censored_relation
4003,CHEMBL3959362,Serine/threonine-protein kinase B-raf,Wild Type,100.0,<,nM,censored_relation
4004,CHEMBL3898105,Serine/threonine-protein kinase B-raf,Wild Type,100.0,<,nM,censored_relation
4005,CHEMBL3980197,Serine/threonine-protein kinase B-raf,Wild Type,10000.0,>=,nM,censored_relation
4007,CHEMBL3900426,Serine/threonine-protein kinase B-raf,Wild Type,10000.0,>=,nM,censored_relation
4008,CHEMBL3912822,Serine/threonine-protein kinase B-raf,Wild Type,10000.0,>=,nM,censored_relation
4009,CHEMBL3928629,Serine/threonine-protein kinase B-raf,Wild Type,10000.0,>=,nM,censored_relation
4116,CHEMBL3659907,Serine/threonine-protein kinase B-raf,V600E,1400.0,>,nM,censored_relation
4223,CHEMBL3694012,Serine/threonine-protein kinase B-raf,V600E,1.0,<,nM,censored_relation
4224,CHEMBL3694013,Serine/threonine-protein kinase B-raf,V600E,1.0,<,nM,censored_relation
4225,CHEMBL3694014,Serine/threonine-protein kinase B-raf,V600E,1.0,<,nM,censored_relation
4228,CHEMBL3694017,Serine/threonine-protein kinase B-raf,V600E,1.0,<,nM,censored_relation
4229,CHEMBL3694018,Serine/threonine-protein kinase B-raf,V600E,1.0,<,nM,censored_relation
4232,CHEMBL3694021,Serine/threonine-protein kinase B-raf,V600E,1.0,<,nM,censored_relation
4233,CHEMBL3694022,Serine/threonine-protein kinase B-raf,V600E,1.0,<,nM,censored_relation
4234,CHEMBL3694023,Serine/threonine-protein kinase B-raf,V600E,1.0,<,nM,censored_relation
4236,CHEMBL3694025,Serine/threonine-protein kinase B-raf,V600E,1.0,<,nM,censored_relation
4277,CHEMBL3694065,Serine/threonine-protein kinase B-raf,V600E,1.0,<,nM,censored_relation
4306,CHEMBL3694094,Serine/threonine-protein kinase B-raf,V600E,1.0,<,nM,censored_relation
4319,CHEMBL3694107,Serine/threonine-protein kinase B-raf,V600E,2000.0,>,nM,censored_relation
4323,CHEMBL3694111,Serine/threonine-protein kinase B-raf,V600E,1000.0,>,nM,censored_relation
4330,CHEMBL3694118,Serine/threonine-protein kinase B-raf,V600E,150.0,>,nM,censored_relation
4339,CHEMBL3694127,Serine/threonine-protein kinase B-raf,V600E,1000.0,>,nM,censored_relation
4361,CHEMBL3694149,Serine/threonine-protein kinase B-raf,V600E,1.0,<,nM,censored_relation
4383,CHEMBL3694170,Serine/threonine-protein kinase B-raf,V600E,1.0,<,nM,censored_relation
4386,CHEMBL3694173,Serine/threonine-protein kinase B-raf,V600E,1.0,<,nM,censored_relation
4391,CHEMBL3694178,Serine/threonine-protein kinase B-raf,V600E,1.0,<,nM,censored_relation
4398,CHEMBL3694185,Serine/threonine-protein kinase B-raf,V600E,1.0,<,nM,censored_relation
4401,CHEMBL3694188,Serine/threonine-protein kinase B-raf,V600E,1.0,<,nM,censored_relation
4407,CHEMBL3694194,Serine/threonine-protein kinase B-raf,V600E,1.0,<,nM,censored_relation
4408,CHEMBL3694195,Serine/threonine-protein kinase B-raf,V600E,1.0,<,nM,censored_relation
4413,CHEMBL3694200,Serine/threonine-protein kinase B-raf,V600E,1.0,<,nM,censored_relation
4419,CHEMBL3694206,Serine/threonine-protein kinase B-raf,V600E,1.0,<,nM,censored_relation
4421,CHEMBL3694208,Serine/threonine-protein kinase B-raf,V600E,1.0,<,nM,censored_relation
4424,CHEMBL3694211,Serine/threonine-protein kinase B-raf,V600E,1.0,<,nM,censored_relation
4427,CHEMBL3694214,Serine/threonine-protein kinase B-raf,V600E,1.0,<,nM,censored_relation
4428,CHEMBL3694215,Serine/threonine-protein kinase B-raf,V600E,1.0,<,nM,censored_relation
4431,CHEMBL3694218,Serine/threonine-protein kinase B-raf,V600E,1.0,<,nM,censored_relation
4437,CHEMBL3694224,Serine/threonine-protein kinase B-raf,V600E,1.0,<,nM,censored_relation
4440,CHEMBL3694227,Serine/threonine-protein kinase B-raf,V600E,1.0,<,nM,censored_relation
4443,CHEMBL3694230,Serine/threonine-protein kinase B-raf,V600E,1.0,<,nM,censored_relation
4445,CHEMBL3697717,Serine/threonine-protein kinase B-raf,V600E,1.0,<,nM,censored_relation
4450,CHEMBL3697722,Serine/threonine-protein kinase B-raf,V600E,1.0,<,nM,censored_relation
4454,CHEMBL3697725,Serine/threonine-protein kinase B-raf,V600E,7000.0,>,nM,censored_relation
4458,CHEMBL3697729,Serine/threonine-protein kinase B-raf,V600E,15000.0,>,nM,censored_relation
4460,CHEMBL3697731,Serine/threonine-protein kinase B-raf,V600E,15000.0,>,nM,censored_relation
4462,CHEMBL3697733,Serine/threonine-protein kinase B-raf,V600E,2000.0,>,nM,censored_relation
4464,CHEMBL3697735,Serine/threonine-protein kinase B-raf,V600E,15000.0,>,nM,censored_relation
4466,CHEMBL3697737,Serine/threonine-protein kinase B-raf,V600E,15000.0,>,nM,censored_relation
4468,CHEMBL3697739,Serine/threonine-protein kinase B-raf,V600E,15000.0,>,nM,censored_relation
4469,CHEMBL3697740,Serine/threonine-protein kinase B-raf,V600E,2000.0,>,nM,censored_relation
4472,CHEMBL3697743,Serine/threonine-protein kinase B-raf,V600E,15000.0,>,nM,censored_relation
4476,CHEMBL3697747,Serine/threonine-protein kinase B-raf,V600E,10000.0,>,nM,censored_relation
4477,CHEMBL3697748,Serine/threonine-protein kinase B-raf,V600E,2000.0,>,nM,censored_relation
4478,CHEMBL3697749,Serine/threonine-protein kinase B-raf,V600E,10000.0,>,nM,censored_relation
4480,CHEMBL3697751,Serine/threonine-protein kinase B-raf,V600E,2000.0,>,nM,censored_relation
4483,CHEMBL3697754,Serine/threonine-protein kinase B-raf,V600E,2000.0,>,nM,censored_relation
4485,CHEMBL3697756,Serine/threonine-protein kinase B-raf,V600E,2000.0,>,nM,censored_relation
4487,CHEMBL3697758,Serine/threonine-protein kinase B-raf,V600E,15000.0,>,nM,censored_relation
4490,CHEMBL3697761,Serine/threonine-protein kinase B-raf,V600E,10000.0,>,nM,censored_relation
4497,CHEMBL3697768,Serine/threonine-protein kinase B-raf,V600E,1.0,<,nM,censored_relation
4499,CHEMBL3697770,Serine/threonine-protein kinase B-raf,V600E,1.0,<,nM,censored_relation
4518,CHEMBL3697789,Serine/threonine-protein kinase B-raf,V600E,1.0,<,nM,censored_relation
4519,CHEMBL3697790,Serine/threonine-protein kinase B-raf,V600E,1.0,<,nM,censored_relation
4536,CHEMBL3697807,Serine/threonine-protein kinase B-raf,V600E,1.0,<,nM,censored_relation
4576,CHEMBL3697846,Serine/threonine-protein kinase B-raf,V600E,1.0,<,nM,censored_relation
4579,CHEMBL3697849,Serine/threonine-protein kinase B-raf,V600E,1.0,<,nM,censored_relation
4590,CHEMBL3697860,Serine/threonine-protein kinase B-raf,V600E,1.0,<,nM,censored_relation
4596,CHEMBL3697865,Serine/threonine-protein kinase B-raf,V600E,1.0,<,nM,censored_relation
4616,CHEMBL3697885,Serine/threonine-protein kinase B-raf,V600E,1.0,<,nM,censored_relation
4623,CHEMBL3697892,Serine/threonine-protein kinase B-raf,V600E,1.0,<,nM,censored_relation
4624,CHEMBL3697893,Serine/threonine-protein kinase B-raf,V600E,1.0,<,nM,censored_relation
4625,CHEMBL3697894,Serine/threonine-protein kinase B-raf,V600E,1.0,<,nM,censored_relation
4626,CHEMBL3697895,Serine/threonine-protein kinase B-raf,V600E,1.0,<,nM,censored_relation
4627,CHEMBL3697896,Serine/threonine-protein kinase B-raf,V600E,1.0,<,nM,censored_relation
4629,CHEMBL3697898,Serine/threonine-protein kinase B-raf,V600E,1.0,<,nM,censored_relation
4630,CHEMBL3697899,Serine/threonine-protein kinase B-raf,V600E,1.0,<,nM,censored_relation
4631,CHEMBL3697900,Serine/threonine-protein kinase B-raf,V600E,1.0,<,nM,censored_relation
4637,CHEMBL3697906,Serine/threonine-protein kinase B-raf,V600E,1.0,<,nM,censored_relation
4638,CHEMBL3697900,Serine/threonine-protein kinase B-raf,V600E,1.0,<,nM,censored_relation
4655,CHEMBL3697922,Serine/threonine-protein kinase B-raf,V600E,1.0,<,nM,censored_relation
4661,CHEMBL3697928,Serine/threonine-protein kinase B-raf,V600E,1.0,<,nM,censored_relation
4662,CHEMBL3697929,Serine/threonine-protein kinase B-raf,V600E,1.0,<,nM,censored_relation
4663,CHEMBL3697930,Serine/threonine-protein kinase B-raf,V600E,1.0,<,nM,censored_relation
4686,CHEMBL3641040,Serine/threonine-protein kinase B-raf,V600E,1.0,<,nM,censored_relation
4690,CHEMBL3641044,Serine/threonine-protein kinase B-raf,V600E,1.0,<,nM,censored_relation
4696,CHEMBL3641050,Serine/threonine-protein kinase B-raf,V600E,1.0,<,nM,censored_relation
4699,CHEMBL3641053,Serine/threonine-protein kinase B-raf,V600E,1.0,<,nM,censored_relation
4701,CHEMBL3641055,Serine/threonine-protein kinase B-raf,V600E,1.0,<,nM,censored_relation
4735,CHEMBL3641089,Serine/threonine-protein kinase B-raf,V600E,1.0,<,nM,censored_relation
4736,CHEMBL3641090,Serine/threonine-protein kinase B-raf,V600E,1.0,<,nM,censored_relation
4762,CHEMBL3641115,Serine/threonine-protein kinase B-raf,V600E,1.0,<,nM,censored_relation
4772,CHEMBL3641125,Serine/threonine-protein kinase B-raf,V600E,1.0,<,nM,censored_relation
4777,CHEMBL3641130,Serine/threonine-protein kinase B-raf,V600E,1.0,<,nM,censored_relation
4778,CHEMBL3641131,Serine/threonine-protein kinase B-raf,V600E,1.0,<,nM,censored_relation
4781,CHEMBL3641134,Serine/threonine-protein kinase B-raf,V600E,1.0,<,nM,censored_relation
4789,CHEMBL3641142,Serine/threonine-protein kinase B-raf,V600E,1.0,<,nM,censored_relation
4809,CHEMBL3641162,Serine/threonine-protein kinase B-raf,V600E,1.0,<,nM,censored_relation
4831,CHEMBL3641183,Serine/threonine-protein kinase B-raf,V600E,1.0,<,nM,censored_relation
4845,CHEMBL3641196,Serine/threonine-protein kinase B-raf,V600E,1.0,<,nM,censored_relation
4851,CHEMBL3641202,Serine/threonine-protein kinase B-raf,V600E,1.0,<,nM,censored_relation
4863,CHEMBL3641214,Serine/threonine-protein kinase B-raf,V600E,1.0,<,nM,censored_relation
4880,CHEMBL3641231,Serine/threonine-protein kinase B-raf,V600E,1.0,<,nM,censored_relation
4915,CHEMBL3643300,Serine/threonine-protein kinase B-raf,V600E,1.0,<,nM,censored_relation
5058,CHEMBL3899098,Serine/threonine-protein kinase B-raf,Wild Type,10000.0,>,nM,censored_relation
5059,CHEMBL3895613,Serine/threonine-protein kinase B-raf,Wild Type,10000.0,>,nM,censored_relation
5061,CHEMBL3917808,Serine/threonine-protein kinase B-raf,Wild Type,10000.0,>,nM,censored_relation
5062,CHEMBL2397136,Serine/threonine-protein kinase B-raf,Wild Type,10000.0,>,nM,censored_relation
5063,CHEMBL3677981,Serine/threonine-protein kinase B-raf,Wild Type,10000.0,>,nM,censored_relation
5124,CHEMBL3986093,Serine/threonine-protein kinase B-raf,Wild Type,10000.0,>,nM,censored_relation
5212,CHEMBL3975403,Serine/threonine-protein kinase B-raf,Wild Type,25000.34,>,nM,censored_relation
5213,CHEMBL3951339,Serine/threonine-protein kinase B-raf,Wild Type,25000.34,>,nM,censored_relation
5381,CHEMBL3949899,Serine/threonine-protein kinase B-raf,Wild Type,1000.0,>,nM,censored_relation
5382,CHEMBL3898295,Serine/threonine-protein kinase B-raf,Wild Type,5000.0,>,nM,censored_relation
5383,CHEMBL3913836,Serine/threonine-protein kinase B-raf,Wild Type,5000.0,>,nM,censored_relation
5645,CHEMBL3903725,Serine/threonine-protein kinase B-raf,V600E,10000.0,>,nM,censored_relation
5686,CHEMBL2006765,Serine/threonine-protein kinase B-raf,Wild Type,10000.0,>,nM,censored_relation
5687,CHEMBL4069365,Serine/threonine-protein kinase B-raf,Wild Type,10000.0,>,nM,censored_relation
5753,CHEMBL4104859,Serine/threonine-protein kinase B-raf,V600E,1000.0,>,nM,censored_relation
5755,CHEMBL4069195,Serine/threonine-protein kinase B-raf,V600E,10000.0,>,nM,censored_relation
5756,CHEMBL4104171,Serine/threonine-protein kinase B-raf,V600E,10000.0,>,nM,censored_relation
5757,CHEMBL4079935,Serine/threonine-protein kinase B-raf,V600E,7000.0,>,nM,censored_relation
5758,CHEMBL4080860,Serine/threonine-protein kinase B-raf,V600E,1000.0,>,nM,censored_relation
5759,CHEMBL4098896,Serine/threonine-protein kinase B-raf,V600E,3000.0,>,nM,censored_relation
5760,CHEMBL4088739,Serine/threonine-protein kinase B-raf,V600E,10000.0,>,nM,censored_relation
5761,CHEMBL4060505,Serine/threonine-protein kinase B-raf,V600E,10000.0,>,nM,censored_relation
5762,CHEMBL4085336,Serine/threonine-protein kinase B-raf,V600E,10000.0,>,nM,censored_relation
5763,CHEMBL4091071,Serine/threonine-protein kinase B-raf,V600E,10000.0,>,nM,censored_relation
5764,CHEMBL4067092,Serine/threonine-protein kinase B-raf,V600E,10000.0,>,nM,censored_relation
5765,CHEMBL4087178,Serine/threonine-protein kinase B-raf,V600E,2000.0,>,nM,censored_relation
5766,CHEMBL4078038,Serine/threonine-protein kinase B-raf,V600E,10000.0,>,nM,censored_relation
5768,CHEMBL4080626,Serine/threonine-protein kinase B-raf,Wild Type,10000.0,>,nM,censored_relation
5769,CHEMBL4104859,Serine/threonine-protein kinase B-raf,Wild Type,1000.0,>,nM,censored_relation
5770,CHEMBL4096439,Serine/threonine-protein kinase B-raf,Wild Type,6000.0,>,nM,censored_relation
5771,CHEMBL4069195,Serine/threonine-protein kinase B-raf,Wild Type,1000.0,>,nM,censored_relation
5772,CHEMBL4104171,Serine/threonine-protein kinase B-raf,Wild Type,10000.0,>,nM,censored_relation
5773,CHEMBL4079935,Serine/threonine-protein kinase B-raf,Wild Type,1000.0,>,nM,censored_relation
5774,CHEMBL4080860,Serine/threonine-protein kinase B-raf,Wild Type,1000.0,>,nM,censored_relation
5775,CHEMBL4098896,Serine/threonine-protein kinase B-raf,Wild Type,1000.0,>,nM,censored_relation
5776,CHEMBL4088739,Serine/threonine-protein kinase B-raf,Wild Type,2000.0,>,nM,censored_relation
5777,CHEMBL4060505,Serine/threonine-protein kinase B-raf,Wild Type,10000.0,>,nM,censored_relation
5778,CHEMBL4085336,Serine/threonine-protein kinase B-raf,Wild Type,10000.0,>,nM,censored_relation
5779,CHEMBL4091071,Serine/threonine-protein kinase B-raf,Wild Type,5000.0,>,nM,censored_relation
5780,CHEMBL4067092,Serine/threonine-protein kinase B-raf,Wild Type,10000.0,>,nM,censored_relation
5781,CHEMBL4087178,Serine/threonine-protein kinase B-raf,Wild Type,10000.0,>,nM,censored_relation
5782,CHEMBL4078038,Serine/threonine-protein kinase B-raf,Wild Type,10000.0,>,nM,censored_relation
5784,CHEMBL4098896,Serine/threonine-protein kinase B-raf,V600E,10000.0,>,nM,censored_relation
5800,CHEMBL4208998,Serine/threonine-protein kinase B-raf,Wild Type,50000.0,>,nM,censored_relation
5802,CHEMBL4202658,Serine/threonine-protein kinase B-raf,Wild Type,50000.0,>,nM,censored_relation
5831,CHEMBL525191,Serine/threonine-protein kinase B-raf,V600E,1000.0,>,nM,censored_relation
5839,CHEMBL4227291,Serine/threonine-protein kinase B-raf,V600E,10000.0,>,nM,censored_relation
5840,CHEMBL4225042,Serine/threonine-protein kinase B-raf,V600E,10000.0,>,nM,censored_relation
5858,CHEMBL4227291,Serine/threonine-protein kinase B-raf,Wild Type,10000.0,>,nM,censored_relation
5880,CHEMBL4237900,Serine/threonine-protein kinase B-raf,V600E,10000.0,>,nM,censored_relation
5881,CHEMBL4248365,Serine/threonine-protein kinase B-raf,V600E,10000.0,>,nM,censored_relation
5882,CHEMBL4247506,Serine/threonine-protein kinase B-raf,V600E,10000.0,>,nM,censored_relation
5909,CHEMBL4276946,Serine/threonine-protein kinase B-raf,Wild Type,100000.0,>,nM,censored_relation
6001,CHEMBL4282640,Serine/threonine-protein kinase B-raf,Wild Type,200000.0,>,nM,censored_relation
6003,CHEMBL4276699,Serine/threonine-protein kinase B-raf,Wild Type,200000.0,>,nM,censored_relation
6006,CHEMBL4283993,Serine/threonine-protein kinase B-raf,Wild Type,200000.0,>,nM,censored_relation
6008,CHEMBL4280550,Serine/threonine-protein kinase B-raf,Wild Type,200000.0,>,nM,censored_relation
6010,CHEMBL4277125,Serine/threonine-protein kinase B-raf,Wild Type,200000.0,>,nM,censored_relation
6032,CHEMBL2028663,Serine/threonine-protein kinase B-raf,V600E,1.0,<,nM,censored_relation
6035,CHEMBL2144069,Serine/threonine-protein kinase B-raf,V600E,1.0,<,nM,censored_relation
6038,CHEMBL4473676,Serine/threonine-protein kinase B-raf,Wild Type,10000.0,>,nM,censored_relation
6065,CHEMBL4451995,Serine/threonine-protein kinase B-raf,V600E,10000.0,<,nM,censored_relation
6081,CHEMBL4450810,Serine/threonine-protein kinase B-raf,V600E,1000.0,>,nM,censored_relation
6094,CHEMBL4476053,Serine/threonine-protein kinase B-raf,V600E,1000.0,>,nM,censored_relation
6095,CHEMBL4559022,Serine/threonine-protein kinase B-raf,V600E,1000.0,>,nM,censored_relation
6096,CHEMBL4457468,Serine/threonine-protein kinase B-raf,V600E,1000.0,>,nM,censored_relation
6098,CHEMBL4473008,Serine/threonine-protein kinase B-raf,V600E,1000.0,>,nM,censored_relation
6099,CHEMBL4452568,Serine/threonine-protein kinase B-raf,V600E,1000.0,>,nM,censored_relation
6100,CHEMBL4459658,Serine/threonine-protein kinase B-raf,V600E,1000.0,>,nM,censored_relation
6101,CHEMBL4096439,Serine/threonine-protein kinase B-raf,V600E,1000.0,>,nM,censored_relation
6121,CHEMBL4579416,Serine/threonine-protein kinase B-raf,V600E,300.0,>,nM,censored_relation
6123,CHEMBL4513758,Serine/threonine-protein kinase B-raf,V600E,300.0,>,nM,censored_relation
6124,CHEMBL4449984,Serine/threonine-protein kinase B-raf,V600E,300.0,>,nM,censored_relation
6125,CHEMBL4571010,Serine/threonine-protein kinase B-raf,V600E,300.0,>,nM,censored_relation
6126,CHEMBL4540423,Serine/threonine-protein kinase B-raf,V600E,300.0,>,nM,censored_relation
6127,CHEMBL4541328,Serine/threonine-protein kinase B-raf,V600E,300.0,>,nM,censored_relation
6130,CHEMBL4531411,Serine/threonine-protein kinase B-raf,V600E,300.0,>,nM,censored_relation
6134,CHEMBL4438748,Serine/threonine-protein kinase B-raf,Wild Type,10000.0,>,nM,censored_relation
6135,CHEMBL4438748,Serine/threonine-protein kinase B-raf,V600E,10000.0,>,nM,censored_relation
6183,CHEMBL4564126,Serine/threonine-protein kinase B-raf,Wild Type,5000.0,>=,nM,censored_relation
6188,CHEMBL10,Serine/threonine-protein kinase B-raf,Wild Type,1000.0,<,nM,censored_relation
6189,CHEMBL4634634,Serine/threonine-protein kinase B-raf,Wild Type,100000.0,>,nM,censored_relation
6190,CHEMBL4634634,Serine/threonine-protein kinase B-raf,V600E,100000.0,>,nM,censored_relation
6191,CHEMBL4644718,Serine/threonine-protein kinase B-raf,Wild Type,1000.0,>,nM,censored_relation
6222,CHEMBL4781937,Serine/threonine-protein kinase B-raf,Wild Type,10000.0,>,nM,censored_relation
6223,CHEMBL4782569,Serine/threonine-protein kinase B-raf,Wild Type,100000.0,>,nM,censored_relation
6289,CHEMBL4873277,Serine/threonine-protein kinase B-raf,Wild Type,2000.0,>,nM,censored_relation
6290,CHEMBL4876578,Serine/threonine-protein kinase B-raf,Wild Type,2000.0,>,nM,censored_relation
6303,CHEMBL4856147,Serine/threonine-protein kinase B-raf,Wild Type,2000.0,>,nM,censored_relation
6304,CHEMBL4855081,Serine/threonine-protein kinase B-raf,Wild Type,2000.0,>,nM,censored_relation
6305,CHEMBL4859818,Serine/threonine-protein kinase B-raf,Wild Type,2000.0,>,nM,censored_relation
6306,CHEMBL4867053,Serine/threonine-protein kinase B-raf,Wild Type,2000.0,>,nM,censored_relation
6307,CHEMBL4870079,Serine/threonine-protein kinase B-raf,Wild Type,2000.0,>,nM,censored_relation
6316,CHEMBL4875166,Serine/threonine-protein kinase B-raf,Wild Type,2000.0,>,nM,censored_relation
6319,CHEMBL4870044,Serine/threonine-protein kinase B-raf,Wild Type,2000.0,>,nM,censored_relation
6320,CHEMBL4869303,Serine/threonine-protein kinase B-raf,Wild Type,2000.0,>,nM,censored_relation
6321,CHEMBL4865373,Serine/threonine-protein kinase B-raf,Wild Type,2000.0,>,nM,censored_relation
6322,CHEMBL4856606,Serine/threonine-protein kinase B-raf,Wild Type,2000.0,>,nM,censored_relation
6323,CHEMBL4867552,Serine/threonine-protein kinase B-raf,Wild Type,2000.0,>,nM,censored_relation
6324,CHEMBL4591082,Serine/threonine-protein kinase B-raf,Wild Type,25000.0,>,nM,censored_relation
6332,CHEMBL5089806,Serine/threonine-protein kinase B-raf,Wild Type,1000.0,>,nM,censored_relation
6333,CHEMBL5082724,Serine/threonine-protein kinase B-raf,Wild Type,1000.0,>,nM,censored_relation
6402,CHEMBL5075902,Serine/threonine-protein kinase B-raf,V600E,35000.0,>,nM,censored_relation
6438,CHEMBL5188373,Serine/threonine-protein kinase B-raf,Wild Type,10000.0,>,nM,censored_relation
6439,CHEMBL5174059,Serine/threonine-protein kinase B-raf,V600E,10000.0,>,nM,censored_relation
6460,CHEMBL4591082,Serine/threonine-protein kinase B-raf,Wild Type,25000.0,>,nM,censored_relation
6510,CHEMBL5436237,Serine/threonine-protein kinase B-raf,V600E,1000.0,>,nM,censored_relation
6532,CHEMBL5440517,Serine/threonine-protein kinase B-raf,Wild Type,10000.0,>,nM,censored_relation
6547,CHEMBL477989,Serine/threonine-protein kinase B-raf,Wild Type,12000.0,>,nM,censored_relation
6549,CHEMBL477989,Serine/threonine-protein kinase B-raf,Wild Type,13000.0,>,nM,censored_relation
6562,CHEMBL477989,Serine/threonine-protein kinase B-raf,Wild Type,13000.0,>,nM,censored_relation
6570,CHEMBL466397,Serine/threonine-protein kinase B-raf,V600E,2000.0,>,nM,censored_relation
6571,CHEMBL466397,Serine/threonine-protein kinase B-raf,V600E,2000.0,>,nM,censored_relation
6572,CHEMBL3622821,Serine/threonine-protein kinase B-raf,Wild Type,10000.0,>,nM,censored_relation
14,CHEMBL77724,Epidermal growth factor receptor erbB1,Wild Type,1250000.0,>,nM,censored_relation
15,CHEMBL420385,Epidermal growth factor receptor erbB1,Wild Type,625000.0,>,nM,censored_relation
29,CHEMBL76983,Epidermal growth factor receptor erbB1,Wild Type,1250000.0,>,nM,censored_relation
32,CHEMBL77280,Epidermal growth factor receptor erbB1,Wild Type,1250000.0,>,nM,censored_relation
45,CHEMBL78302,Epidermal growth factor receptor erbB1,Wild Type,250000.0,>,nM,censored_relation
64,CHEMBL68258,Epidermal growth factor receptor erbB1,Wild Type,20000.0,>,nM,censored_relation
66,CHEMBL77456,Epidermal growth factor receptor erbB1,Wild Type,1250000.0,>,nM,censored_relation
75,CHEMBL305194,Epidermal growth factor receptor erbB1,Wild Type,5000.0,>,nM,censored_relation
76,CHEMBL305194,Epidermal growth factor receptor erbB1,Wild Type,50000.0,>,nM,censored_relation
118,CHEMBL69709,Epidermal growth factor receptor erbB1,Wild Type,20000.0,>,nM,censored_relation
122,CHEMBL69106,Epidermal growth factor receptor erbB1,Wild Type,20000.0,>,nM,censored_relation
140,CHEMBL420609,Epidermal growth factor receptor erbB1,Wild Type,100000.0,>,nM,censored_relation
141,CHEMBL419682,Epidermal growth factor receptor erbB1,Wild Type,100000.0,>,nM,censored_relation
143,CHEMBL88462,Epidermal growth factor receptor erbB1,Wild Type,100000.0,>,nM,censored_relation
145,CHEMBL91250,Epidermal growth factor receptor erbB1,Wild Type,100000.0,>,nM,censored_relation
146,CHEMBL88771,Epidermal growth factor receptor erbB1,Wild Type,100000.0,>,nM,censored_relation
147,CHEMBL91815,Epidermal growth factor receptor erbB1,Wild Type,100000.0,>,nM,censored_relation
148,CHEMBL328029,Epidermal growth factor receptor erbB1,Wild Type,100000.0,>,nM,censored_relation
149,CHEMBL314995,Epidermal growth factor receptor erbB1,Wild Type,100000.0,>,nM,censored_relation
150,CHEMBL88483,Epidermal growth factor receptor erbB1,Wild Type,100000.0,>,nM,censored_relation
151,CHEMBL313746,Epidermal growth factor receptor erbB1,Wild Type,100000.0,>,nM,censored_relation
152,CHEMBL313500,Epidermal growth factor receptor erbB1,Wild Type,100000.0,>,nM,censored_relation
153,CHEMBL89010,Epidermal growth factor receptor erbB1,Wild Type,100000.0,>,nM,censored_relation
155,CHEMBL315753,Epidermal growth factor receptor erbB1,Wild Type,100000.0,>,nM,censored_relation
156,CHEMBL88606,Epidermal growth factor receptor erbB1,Wild Type,100000.0,>,nM,censored_relation
157,CHEMBL313821,Epidermal growth factor receptor erbB1,Wild Type,100000.0,>,nM,censored_relation
158,CHEMBL266969,Epidermal growth factor receptor erbB1,Wild Type,50000.0,>,nM,censored_relation
163,CHEMBL8000,Epidermal growth factor receptor erbB1,Wild Type,100000.0,>,nM,censored_relation
164,CHEMBL8000,Epidermal growth factor receptor erbB1,Wild Type,50000.0,>,nM,censored_relation
170,CHEMBL291667,Epidermal growth factor receptor erbB1,Wild Type,100000.0,>,nM,censored_relation
171,CHEMBL8091,Epidermal growth factor receptor erbB1,Wild Type,100000.0,>,nM,censored_relation
175,CHEMBL113128,Epidermal growth factor receptor erbB1,Wild Type,50000.0,>,nM,censored_relation
179,CHEMBL8271,Epidermal growth factor receptor erbB1,Wild Type,100000.0,>,nM,censored_relation
183,CHEMBL316764,Epidermal growth factor receptor erbB1,Wild Type,100000.0,>,nM,censored_relation
189,CHEMBL64459,Epidermal growth factor receptor erbB1,Wild Type,100000.0,>,nM,censored_relation
190,CHEMBL129989,Epidermal growth factor receptor erbB1,Wild Type,100000.0,>,nM,censored_relation
192,CHEMBL268368,Epidermal growth factor receptor erbB1,Wild Type,100000.0,>,nM,censored_relation
195,CHEMBL110034,Epidermal growth factor receptor erbB1,Wild Type,5000.0,>,nM,censored_relation
203,CHEMBL266487,Epidermal growth factor receptor erbB1,Wild Type,50000.0,>,nM,censored_relation
208,CHEMBL113356,Epidermal growth factor receptor erbB1,Wild Type,50000.0,>,nM,censored_relation
211,CHEMBL63009,Epidermal growth factor receptor erbB1,Wild Type,100000.0,>,nM,censored_relation
212,CHEMBL267941,Epidermal growth factor receptor erbB1,Wild Type,50000.0,>,nM,censored_relation
218,CHEMBL292287,Epidermal growth factor receptor erbB1,Wild Type,100000.0,>,nM,censored_relation
220,CHEMBL64068,Epidermal growth factor receptor erbB1,Wild Type,100000.0,>,nM,censored_relation
221,CHEMBL62067,Epidermal growth factor receptor erbB1,Wild Type,100000.0,>,nM,censored_relation
222,CHEMBL64814,Epidermal growth factor receptor erbB1,Wild Type,100000.0,>,nM,censored_relation
228,CHEMBL130694,Epidermal growth factor receptor erbB1,Wild Type,20000.0,>,nM,censored_relation
230,CHEMBL109759,Epidermal growth factor receptor erbB1,Wild Type,5000.0,>,nM,censored_relation
259,CHEMBL64165,Epidermal growth factor receptor erbB1,Wild Type,100000.0,>,nM,censored_relation
260,CHEMBL130116,Epidermal growth factor receptor erbB1,Wild Type,20000.0,>,nM,censored_relation
265,CHEMBL336264,Epidermal growth factor receptor erbB1,Wild Type,500.0,>,nM,censored_relation
268,CHEMBL130893,Epidermal growth factor receptor erbB1,Wild Type,10000.0,>,nM,censored_relation
269,CHEMBL129907,Epidermal growth factor receptor erbB1,Wild Type,20000.0,>,nM,censored_relation
272,CHEMBL268868,Epidermal growth factor receptor erbB1,Wild Type,4500.0,>,nM,censored_relation
273,CHEMBL7352,Epidermal growth factor receptor erbB1,Wild Type,50000.0,>,nM,censored_relation
274,CHEMBL7352,Epidermal growth factor receptor erbB1,Wild Type,100000.0,>,nM,censored_relation
276,CHEMBL7775,Epidermal growth factor receptor erbB1,Wild Type,100000.0,>,nM,censored_relation
277,CHEMBL8222,Epidermal growth factor receptor erbB1,Wild Type,100000.0,>,nM,censored_relation
278,CHEMBL60200,Epidermal growth factor receptor erbB1,Wild Type,100000.0,>,nM,censored_relation
280,CHEMBL64231,Epidermal growth factor receptor erbB1,Wild Type,100000.0,>,nM,censored_relation
285,CHEMBL130117,Epidermal growth factor receptor erbB1,Wild Type,10000.0,>,nM,censored_relation
287,CHEMBL48172,Epidermal growth factor receptor erbB1,Wild Type,5000.0,>,nM,censored_relation
290,CHEMBL62699,Epidermal growth factor receptor erbB1,Wild Type,100000.0,>,nM,censored_relation
294,CHEMBL294205,Epidermal growth factor receptor erbB1,Wild Type,100000.0,>,nM,censored_relation
299,CHEMBL7929,Epidermal growth factor receptor erbB1,Wild Type,50000.0,>,nM,censored_relation
300,CHEMBL7929,Epidermal growth factor receptor erbB1,Wild Type,100000.0,>,nM,censored_relation
304,CHEMBL111618,Epidermal growth factor receptor erbB1,Wild Type,5000.0,>,nM,censored_relation
308,CHEMBL130337,Epidermal growth factor receptor erbB1,Wild Type,10000.0,>,nM,censored_relation
311,CHEMBL63455,Epidermal growth factor receptor erbB1,Wild Type,100000.0,>,nM,censored_relation
319,CHEMBL303127,Epidermal growth factor receptor erbB1,Wild Type,100000.0,>,nM,censored_relation
325,CHEMBL61278,Epidermal growth factor receptor erbB1,Wild Type,100000.0,>,nM,censored_relation
326,CHEMBL267869,Epidermal growth factor receptor erbB1,Wild Type,100000.0,>,nM,censored_relation
333,CHEMBL326041,Epidermal growth factor receptor erbB1,Wild Type,5000.0,>,nM,censored_relation
334,CHEMBL111247,Epidermal growth factor receptor erbB1,Wild Type,5000.0,>,nM,censored_relation
341,CHEMBL64781,Epidermal growth factor receptor erbB1,Wild Type,100000.0,>,nM,censored_relation
343,CHEMBL266255,Epidermal growth factor receptor erbB1,Wild Type,100000.0,>,nM,censored_relation
345,CHEMBL134371,Epidermal growth factor receptor erbB1,Wild Type,500.0,>,nM,censored_relation
349,CHEMBL294341,Epidermal growth factor receptor erbB1,Wild Type,100000.0,>,nM,censored_relation
351,CHEMBL131407,Epidermal growth factor receptor erbB1,Wild Type,20000.0,>,nM,censored_relation
355,CHEMBL323699,Epidermal growth factor receptor erbB1,Wild Type,5000.0,>,nM,censored_relation
358,CHEMBL335074,Epidermal growth factor receptor erbB1,Wild Type,10000.0,>,nM,censored_relation
361,CHEMBL109525,Epidermal growth factor receptor erbB1,Wild Type,50000.0,>,nM,censored_relation
364,CHEMBL8163,Epidermal growth factor receptor erbB1,Wild Type,50000.0,>,nM,censored_relation
367,CHEMBL268441,Epidermal growth factor receptor erbB1,Wild Type,50000.0,>,nM,censored_relation
368,CHEMBL268441,Epidermal growth factor receptor erbB1,Wild Type,50000.0,>,nM,censored_relation
375,CHEMBL8036,Epidermal growth factor receptor erbB1,Wild Type,50000.0,>,nM,censored_relation
376,CHEMBL8036,Epidermal growth factor receptor erbB1,Wild Type,50000.0,>,nM,censored_relation
378,CHEMBL300936,Epidermal growth factor receptor erbB1,Wild Type,25000.0,>,nM,censored_relation
396,CHEMBL289787,Epidermal growth factor receptor erbB1,Wild Type,10000.0,>,nM,censored_relation
398,CHEMBL37099,Epidermal growth factor receptor erbB1,Wild Type,10000.0,>,nM,censored_relation
446,CHEMBL133498,Epidermal growth factor receptor erbB1,Wild Type,50000.0,>,nM,censored_relation
447,CHEMBL334881,Epidermal growth factor receptor erbB1,Wild Type,50000.0,>,nM,censored_relation
477,CHEMBL299763,Epidermal growth factor receptor erbB1,Wild Type,50000.0,>,nM,censored_relation
494,CHEMBL132170,Epidermal growth factor receptor erbB1,Wild Type,70000.0,>,nM,censored_relation
498,CHEMBL131456,Epidermal growth factor receptor erbB1,Wild Type,100000.0,>,nM,censored_relation
506,CHEMBL415233,Epidermal growth factor receptor erbB1,Wild Type,100000.0,>,nM,censored_relation
510,CHEMBL304668,Epidermal growth factor receptor erbB1,Wild Type,25000.0,>,nM,censored_relation
512,CHEMBL66925,Epidermal growth factor receptor erbB1,Wild Type,20000.0,>,nM,censored_relation
521,CHEMBL308879,Epidermal growth factor receptor erbB1,Wild Type,20000.0,>,nM,censored_relation
522,CHEMBL417740,Epidermal growth factor receptor erbB1,Wild Type,20000.0,>,nM,censored_relation
523,CHEMBL70130,Epidermal growth factor receptor erbB1,Wild Type,20000.0,>,nM,censored_relation
524,CHEMBL66107,Epidermal growth factor receptor erbB1,Wild Type,20000.0,>,nM,censored_relation
529,CHEMBL66705,Epidermal growth factor receptor erbB1,Wild Type,20000.0,>,nM,censored_relation
532,CHEMBL307093,Epidermal growth factor receptor erbB1,Wild Type,20000.0,>,nM,censored_relation
534,CHEMBL304336,Epidermal growth factor receptor erbB1,Wild Type,20000.0,>,nM,censored_relation
535,CHEMBL68185,Epidermal growth factor receptor erbB1,Wild Type,20000.0,>,nM,censored_relation
540,CHEMBL66100,Epidermal growth factor receptor erbB1,Wild Type,20000.0,>,nM,censored_relation
541,CHEMBL303704,Epidermal growth factor receptor erbB1,Wild Type,20000.0,>,nM,censored_relation
542,CHEMBL66787,Epidermal growth factor receptor erbB1,Wild Type,20000.0,>,nM,censored_relation
548,CHEMBL69378,Epidermal growth factor receptor erbB1,Wild Type,20000.0,>,nM,censored_relation
549,CHEMBL306234,Epidermal growth factor receptor erbB1,Wild Type,20000.0,>,nM,censored_relation
563,CHEMBL67219,Epidermal growth factor receptor erbB1,Wild Type,20000.0,>,nM,censored_relation
564,CHEMBL67170,Epidermal growth factor receptor erbB1,Wild Type,20000.0,>,nM,censored_relation
568,CHEMBL308210,Epidermal growth factor receptor erbB1,Wild Type,20000.0,>,nM,censored_relation
569,CHEMBL430605,Epidermal growth factor receptor erbB1,Wild Type,20000.0,>,nM,censored_relation
570,CHEMBL308466,Epidermal growth factor receptor erbB1,Wild Type,20000.0,>,nM,censored_relation
571,CHEMBL67059,Epidermal growth factor receptor erbB1,Wild Type,20000.0,>,nM,censored_relation
572,CHEMBL66785,Epidermal growth factor receptor erbB1,Wild Type,20000.0,>,nM,censored_relation
573,CHEMBL303184,Epidermal growth factor receptor erbB1,Wild Type,20000.0,>,nM,censored_relation
574,CHEMBL303037,Epidermal growth factor receptor erbB1,Wild Type,20000.0,>,nM,censored_relation
577,CHEMBL66786,Epidermal growth factor receptor erbB1,Wild Type,20000.0,>,nM,censored_relation
587,CHEMBL302745,Epidermal growth factor receptor erbB1,Wild Type,20000.0,>,nM,censored_relation
588,CHEMBL70149,Epidermal growth factor receptor erbB1,Wild Type,20000.0,>,nM,censored_relation
590,CHEMBL65850,Epidermal growth factor receptor erbB1,Wild Type,20000.0,>,nM,censored_relation
594,CHEMBL66071,Epidermal growth factor receptor erbB1,Wild Type,20000.0,>,nM,censored_relation
595,CHEMBL67991,Epidermal growth factor receptor erbB1,Wild Type,20000.0,>,nM,censored_relation
596,CHEMBL303391,Epidermal growth factor receptor erbB1,Wild Type,25000.0,>,nM,censored_relation
609,CHEMBL66618,Epidermal growth factor receptor erbB1,Wild Type,20000.0,>,nM,censored_relation
618,CHEMBL303872,Epidermal growth factor receptor erbB1,Wild Type,20000.0,>,nM,censored_relation
619,CHEMBL302491,Epidermal growth factor receptor erbB1,Wild Type,20000.0,>,nM,censored_relation
620,CHEMBL304333,Epidermal growth factor receptor erbB1,Wild Type,20000.0,>,nM,censored_relation
621,CHEMBL66924,Epidermal growth factor receptor erbB1,Wild Type,20000.0,>,nM,censored_relation
624,CHEMBL419248,Epidermal growth factor receptor erbB1,Wild Type,20000.0,>,nM,censored_relation
625,CHEMBL66932,Epidermal growth factor receptor erbB1,Wild Type,20000.0,>,nM,censored_relation
633,CHEMBL66063,Epidermal growth factor receptor erbB1,Wild Type,20000.0,>,nM,censored_relation
634,CHEMBL69820,Epidermal growth factor receptor erbB1,Wild Type,20000.0,>,nM,censored_relation
639,CHEMBL66643,Epidermal growth factor receptor erbB1,Wild Type,20000.0,>,nM,censored_relation
640,CHEMBL66981,Epidermal growth factor receptor erbB1,Wild Type,20000.0,>,nM,censored_relation
643,CHEMBL336174,Epidermal growth factor receptor erbB1,Wild Type,100000.0,>,nM,censored_relation
644,CHEMBL67424,Epidermal growth factor receptor erbB1,Wild Type,20000.0,>,nM,censored_relation
645,CHEMBL68401,Epidermal growth factor receptor erbB1,Wild Type,20000.0,>,nM,censored_relation
649,CHEMBL66612,Epidermal growth factor receptor erbB1,Wild Type,20000.0,>,nM,censored_relation
650,CHEMBL66502,Epidermal growth factor receptor erbB1,Wild Type,20000.0,>,nM,censored_relation
652,CHEMBL66329,Epidermal growth factor receptor erbB1,Wild Type,20000.0,>,nM,censored_relation
653,CHEMBL67702,Epidermal growth factor receptor erbB1,Wild Type,20000.0,>,nM,censored_relation
654,CHEMBL304310,Epidermal growth factor receptor erbB1,Wild Type,20000.0,>,nM,censored_relation
658,CHEMBL334973,Epidermal growth factor receptor erbB1,Wild Type,100000.0,>,nM,censored_relation
659,CHEMBL66008,Epidermal growth factor receptor erbB1,Wild Type,20000.0,>,nM,censored_relation
662,CHEMBL135241,Epidermal growth factor receptor erbB1,Wild Type,50000.0,>,nM,censored_relation
663,CHEMBL65858,Epidermal growth factor receptor erbB1,Wild Type,20000.0,>,nM,censored_relation
670,CHEMBL67436,Epidermal growth factor receptor erbB1,Wild Type,20000.0,>,nM,censored_relation
677,CHEMBL302545,Epidermal growth factor receptor erbB1,Wild Type,20000.0,>,nM,censored_relation
680,CHEMBL309116,Epidermal growth factor receptor erbB1,Wild Type,20000.0,>,nM,censored_relation
681,CHEMBL63575,Epidermal growth factor receptor erbB1,Wild Type,20000.0,>,nM,censored_relation
686,CHEMBL66718,Epidermal growth factor receptor erbB1,Wild Type,20000.0,>,nM,censored_relation
689,CHEMBL69585,Epidermal growth factor receptor erbB1,Wild Type,20000.0,>,nM,censored_relation
691,CHEMBL419280,Epidermal growth factor receptor erbB1,Wild Type,100000.0,>,nM,censored_relation
693,CHEMBL80001,Epidermal growth factor receptor erbB1,Wild Type,100000.0,>,nM,censored_relation
698,CHEMBL83390,Epidermal growth factor receptor erbB1,Wild Type,100000.0,>,nM,censored_relation
699,CHEMBL84512,Epidermal growth factor receptor erbB1,Wild Type,100000.0,>,nM,censored_relation
700,CHEMBL314029,Epidermal growth factor receptor erbB1,Wild Type,100000.0,>,nM,censored_relation
701,CHEMBL420400,Epidermal growth factor receptor erbB1,Wild Type,100000.0,>,nM,censored_relation
710,CHEMBL309716,Epidermal growth factor receptor erbB1,Wild Type,100000.0,>,nM,censored_relation
711,CHEMBL311811,Epidermal growth factor receptor erbB1,Wild Type,100000.0,>,nM,censored_relation
716,CHEMBL128467,Epidermal growth factor receptor erbB1,Wild Type,1000.0,>,nM,censored_relation
721,CHEMBL312402,Epidermal growth factor receptor erbB1,Wild Type,100000.0,>,nM,censored_relation
738,CHEMBL339416,Epidermal growth factor receptor erbB1,Wild Type,1000.0,>,nM,censored_relation
744,CHEMBL314416,Epidermal growth factor receptor erbB1,Wild Type,100000.0,>,nM,censored_relation
745,CHEMBL311609,Epidermal growth factor receptor erbB1,Wild Type,100000.0,>,nM,censored_relation
758,CHEMBL309513,Epidermal growth factor receptor erbB1,Wild Type,100000.0,>,nM,censored_relation
778,CHEMBL312247,Epidermal growth factor receptor erbB1,Wild Type,100000.0,>,nM,censored_relation
786,CHEMBL82640,Epidermal growth factor receptor erbB1,Wild Type,100000.0,>,nM,censored_relation
803,CHEMBL543457,Epidermal growth factor receptor erbB1,Wild Type,100000.0,>,nM,censored_relation
814,CHEMBL95692,Epidermal growth factor receptor erbB1,Wild Type,10.0,>,nM,censored_relation
815,CHEMBL357326,Epidermal growth factor receptor erbB1,Wild Type,10000.0,>,nM,censored_relation
819,CHEMBL431818,Epidermal growth factor receptor erbB1,Wild Type,100000.0,>,nM,censored_relation
820,CHEMBL348003,Epidermal growth factor receptor erbB1,Wild Type,100000.0,>,nM,censored_relation
831,CHEMBL555739,Epidermal growth factor receptor erbB1,Wild Type,10000.0,>,nM,censored_relation
835,CHEMBL150390,Epidermal growth factor receptor erbB1,Wild Type,1000.0,>,nM,censored_relation
885,CHEMBL327300,Epidermal growth factor receptor erbB1,Wild Type,100000.0,>,nM,censored_relation
886,CHEMBL327300,Epidermal growth factor receptor erbB1,Wild Type,10000.0,>,nM,censored_relation
889,CHEMBL2094036,Epidermal growth factor receptor erbB1,Wild Type,100000.0,>,nM,censored_relation
891,CHEMBL169780,Epidermal growth factor receptor erbB1,Wild Type,10000.0,>,nM,censored_relation
894,CHEMBL169200,Epidermal growth factor receptor erbB1,Wild Type,10000.0,>,nM,censored_relation
897,CHEMBL262276,Epidermal growth factor receptor erbB1,Wild Type,10000.0,>,nM,censored_relation
898,CHEMBL303144,Epidermal growth factor receptor erbB1,Wild Type,10000.0,>,nM,censored_relation
900,CHEMBL169920,Epidermal growth factor receptor erbB1,Wild Type,10000.0,>,nM,censored_relation
902,CHEMBL408683,Epidermal growth factor receptor erbB1,Wild Type,10000.0,>,nM,censored_relation
906,CHEMBL305178,Epidermal growth factor receptor erbB1,Wild Type,10000.0,>,nM,censored_relation
908,CHEMBL355019,Epidermal growth factor receptor erbB1,Wild Type,10000.0,>,nM,censored_relation
910,CHEMBL172514,Epidermal growth factor receptor erbB1,Wild Type,10000.0,>,nM,censored_relation
915,CHEMBL263528,Epidermal growth factor receptor erbB1,Wild Type,10000.0,>,nM,censored_relation
917,CHEMBL274732,Epidermal growth factor receptor erbB1,Wild Type,10000.0,>,nM,censored_relation
919,CHEMBL171545,Epidermal growth factor receptor erbB1,Wild Type,10000.0,>,nM,censored_relation
922,CHEMBL168921,Epidermal growth factor receptor erbB1,Wild Type,10000.0,>,nM,censored_relation
931,CHEMBL542237,Epidermal growth factor receptor erbB1,Wild Type,20000.0,>,nM,censored_relation
932,CHEMBL327188,Epidermal growth factor receptor erbB1,Wild Type,1000.0,>,nM,censored_relation
935,CHEMBL544836,Epidermal growth factor receptor erbB1,Wild Type,20000.0,>,nM,censored_relation
936,CHEMBL96633,Epidermal growth factor receptor erbB1,Wild Type,1000.0,>,nM,censored_relation
937,CHEMBL93262,Epidermal growth factor receptor erbB1,Wild Type,1000.0,>,nM,censored_relation
940,CHEMBL112346,Epidermal growth factor receptor erbB1,Wild Type,10000.0,>,nM,censored_relation
942,CHEMBL92395,Epidermal growth factor receptor erbB1,Wild Type,1000.0,>,nM,censored_relation
944,CHEMBL96096,Epidermal growth factor receptor erbB1,Wild Type,1000.0,>,nM,censored_relation
947,CHEMBL414139,Epidermal growth factor receptor erbB1,Wild Type,1000.0,>,nM,censored_relation
948,CHEMBL545767,Epidermal growth factor receptor erbB1,Wild Type,1000.0,>,nM,censored_relation
949,CHEMBL92729,Epidermal growth factor receptor erbB1,Wild Type,1000.0,>,nM,censored_relation
952,CHEMBL96081,Epidermal growth factor receptor erbB1,Wild Type,1000.0,>,nM,censored_relation
953,CHEMBL555844,Epidermal growth factor receptor erbB1,Wild Type,1000.0,>,nM,censored_relation
954,CHEMBL94846,Epidermal growth factor receptor erbB1,Wild Type,1000.0,>,nM,censored_relation
955,CHEMBL92339,Epidermal growth factor receptor erbB1,Wild Type,1000.0,>,nM,censored_relation
956,CHEMBL330351,Epidermal growth factor receptor erbB1,Wild Type,1000.0,>,nM,censored_relation
957,CHEMBL132605,Epidermal growth factor receptor erbB1,Wild Type,50000.0,>,nM,censored_relation
959,CHEMBL330657,Epidermal growth factor receptor erbB1,Wild Type,1000.0,>,nM,censored_relation
960,CHEMBL112263,Epidermal growth factor receptor erbB1,Wild Type,10000.0,>,nM,censored_relation
961,CHEMBL318804,Epidermal growth factor receptor erbB1,Wild Type,1000.0,>,nM,censored_relation
964,CHEMBL543429,Epidermal growth factor receptor erbB1,Wild Type,20000.0,>,nM,censored_relation
965,CHEMBL329244,Epidermal growth factor receptor erbB1,Wild Type,1000.0,>,nM,censored_relation
967,CHEMBL435227,Epidermal growth factor receptor erbB1,Wild Type,100000.0,>,nM,censored_relation
968,CHEMBL435227,Epidermal growth factor receptor erbB1,Wild Type,50000.0,>,nM,censored_relation
969,CHEMBL147761,Epidermal growth factor receptor erbB1,Wild Type,100000.0,>,nM,censored_relation
971,CHEMBL450622,Epidermal growth factor receptor erbB1,Wild Type,100000.0,>,nM,censored_relation
973,CHEMBL274654,Epidermal growth factor receptor erbB1,Wild Type,100000.0,>,nM,censored_relation
974,CHEMBL274654,Epidermal growth factor receptor erbB1,Wild Type,50000.0,>,nM,censored_relation
977,CHEMBL357803,Epidermal growth factor receptor erbB1,Wild Type,100000.0,>,nM,censored_relation
978,CHEMBL357803,Epidermal growth factor receptor erbB1,Wild Type,50000.0,>,nM,censored_relation
979,CHEMBL146697,Epidermal growth factor receptor erbB1,Wild Type,100000.0,>,nM,censored_relation
980,CHEMBL146697,Epidermal growth factor receptor erbB1,Wild Type,50000.0,>,nM,censored_relation
981,CHEMBL146694,Epidermal growth factor receptor erbB1,Wild Type,100000.0,>,nM,censored_relation
983,CHEMBL148514,Epidermal growth factor receptor erbB1,Wild Type,100000.0,>,nM,censored_relation
985,CHEMBL276711,Epidermal growth factor receptor erbB1,Wild Type,50000.0,>,nM,censored_relation
986,CHEMBL443296,Epidermal growth factor receptor erbB1,Wild Type,100000.0,>,nM,censored_relation
987,CHEMBL443296,Epidermal growth factor receptor erbB1,Wild Type,50000.0,>,nM,censored_relation
988,CHEMBL149243,Epidermal growth factor receptor erbB1,Wild Type,100000.0,>,nM,censored_relation
989,CHEMBL149243,Epidermal growth factor receptor erbB1,Wild Type,50000.0,>,nM,censored_relation
990,CHEMBL149073,Epidermal growth factor receptor erbB1,Wild Type,100000.0,>,nM,censored_relation
991,CHEMBL149073,Epidermal growth factor receptor erbB1,Wild Type,50000.0,>,nM,censored_relation
992,CHEMBL148984,Epidermal growth factor receptor erbB1,Wild Type,100000.0,>,nM,censored_relation
994,CHEMBL347074,Epidermal growth factor receptor erbB1,Wild Type,100000.0,>,nM,censored_relation
996,CHEMBL89363,Epidermal growth factor receptor erbB1,Wild Type,50000.0,>,nM,censored_relation
997,CHEMBL344319,Epidermal growth factor receptor erbB1,Wild Type,100000.0,>,nM,censored_relation
998,CHEMBL344319,Epidermal growth factor receptor erbB1,Wild Type,50000.0,>,nM,censored_relation
999,CHEMBL356245,Epidermal growth factor receptor erbB1,Wild Type,100000.0,>,nM,censored_relation
1000,CHEMBL356245,Epidermal growth factor receptor erbB1,Wild Type,50000.0,>,nM,censored_relation
1001,CHEMBL150151,Epidermal growth factor receptor erbB1,Wild Type,100000.0,>,nM,censored_relation
1002,CHEMBL150151,Epidermal growth factor receptor erbB1,Wild Type,50000.0,>,nM,censored_relation
1003,CHEMBL358728,Epidermal growth factor receptor erbB1,Wild Type,100000.0,>,nM,censored_relation
1005,CHEMBL149201,Epidermal growth factor receptor erbB1,Wild Type,100000.0,>,nM,censored_relation
1007,CHEMBL148744,Epidermal growth factor receptor erbB1,Wild Type,100000.0,>,nM,censored_relation
1008,CHEMBL148744,Epidermal growth factor receptor erbB1,Wild Type,50000.0,>,nM,censored_relation
1010,CHEMBL150177,Epidermal growth factor receptor erbB1,Wild Type,50000.0,>,nM,censored_relation
1011,CHEMBL147112,Epidermal growth factor receptor erbB1,Wild Type,100000.0,>,nM,censored_relation
1019,CHEMBL125983,Epidermal growth factor receptor erbB1,Wild Type,10000.0,>,nM,censored_relation
1022,CHEMBL122081,Epidermal growth factor receptor erbB1,Wild Type,10000.0,>,nM,censored_relation
1024,CHEMBL323660,Epidermal growth factor receptor erbB1,Wild Type,100000.0,>,nM,censored_relation
1027,CHEMBL419601,Epidermal growth factor receptor erbB1,Wild Type,100000.0,>,nM,censored_relation
1033,CHEMBL114568,Epidermal growth factor receptor erbB1,Wild Type,100000.0,>,nM,censored_relation
1046,CHEMBL7801,Epidermal growth factor receptor erbB1,Wild Type,100000.0,>,nM,censored_relation
1049,CHEMBL112421,Epidermal growth factor receptor erbB1,Wild Type,100000.0,>,nM,censored_relation
1050,CHEMBL114550,Epidermal growth factor receptor erbB1,Wild Type,100000.0,>,nM,censored_relation
1060,CHEMBL121984,Epidermal growth factor receptor erbB1,Wild Type,100000.0,>,nM,censored_relation
1076,CHEMBL127763,Epidermal growth factor receptor erbB1,Wild Type,10000.0,>,nM,censored_relation
1078,CHEMBL7981,Epidermal growth factor receptor erbB1,Wild Type,100000.0,>,nM,censored_relation
1082,CHEMBL31745,Epidermal growth factor receptor erbB1,Wild Type,10000.0,>,nM,censored_relation
1084,CHEMBL283682,Epidermal growth factor receptor erbB1,Wild Type,1000.0,>,nM,censored_relation
1089,CHEMBL112422,Epidermal growth factor receptor erbB1,Wild Type,100000.0,>,nM,censored_relation
1092,CHEMBL116051,Epidermal growth factor receptor erbB1,Wild Type,100000.0,>,nM,censored_relation
1094,CHEMBL31437,Epidermal growth factor receptor erbB1,Wild Type,10000.0,>,nM,censored_relation
1095,CHEMBL31437,Epidermal growth factor receptor erbB1,Wild Type,10000.0,>,nM,censored_relation
1097,CHEMBL114578,Epidermal growth factor receptor erbB1,Wild Type,100000.0,>,nM,censored_relation
1100,CHEMBL31118,Epidermal growth factor receptor erbB1,Wild Type,10000.0,>,nM,censored_relation
1101,CHEMBL31118,Epidermal growth factor receptor erbB1,Wild Type,10000.0,>,nM,censored_relation
1107,CHEMBL125995,Epidermal growth factor receptor erbB1,Wild Type,100000.0,>,nM,censored_relation
1110,CHEMBL115397,Epidermal growth factor receptor erbB1,Wild Type,100000.0,>,nM,censored_relation
1111,CHEMBL122168,Epidermal growth factor receptor erbB1,Wild Type,10000.0,>,nM,censored_relation
1119,CHEMBL114814,Epidermal growth factor receptor erbB1,Wild Type,100000.0,>,nM,censored_relation
1120,CHEMBL115102,Epidermal growth factor receptor erbB1,Wild Type,100000.0,>,nM,censored_relation
1124,CHEMBL126097,Epidermal growth factor receptor erbB1,Wild Type,10000.0,>,nM,censored_relation
1126,CHEMBL7339,Epidermal growth factor receptor erbB1,Wild Type,100000.0,>,nM,censored_relation
1128,CHEMBL115601,Epidermal growth factor receptor erbB1,Wild Type,100000.0,>,nM,censored_relation
1129,CHEMBL115103,Epidermal growth factor receptor erbB1,Wild Type,100000.0,>,nM,censored_relation
1139,CHEMBL296468,Epidermal growth factor receptor erbB1,Wild Type,25000.0,>,nM,censored_relation
1143,CHEMBL116353,Epidermal growth factor receptor erbB1,Wild Type,100000.0,>,nM,censored_relation
1146,CHEMBL124836,Epidermal growth factor receptor erbB1,Wild Type,10000.0,>,nM,censored_relation
1152,CHEMBL350882,Epidermal growth factor receptor erbB1,Wild Type,100000.0,>,nM,censored_relation
1175,CHEMBL543362,Epidermal growth factor receptor erbB1,Wild Type,100000.0,>,nM,censored_relation
1205,CHEMBL144632,Epidermal growth factor receptor erbB1,Wild Type,100000.0,>,nM,censored_relation
1223,CHEMBL424302,Epidermal growth factor receptor erbB1,Wild Type,100000.0,>,nM,censored_relation
1231,CHEMBL147880,Epidermal growth factor receptor erbB1,Wild Type,83000.0,>,nM,censored_relation
1233,CHEMBL144402,Epidermal growth factor receptor erbB1,Wild Type,167000.0,>,nM,censored_relation
1237,CHEMBL145266,Epidermal growth factor receptor erbB1,Wild Type,80000.0,>,nM,censored_relation
1238,CHEMBL352308,Epidermal growth factor receptor erbB1,Wild Type,10000.0,>,nM,censored_relation
1244,CHEMBL86664,Epidermal growth factor receptor erbB1,Wild Type,10000.0,>,nM,censored_relation
1252,CHEMBL342792,Epidermal growth factor receptor erbB1,Wild Type,75000.0,>,nM,censored_relation
1254,CHEMBL68423,Epidermal growth factor receptor erbB1,Wild Type,10000.0,>,nM,censored_relation
1258,CHEMBL280069,Epidermal growth factor receptor erbB1,Wild Type,10000.0,>,nM,censored_relation
1259,CHEMBL143108,Epidermal growth factor receptor erbB1,Wild Type,100000.0,>,nM,censored_relation
1260,CHEMBL143108,Epidermal growth factor receptor erbB1,Wild Type,100000.0,>,nM,censored_relation
1261,CHEMBL143108,Epidermal growth factor receptor erbB1,Wild Type,100000.0,>,nM,censored_relation
1266,CHEMBL357161,Epidermal growth factor receptor erbB1,Wild Type,100000.0,>,nM,censored_relation
1268,CHEMBL145209,Epidermal growth factor receptor erbB1,Wild Type,83000.0,>,nM,censored_relation
1273,CHEMBL98934,Epidermal growth factor receptor erbB1,Wild Type,100000.0,>,nM,censored_relation
1299,CHEMBL442388,Epidermal growth factor receptor erbB1,Wild Type,100000.0,>,nM,censored_relation
1312,CHEMBL80734,Epidermal growth factor receptor erbB1,Wild Type,1000.0,>,nM,censored_relation
1313,CHEMBL274654,Epidermal growth factor receptor erbB1,Wild Type,20000.0,>,nM,censored_relation
1316,CHEMBL268731,Epidermal growth factor receptor erbB1,Wild Type,20000.0,>,nM,censored_relation
1323,CHEMBL430155,Epidermal growth factor receptor erbB1,Wild Type,20000.0,>,nM,censored_relation
1324,CHEMBL13354,Epidermal growth factor receptor erbB1,Wild Type,20000.0,>,nM,censored_relation
1328,CHEMBL13485,Epidermal growth factor receptor erbB1,Wild Type,20000.0,>,nM,censored_relation
1335,CHEMBL267293,Epidermal growth factor receptor erbB1,Wild Type,20000.0,>,nM,censored_relation
1342,CHEMBL13608,Epidermal growth factor receptor erbB1,Wild Type,20000.0,>,nM,censored_relation
1348,CHEMBL172973,Epidermal growth factor receptor erbB1,Wild Type,10000.0,>,nM,censored_relation
1380,CHEMBL13976,Epidermal growth factor receptor erbB1,Wild Type,20000.0,>,nM,censored_relation
1389,CHEMBL275117,Epidermal growth factor receptor erbB1,Wild Type,20000.0,>,nM,censored_relation
1397,CHEMBL115220,Epidermal growth factor receptor erbB1,Wild Type,10000.0,>,nM,censored_relation
1398,CHEMBL535,Epidermal growth factor receptor erbB1,Wild Type,20000.0,>,nM,censored_relation
1419,CHEMBL333553,Epidermal growth factor receptor erbB1,Wild Type,50000.0,>,nM,censored_relation
1424,CHEMBL424625,Epidermal growth factor receptor erbB1,Wild Type,50000.0,>,nM,censored_relation
1425,CHEMBL74038,Epidermal growth factor receptor erbB1,Wild Type,100000.0,>,nM,censored_relation
1434,CHEMBL324030,Epidermal growth factor receptor erbB1,Wild Type,50000.0,>,nM,censored_relation
1453,CHEMBL119987,Epidermal growth factor receptor erbB1,Wild Type,50000.0,>,nM,censored_relation
1454,CHEMBL117055,Epidermal growth factor receptor erbB1,Wild Type,100000.0,>,nM,censored_relation
1455,CHEMBL117055,Epidermal growth factor receptor erbB1,Wild Type,167000.0,>,nM,censored_relation
1465,CHEMBL118321,Epidermal growth factor receptor erbB1,Wild Type,50000.0,>,nM,censored_relation
1475,CHEMBL103055,Epidermal growth factor receptor erbB1,Wild Type,100000.0,>,nM,censored_relation
1477,CHEMBL115519,Epidermal growth factor receptor erbB1,Wild Type,83000.0,>,nM,censored_relation
1493,CHEMBL309073,Epidermal growth factor receptor erbB1,Wild Type,50000.0,>,nM,censored_relation
1508,CHEMBL120719,Epidermal growth factor receptor erbB1,Wild Type,50000.0,>,nM,censored_relation
1552,CHEMBL117696,Epidermal growth factor receptor erbB1,Wild Type,10000.0,>,nM,censored_relation
1555,CHEMBL85403,Epidermal growth factor receptor erbB1,Wild Type,100000.0,>,nM,censored_relation
1560,CHEMBL21162,Epidermal growth factor receptor erbB1,Wild Type,100000.0,>,nM,censored_relation
1561,CHEMBL158879,Epidermal growth factor receptor erbB1,Wild Type,100000.0,>,nM,censored_relation
1565,CHEMBL86755,Epidermal growth factor receptor erbB1,Wild Type,100000.0,>,nM,censored_relation
1566,CHEMBL86943,Epidermal growth factor receptor erbB1,Wild Type,100000.0,>,nM,censored_relation
1568,CHEMBL326095,Epidermal growth factor receptor erbB1,Wild Type,100000.0,>,nM,censored_relation
1572,CHEMBL87080,Epidermal growth factor receptor erbB1,Wild Type,10000.0,>,nM,censored_relation
1573,CHEMBL86945,Epidermal growth factor receptor erbB1,Wild Type,100000.0,>,nM,censored_relation
1576,CHEMBL117711,Epidermal growth factor receptor erbB1,Wild Type,1000.0,>,nM,censored_relation
1580,CHEMBL89363,Epidermal growth factor receptor erbB1,Wild Type,100000.0,>,nM,censored_relation
1581,CHEMBL20426,Epidermal growth factor receptor erbB1,Wild Type,100000.0,>,nM,censored_relation
1584,CHEMBL39563,Epidermal growth factor receptor erbB1,Wild Type,100000.0,>,nM,censored_relation
1587,CHEMBL124660,Epidermal growth factor receptor erbB1,Wild Type,30000.0,>,nM,censored_relation
1588,CHEMBL87208,Epidermal growth factor receptor erbB1,Wild Type,100000.0,>,nM,censored_relation
1589,CHEMBL418010,Epidermal growth factor receptor erbB1,Wild Type,100000.0,>,nM,censored_relation
1590,CHEMBL21079,Epidermal growth factor receptor erbB1,Wild Type,100000.0,>,nM,censored_relation
1593,CHEMBL119000,Epidermal growth factor receptor erbB1,Wild Type,10000.0,>,nM,censored_relation
1596,CHEMBL87402,Epidermal growth factor receptor erbB1,Wild Type,100000.0,>,nM,censored_relation
1599,CHEMBL86837,Epidermal growth factor receptor erbB1,Wild Type,100000.0,>,nM,censored_relation
1600,CHEMBL21086,Epidermal growth factor receptor erbB1,Wild Type,100000.0,>,nM,censored_relation
1602,CHEMBL158596,Epidermal growth factor receptor erbB1,Wild Type,100000.0,>,nM,censored_relation
1609,CHEMBL328452,Epidermal growth factor receptor erbB1,Wild Type,100000.0,>,nM,censored_relation
1611,CHEMBL348069,Epidermal growth factor receptor erbB1,Wild Type,100000.0,>,nM,censored_relation
1616,CHEMBL89040,Epidermal growth factor receptor erbB1,Wild Type,100000.0,>,nM,censored_relation
1617,CHEMBL86432,Epidermal growth factor receptor erbB1,Wild Type,100000.0,>,nM,censored_relation
1621,CHEMBL90277,Epidermal growth factor receptor erbB1,Wild Type,100000.0,>,nM,censored_relation
1623,CHEMBL352010,Epidermal growth factor receptor erbB1,Wild Type,100000.0,>,nM,censored_relation
1625,CHEMBL330946,Epidermal growth factor receptor erbB1,Wild Type,1000.0,>,nM,censored_relation
1630,CHEMBL86480,Epidermal growth factor receptor erbB1,Wild Type,100000.0,>,nM,censored_relation
1631,CHEMBL314217,Epidermal growth factor receptor erbB1,Wild Type,100000.0,>,nM,censored_relation
1633,CHEMBL118482,Epidermal growth factor receptor erbB1,Wild Type,10000.0,>,nM,censored_relation
1634,CHEMBL278103,Epidermal growth factor receptor erbB1,Wild Type,100000.0,>,nM,censored_relation
1635,CHEMBL119432,Epidermal growth factor receptor erbB1,Wild Type,10000.0,>,nM,censored_relation
1637,CHEMBL313578,Epidermal growth factor receptor erbB1,Wild Type,100000.0,>,nM,censored_relation
1638,CHEMBL314798,Epidermal growth factor receptor erbB1,Wild Type,100000.0,>,nM,censored_relation
1639,CHEMBL316008,Epidermal growth factor receptor erbB1,Wild Type,100000.0,>,nM,censored_relation
1640,CHEMBL87783,Epidermal growth factor receptor erbB1,Wild Type,100000.0,>,nM,censored_relation
1641,CHEMBL316268,Epidermal growth factor receptor erbB1,Wild Type,100000.0,>,nM,censored_relation
1642,CHEMBL312826,Epidermal growth factor receptor erbB1,Wild Type,100000.0,>,nM,censored_relation
1650,CHEMBL313433,Epidermal growth factor receptor erbB1,Wild Type,100000.0,>,nM,censored_relation
1652,CHEMBL21215,Epidermal growth factor receptor erbB1,Wild Type,100000.0,>,nM,censored_relation
1653,CHEMBL347256,Epidermal growth factor receptor erbB1,Wild Type,100000.0,>,nM,censored_relation
1659,CHEMBL315701,Epidermal growth factor receptor erbB1,Wild Type,100000.0,>,nM,censored_relation
1660,CHEMBL277931,Epidermal growth factor receptor erbB1,Wild Type,50000.0,>,nM,censored_relation
1663,CHEMBL345622,Epidermal growth factor receptor erbB1,Wild Type,100000.0,>,nM,censored_relation
1668,CHEMBL87810,Epidermal growth factor receptor erbB1,Wild Type,100000.0,>,nM,censored_relation
1669,CHEMBL20867,Epidermal growth factor receptor erbB1,Wild Type,100000.0,>,nM,censored_relation
1676,CHEMBL89809,Epidermal growth factor receptor erbB1,Wild Type,100000.0,>,nM,censored_relation
1677,CHEMBL89646,Epidermal growth factor receptor erbB1,Wild Type,100000.0,>,nM,censored_relation
1679,CHEMBL20252,Epidermal growth factor receptor erbB1,Wild Type,100000.0,>,nM,censored_relation
1681,CHEMBL331417,Epidermal growth factor receptor erbB1,Wild Type,100000.0,>,nM,censored_relation
1683,CHEMBL424255,Epidermal growth factor receptor erbB1,Wild Type,10000.0,>,nM,censored_relation
1684,CHEMBL276711,Epidermal growth factor receptor erbB1,Wild Type,100000.0,>,nM,censored_relation
1685,CHEMBL20926,Epidermal growth factor receptor erbB1,Wild Type,100000.0,>,nM,censored_relation
1686,CHEMBL156281,Epidermal growth factor receptor erbB1,Wild Type,100000.0,>,nM,censored_relation
1692,CHEMBL21078,Epidermal growth factor receptor erbB1,Wild Type,100000.0,>,nM,censored_relation
1696,CHEMBL86944,Epidermal growth factor receptor erbB1,Wild Type,100000.0,>,nM,censored_relation
1697,CHEMBL89721,Epidermal growth factor receptor erbB1,Wild Type,100000.0,>,nM,censored_relation
1698,CHEMBL86921,Epidermal growth factor receptor erbB1,Wild Type,100000.0,>,nM,censored_relation
1701,CHEMBL119758,Epidermal growth factor receptor erbB1,Wild Type,1000.0,>,nM,censored_relation
1711,CHEMBL315546,Epidermal growth factor receptor erbB1,Wild Type,100000.0,>,nM,censored_relation
1712,CHEMBL88405,Epidermal growth factor receptor erbB1,Wild Type,50000.0,>,nM,censored_relation
1713,CHEMBL330321,Epidermal growth factor receptor erbB1,Wild Type,100000.0,>,nM,censored_relation
1714,CHEMBL328710,Epidermal growth factor receptor erbB1,Wild Type,100000.0,>,nM,censored_relation
1715,CHEMBL349322,Epidermal growth factor receptor erbB1,Wild Type,100000.0,>,nM,censored_relation
1716,CHEMBL156020,Epidermal growth factor receptor erbB1,Wild Type,100000.0,>,nM,censored_relation
1717,CHEMBL125898,Epidermal growth factor receptor erbB1,Wild Type,30000.0,>,nM,censored_relation
1719,CHEMBL119242,Epidermal growth factor receptor erbB1,Wild Type,10000.0,>,nM,censored_relation
1724,CHEMBL423288,Epidermal growth factor receptor erbB1,Wild Type,100000.0,>,nM,censored_relation
1725,CHEMBL349762,Epidermal growth factor receptor erbB1,Wild Type,100000.0,>,nM,censored_relation
1726,CHEMBL117988,Epidermal growth factor receptor erbB1,Wild Type,10000.0,>,nM,censored_relation
1727,CHEMBL421548,Epidermal growth factor receptor erbB1,Wild Type,10000.0,>,nM,censored_relation
1729,CHEMBL89483,Epidermal growth factor receptor erbB1,Wild Type,100000.0,>,nM,censored_relation
1730,CHEMBL87325,Epidermal growth factor receptor erbB1,Wild Type,100000.0,>,nM,censored_relation
1738,CHEMBL316009,Epidermal growth factor receptor erbB1,Wild Type,100000.0,>,nM,censored_relation
1739,CHEMBL278630,Epidermal growth factor receptor erbB1,Wild Type,100000.0,>,nM,censored_relation
1744,CHEMBL126653,Epidermal growth factor receptor erbB1,Wild Type,10000.0,>,nM,censored_relation
1747,CHEMBL314021,Epidermal growth factor receptor erbB1,Wild Type,100000.0,>,nM,censored_relation
1751,CHEMBL420411,Epidermal growth factor receptor erbB1,Wild Type,100000.0,>,nM,censored_relation
1752,CHEMBL86631,Epidermal growth factor receptor erbB1,Wild Type,100000.0,>,nM,censored_relation
1756,CHEMBL329367,Epidermal growth factor receptor erbB1,Wild Type,100000.0,>,nM,censored_relation
1757,CHEMBL313259,Epidermal growth factor receptor erbB1,Wild Type,100000.0,>,nM,censored_relation
1758,CHEMBL431025,Epidermal growth factor receptor erbB1,Wild Type,100000.0,>,nM,censored_relation
1759,CHEMBL316020,Epidermal growth factor receptor erbB1,Wild Type,100000.0,>,nM,censored_relation
1760,CHEMBL87324,Epidermal growth factor receptor erbB1,Wild Type,100000.0,>,nM,censored_relation
1761,CHEMBL89697,Epidermal growth factor receptor erbB1,Wild Type,100000.0,>,nM,censored_relation
1763,CHEMBL60816,Epidermal growth factor receptor erbB1,Wild Type,100000.0,>,nM,censored_relation
1765,CHEMBL20811,Epidermal growth factor receptor erbB1,Wild Type,200000.0,>,nM,censored_relation
1766,CHEMBL941,Epidermal growth factor receptor erbB1,Wild Type,100000.0,>,nM,censored_relation
1767,CHEMBL57581,Epidermal growth factor receptor erbB1,Wild Type,100000.0,>,nM,censored_relation
1768,CHEMBL21267,Epidermal growth factor receptor erbB1,Wild Type,200000.0,>,nM,censored_relation
1769,CHEMBL103667,Epidermal growth factor receptor erbB1,Wild Type,20000.0,>,nM,censored_relation
1770,CHEMBL300817,Epidermal growth factor receptor erbB1,Wild Type,100000.0,>,nM,censored_relation
1771,CHEMBL20255,Epidermal growth factor receptor erbB1,Wild Type,200000.0,>,nM,censored_relation
1773,CHEMBL21221,Epidermal growth factor receptor erbB1,Wild Type,200000.0,>,nM,censored_relation
1774,CHEMBL278757,Epidermal growth factor receptor erbB1,Wild Type,200000.0,>,nM,censored_relation
1775,CHEMBL278071,Epidermal growth factor receptor erbB1,Wild Type,200000.0,>,nM,censored_relation
1776,CHEMBL21263,Epidermal growth factor receptor erbB1,Wild Type,200000.0,>,nM,censored_relation
1777,CHEMBL418279,Epidermal growth factor receptor erbB1,Wild Type,50000.0,>,nM,censored_relation
1778,CHEMBL55683,Epidermal growth factor receptor erbB1,Wild Type,100000.0,>,nM,censored_relation
1779,CHEMBL21265,Epidermal growth factor receptor erbB1,Wild Type,200000.0,>,nM,censored_relation
1780,CHEMBL278526,Epidermal growth factor receptor erbB1,Wild Type,200000.0,>,nM,censored_relation
1786,CHEMBL282436,Epidermal growth factor receptor erbB1,Wild Type,200000.0,>,nM,censored_relation
1787,CHEMBL283766,Epidermal growth factor receptor erbB1,Wild Type,200000.0,>,nM,censored_relation
1788,CHEMBL56669,Epidermal growth factor receptor erbB1,Wild Type,100000.0,>,nM,censored_relation
1789,CHEMBL277039,Epidermal growth factor receptor erbB1,Wild Type,200000.0,>,nM,censored_relation
1791,CHEMBL59036,Epidermal growth factor receptor erbB1,Wild Type,100000.0,>,nM,censored_relation
1793,CHEMBL291963,Epidermal growth factor receptor erbB1,Wild Type,100000.0,>,nM,censored_relation
1794,CHEMBL278101,Epidermal growth factor receptor erbB1,Wild Type,200000.0,>,nM,censored_relation
1795,CHEMBL277408,Epidermal growth factor receptor erbB1,Wild Type,200000.0,>,nM,censored_relation
1796,CHEMBL282655,Epidermal growth factor receptor erbB1,Wild Type,200000.0,>,nM,censored_relation
1798,CHEMBL56904,Epidermal growth factor receptor erbB1,Wild Type,100000.0,>,nM,censored_relation
1799,CHEMBL418270,Epidermal growth factor receptor erbB1,Wild Type,100000.0,>,nM,censored_relation
1801,CHEMBL56359,Epidermal growth factor receptor erbB1,Wild Type,50000.0,>,nM,censored_relation
1802,CHEMBL428453,Epidermal growth factor receptor erbB1,Wild Type,200000.0,>,nM,censored_relation
1803,CHEMBL277011,Epidermal growth factor receptor erbB1,Wild Type,200000.0,>,nM,censored_relation
1804,CHEMBL277008,Epidermal growth factor receptor erbB1,Wild Type,200000.0,>,nM,censored_relation
1807,CHEMBL55662,Epidermal growth factor receptor erbB1,Wild Type,100000.0,>,nM,censored_relation
1808,CHEMBL277432,Epidermal growth factor receptor erbB1,Wild Type,200000.0,>,nM,censored_relation
1809,CHEMBL55592,Epidermal growth factor receptor erbB1,Wild Type,100000.0,>,nM,censored_relation
1812,CHEMBL58142,Epidermal growth factor receptor erbB1,Wild Type,100000.0,>,nM,censored_relation
1813,CHEMBL58580,Epidermal growth factor receptor erbB1,Wild Type,100000.0,>,nM,censored_relation
1818,CHEMBL90541,Epidermal growth factor receptor erbB1,Wild Type,25000.0,>,nM,censored_relation
1821,CHEMBL48384,Epidermal growth factor receptor erbB1,Wild Type,100000.0,>,nM,censored_relation
1822,CHEMBL295939,Epidermal growth factor receptor erbB1,Wild Type,100000.0,>,nM,censored_relation
1834,CHEMBL93423,Epidermal growth factor receptor erbB1,Wild Type,25000.0,>,nM,censored_relation
1841,CHEMBL330668,Epidermal growth factor receptor erbB1,Wild Type,25000.0,>,nM,censored_relation
1860,CHEMBL321511,Epidermal growth factor receptor erbB1,Wild Type,10000.0,>,nM,censored_relation
1863,CHEMBL294769,Epidermal growth factor receptor erbB1,Wild Type,10000.0,>,nM,censored_relation
1877,CHEMBL431811,Epidermal growth factor receptor erbB1,Wild Type,10000.0,>,nM,censored_relation
1883,CHEMBL534909,Epidermal growth factor receptor erbB1,Wild Type,10000.0,>,nM,censored_relation
1887,CHEMBL173647,Epidermal growth factor receptor erbB1,Wild Type,100000.0,>,nM,censored_relation
1889,CHEMBL141247,Epidermal growth factor receptor erbB1,Wild Type,20000.0,>,nM,censored_relation
1907,CHEMBL94432,Epidermal growth factor receptor erbB1,Wild Type,10000.0,>,nM,censored_relation
1917,CHEMBL93346,Epidermal growth factor receptor erbB1,Wild Type,10000.0,>,nM,censored_relation
1922,CHEMBL557975,Epidermal growth factor receptor erbB1,Wild Type,10000.0,>,nM,censored_relation
1993,CHEMBL542955,Epidermal growth factor receptor erbB1,Wild Type,20000.0,>,nM,censored_relation
2003,CHEMBL101253,Epidermal growth factor receptor erbB1,Wild Type,10000.0,>,nM,censored_relation
2007,CHEMBL136011,Epidermal growth factor receptor erbB1,Wild Type,50000.0,>,nM,censored_relation
2010,CHEMBL353879,Epidermal growth factor receptor erbB1,Wild Type,20000.0,>>,nM,censored_relation
2021,CHEMBL54383,Epidermal growth factor receptor erbB1,Wild Type,10.0,>,nM,censored_relation
2024,CHEMBL368296,Epidermal growth factor receptor erbB1,Wild Type,1000.0,>>,nM,censored_relation
2030,CHEMBL354300,Epidermal growth factor receptor erbB1,Wild Type,100000.0,>>,nM,censored_relation
2042,CHEMBL135417,Epidermal growth factor receptor erbB1,Wild Type,50000.0,>,nM,censored_relation
2063,CHEMBL134439,Epidermal growth factor receptor erbB1,Wild Type,20000.0,>,nM,censored_relation
2067,CHEMBL352876,Epidermal growth factor receptor erbB1,Wild Type,100000.0,>,nM,censored_relation
2073,CHEMBL355853,Epidermal growth factor receptor erbB1,Wild Type,4000.0,~,nM,censored_relation
2080,CHEMBL545302,Epidermal growth factor receptor erbB1,Wild Type,20000.0,>,nM,censored_relation
2088,CHEMBL541334,Epidermal growth factor receptor erbB1,Wild Type,50000.0,>,nM,censored_relation
2089,CHEMBL355206,Epidermal growth factor receptor erbB1,Wild Type,10000.0,>>,nM,censored_relation
2094,CHEMBL169885,Epidermal growth factor receptor erbB1,Wild Type,5000.0,>>,nM,censored_relation
2102,CHEMBL168882,Epidermal growth factor receptor erbB1,Wild Type,5000.0,>>,nM,censored_relation
2103,CHEMBL168882,Epidermal growth factor receptor erbB1,Wild Type,5000.0,>>,nM,censored_relation
2104,CHEMBL171144,Epidermal growth factor receptor erbB1,Wild Type,10000.0,>>,nM,censored_relation
2107,CHEMBL354757,Epidermal growth factor receptor erbB1,Wild Type,100000.0,>>,nM,censored_relation
2109,CHEMBL135928,Epidermal growth factor receptor erbB1,Wild Type,50000.0,>,nM,censored_relation
2113,CHEMBL168330,Epidermal growth factor receptor erbB1,Wild Type,2000.0,>>,nM,censored_relation
2125,CHEMBL324371,Epidermal growth factor receptor erbB1,Wild Type,50000.0,>,nM,censored_relation
2127,CHEMBL422335,Epidermal growth factor receptor erbB1,Wild Type,5000.0,>>,nM,censored_relation
2163,CHEMBL133147,Epidermal growth factor receptor erbB1,Wild Type,20000.0,>,nM,censored_relation
2168,CHEMBL141705,Epidermal growth factor receptor erbB1,Wild Type,20000.0,>,nM,censored_relation
2169,CHEMBL142420,Epidermal growth factor receptor erbB1,Wild Type,50000.0,>,nM,censored_relation
2170,CHEMBL142420,Epidermal growth factor receptor erbB1,Wild Type,20000.0,>,nM,censored_relation
2171,CHEMBL142898,Epidermal growth factor receptor erbB1,Wild Type,10000.0,>,nM,censored_relation
2173,CHEMBL357695,Epidermal growth factor receptor erbB1,Wild Type,50000.0,>,nM,censored_relation
2174,CHEMBL144921,Epidermal growth factor receptor erbB1,Wild Type,10000.0,>,nM,censored_relation
2175,CHEMBL141435,Epidermal growth factor receptor erbB1,Wild Type,5000.0,>,nM,censored_relation
2176,CHEMBL141435,Epidermal growth factor receptor erbB1,Wild Type,5000.0,>,nM,censored_relation
2177,CHEMBL99743,Epidermal growth factor receptor erbB1,Wild Type,100000.0,>,nM,censored_relation
2178,CHEMBL142745,Epidermal growth factor receptor erbB1,Wild Type,10000.0,>,nM,censored_relation
2179,CHEMBL104067,Epidermal growth factor receptor erbB1,Wild Type,30000.0,>,nM,censored_relation
2182,CHEMBL343314,Epidermal growth factor receptor erbB1,Wild Type,10000.0,>,nM,censored_relation
2183,CHEMBL343314,Epidermal growth factor receptor erbB1,Wild Type,10000.0,>,nM,censored_relation
2184,CHEMBL102346,Epidermal growth factor receptor erbB1,Wild Type,30000.0,>,nM,censored_relation
2185,CHEMBL142200,Epidermal growth factor receptor erbB1,Wild Type,5000.0,>,nM,censored_relation
2186,CHEMBL143968,Epidermal growth factor receptor erbB1,Wild Type,1000.0,>,nM,censored_relation
2188,CHEMBL323336,Epidermal growth factor receptor erbB1,Wild Type,100000.0,>,nM,censored_relation
2189,CHEMBL347786,Epidermal growth factor receptor erbB1,Wild Type,10000.0,>,nM,censored_relation
2191,CHEMBL359136,Epidermal growth factor receptor erbB1,Wild Type,5000.0,>,nM,censored_relation
2193,CHEMBL141884,Epidermal growth factor receptor erbB1,Wild Type,5000.0,>,nM,censored_relation
2194,CHEMBL142335,Epidermal growth factor receptor erbB1,Wild Type,5000.0,>,nM,censored_relation
2197,CHEMBL142611,Epidermal growth factor receptor erbB1,Wild Type,10000.0,>,nM,censored_relation
2198,CHEMBL142611,Epidermal growth factor receptor erbB1,Wild Type,10000.0,>,nM,censored_relation
2199,CHEMBL345019,Epidermal growth factor receptor erbB1,Wild Type,1000.0,>,nM,censored_relation
2201,CHEMBL142985,Epidermal growth factor receptor erbB1,Wild Type,20000.0,>,nM,censored_relation
2202,CHEMBL142985,Epidermal growth factor receptor erbB1,Wild Type,5000.0,>,nM,censored_relation
2203,CHEMBL143160,Epidermal growth factor receptor erbB1,Wild Type,5000.0,>,nM,censored_relation
2205,CHEMBL106966,Epidermal growth factor receptor erbB1,Wild Type,100000.0,>,nM,censored_relation
2208,CHEMBL357040,Epidermal growth factor receptor erbB1,Wild Type,5000.0,>,nM,censored_relation
2209,CHEMBL142499,Epidermal growth factor receptor erbB1,Wild Type,5000.0,>,nM,censored_relation
2220,CHEMBL118904,Epidermal growth factor receptor erbB1,Wild Type,100000.0,>,nM,censored_relation
2223,CHEMBL56879,Epidermal growth factor receptor erbB1,Wild Type,20000.0,<,nM,censored_relation
2240,CHEMBL57251,Epidermal growth factor receptor erbB1,Wild Type,166000.0,>,nM,censored_relation
2243,CHEMBL57631,Epidermal growth factor receptor erbB1,Wild Type,325000.0,>,nM,censored_relation
2245,CHEMBL50977,Epidermal growth factor receptor erbB1,Wild Type,50000.0,>,nM,censored_relation
2246,CHEMBL51573,Epidermal growth factor receptor erbB1,Wild Type,50000.0,>,nM,censored_relation
2256,CHEMBL56731,Epidermal growth factor receptor erbB1,Wild Type,15000.0,>,nM,censored_relation
2262,CHEMBL294213,Epidermal growth factor receptor erbB1,Wild Type,100000.0,>,nM,censored_relation
2281,CHEMBL57462,Epidermal growth factor receptor erbB1,Wild Type,16000.0,>,nM,censored_relation
2288,CHEMBL55360,Epidermal growth factor receptor erbB1,Wild Type,5000.0,>,nM,censored_relation
2301,CHEMBL56393,Epidermal growth factor receptor erbB1,Wild Type,8000.0,>,nM,censored_relation
2303,CHEMBL293749,Epidermal growth factor receptor erbB1,Wild Type,625.0,<,nM,censored_relation
2304,CHEMBL300341,Epidermal growth factor receptor erbB1,Wild Type,1250000.0,>,nM,censored_relation
2311,CHEMBL120703,Epidermal growth factor receptor erbB1,Wild Type,10000.0,>,nM,censored_relation
2312,CHEMBL120703,Epidermal growth factor receptor erbB1,Wild Type,100000.0,>,nM,censored_relation
2318,CHEMBL57471,Epidermal growth factor receptor erbB1,Wild Type,625000.0,>,nM,censored_relation
2325,CHEMBL334026,Epidermal growth factor receptor erbB1,Wild Type,100000.0,>,nM,censored_relation
2326,CHEMBL293798,Epidermal growth factor receptor erbB1,Wild Type,250000.0,>,nM,censored_relation
2329,CHEMBL56674,Epidermal growth factor receptor erbB1,Wild Type,250000.0,>,nM,censored_relation
2336,CHEMBL59150,Epidermal growth factor receptor erbB1,Wild Type,60000.0,>,nM,censored_relation
2341,CHEMBL120319,Epidermal growth factor receptor erbB1,Wild Type,800.0,<,nM,censored_relation
2342,CHEMBL281957,Epidermal growth factor receptor erbB1,Wild Type,10000.0,>,nM,censored_relation
2344,CHEMBL56964,Epidermal growth factor receptor erbB1,Wild Type,120000.0,>,nM,censored_relation
2353,CHEMBL276711,Epidermal growth factor receptor erbB1,Wild Type,10000.0,>,nM,censored_relation
2355,CHEMBL291753,Epidermal growth factor receptor erbB1,Wild Type,1000000.0,>,nM,censored_relation
2357,CHEMBL292609,Epidermal growth factor receptor erbB1,Wild Type,2500000.0,>,nM,censored_relation
2358,CHEMBL299347,Epidermal growth factor receptor erbB1,Wild Type,50000.0,>,nM,censored_relation
2364,CHEMBL75232,Epidermal growth factor receptor erbB1,Wild Type,10000.0,>,nM,censored_relation
2370,CHEMBL347537,Epidermal growth factor receptor erbB1,Wild Type,10000.0,>,nM,censored_relation
2372,CHEMBL293584,Epidermal growth factor receptor erbB1,Wild Type,30000.0,>,nM,censored_relation
2384,CHEMBL131405,Epidermal growth factor receptor erbB1,Wild Type,100000.0,>,nM,censored_relation
2388,CHEMBL120185,Epidermal growth factor receptor erbB1,Wild Type,10000.0,>,nM,censored_relation
2394,CHEMBL341459,Epidermal growth factor receptor erbB1,Wild Type,100000.0,>,nM,censored_relation
2397,CHEMBL129856,Epidermal growth factor receptor erbB1,Wild Type,100000.0,>,nM,censored_relation
2398,CHEMBL118258,Epidermal growth factor receptor erbB1,Wild Type,10000.0,>,nM,censored_relation
2399,CHEMBL118258,Epidermal growth factor receptor erbB1,Wild Type,10000.0,>,nM,censored_relation
2401,CHEMBL130633,Epidermal growth factor receptor erbB1,Wild Type,100000.0,>,nM,censored_relation
2405,CHEMBL7572,Epidermal growth factor receptor erbB1,Wild Type,10000.0,>,nM,censored_relation
2406,CHEMBL7432,Epidermal growth factor receptor erbB1,Wild Type,30000.0,>,nM,censored_relation
2407,CHEMBL553824,Epidermal growth factor receptor erbB1,Wild Type,100000.0,>,nM,censored_relation
2408,CHEMBL102301,Epidermal growth factor receptor erbB1,Wild Type,100000.0,>,nM,censored_relation
2409,CHEMBL319894,Epidermal growth factor receptor erbB1,Wild Type,100000.0,>,nM,censored_relation
2410,CHEMBL7735,Epidermal growth factor receptor erbB1,Wild Type,30000.0,>,nM,censored_relation
2411,CHEMBL7600,Epidermal growth factor receptor erbB1,Wild Type,30000.0,>,nM,censored_relation
2415,CHEMBL72976,Epidermal growth factor receptor erbB1,Wild Type,100000.0,>,nM,censored_relation
2422,CHEMBL307062,Epidermal growth factor receptor erbB1,Wild Type,100000.0,>,nM,censored_relation
2424,CHEMBL73402,Epidermal growth factor receptor erbB1,Wild Type,100000.0,>,nM,censored_relation
2444,CHEMBL310923,Epidermal growth factor receptor erbB1,Wild Type,100000.0,>,nM,censored_relation
2448,CHEMBL75049,Epidermal growth factor receptor erbB1,Wild Type,100000.0,>,nM,censored_relation
2452,CHEMBL72984,Epidermal growth factor receptor erbB1,Wild Type,50000.0,>,nM,censored_relation
2457,CHEMBL307026,Epidermal growth factor receptor erbB1,Wild Type,100000.0,>,nM,censored_relation
2458,CHEMBL72560,Epidermal growth factor receptor erbB1,Wild Type,50000.0,>,nM,censored_relation
2460,CHEMBL308582,Epidermal growth factor receptor erbB1,Wild Type,100000.0,>,nM,censored_relation
2465,CHEMBL177298,Epidermal growth factor receptor erbB1,Wild Type,10000.0,>,nM,censored_relation
2466,CHEMBL175862,Epidermal growth factor receptor erbB1,Wild Type,10000.0,>,nM,censored_relation
2467,CHEMBL176078,Epidermal growth factor receptor erbB1,Wild Type,10000.0,>,nM,censored_relation
2468,CHEMBL176019,Epidermal growth factor receptor erbB1,Wild Type,10000.0,>,nM,censored_relation
2551,CHEMBL178455,Epidermal growth factor receptor erbB1,Wild Type,10000.0,>,nM,censored_relation
2552,CHEMBL178455,Epidermal growth factor receptor erbB1,Wild Type,10000.0,>,nM,censored_relation
2556,CHEMBL368891,Epidermal growth factor receptor erbB1,Wild Type,10000.0,>,nM,censored_relation
2564,CHEMBL184555,Epidermal growth factor receptor erbB1,Wild Type,33000.0,>,nM,censored_relation
2568,CHEMBL365830,Epidermal growth factor receptor erbB1,Wild Type,33000.0,>,nM,censored_relation
2570,CHEMBL364576,Epidermal growth factor receptor erbB1,Wild Type,33000.0,>,nM,censored_relation
2572,CHEMBL184052,Epidermal growth factor receptor erbB1,Wild Type,33000.0,>,nM,censored_relation
2573,CHEMBL10,Epidermal growth factor receptor erbB1,Wild Type,33000.0,>,nM,censored_relation
2584,CHEMBL189338,Epidermal growth factor receptor erbB1,Wild Type,1000.0,>,nM,censored_relation
2586,CHEMBL190984,Epidermal growth factor receptor erbB1,Wild Type,10000.0,>,nM,censored_relation
2587,CHEMBL188502,Epidermal growth factor receptor erbB1,Wild Type,10000.0,>,nM,censored_relation
2589,CHEMBL261720,Epidermal growth factor receptor erbB1,Wild Type,10000.0,>,nM,censored_relation
2590,CHEMBL191003,Epidermal growth factor receptor erbB1,Wild Type,100000.0,>,nM,censored_relation
2592,CHEMBL1788116,Epidermal growth factor receptor erbB1,Wild Type,10000.0,>,nM,censored_relation
2593,CHEMBL191336,Epidermal growth factor receptor erbB1,Wild Type,10000.0,>,nM,censored_relation
2597,CHEMBL190651,Epidermal growth factor receptor erbB1,Wild Type,250.0,>,nM,censored_relation
2599,CHEMBL192737,Epidermal growth factor receptor erbB1,Wild Type,13000.0,>,nM,censored_relation
2600,CHEMBL192737,Epidermal growth factor receptor erbB1,Wild Type,100000.0,>,nM,censored_relation
2609,CHEMBL193159,Epidermal growth factor receptor erbB1,Wild Type,5.0,<,nM,censored_relation
2622,CHEMBL189779,Epidermal growth factor receptor erbB1,Wild Type,5.0,<,nM,censored_relation
2623,CHEMBL189779,Epidermal growth factor receptor erbB1,Wild Type,5.0,<,nM,censored_relation
2626,CHEMBL372246,Epidermal growth factor receptor erbB1,Wild Type,500.0,>,nM,censored_relation
2629,CHEMBL365805,Epidermal growth factor receptor erbB1,Wild Type,500.0,>,nM,censored_relation
2637,CHEMBL365318,Epidermal growth factor receptor erbB1,Wild Type,10000.0,>,nM,censored_relation
2638,CHEMBL194498,Epidermal growth factor receptor erbB1,Wild Type,10000.0,>,nM,censored_relation
2639,CHEMBL195903,Epidermal growth factor receptor erbB1,Wild Type,25000.0,>,nM,censored_relation
2640,CHEMBL193456,Epidermal growth factor receptor erbB1,Wild Type,100000.0,>,nM,censored_relation
2641,CHEMBL193643,Epidermal growth factor receptor erbB1,Wild Type,100000.0,>,nM,censored_relation
2642,CHEMBL2113092,Epidermal growth factor receptor erbB1,Wild Type,100000.0,>,nM,censored_relation
2654,CHEMBL197568,Epidermal growth factor receptor erbB1,Wild Type,25000.0,>,nM,censored_relation
2679,CHEMBL383172,Epidermal growth factor receptor erbB1,Wild Type,50000.0,>,nM,censored_relation
2681,CHEMBL196363,Epidermal growth factor receptor erbB1,Wild Type,50000.0,>,nM,censored_relation
2682,CHEMBL381207,Epidermal growth factor receptor erbB1,Wild Type,50000.0,>,nM,censored_relation
2683,CHEMBL120077,Epidermal growth factor receptor erbB1,Wild Type,100000.0,>,nM,censored_relation
2685,CHEMBL202930,Epidermal growth factor receptor erbB1,Wild Type,50000.0,>,nM,censored_relation
2686,CHEMBL199299,Epidermal growth factor receptor erbB1,Wild Type,50000.0,>,nM,censored_relation
2694,CHEMBL202216,Epidermal growth factor receptor erbB1,Wild Type,50000.0,>,nM,censored_relation
2752,CHEMBL203779,Epidermal growth factor receptor erbB1,Wild Type,2.0,<,nM,censored_relation
2753,CHEMBL204105,Epidermal growth factor receptor erbB1,Wild Type,2.0,<,nM,censored_relation
2770,CHEMBL202650,Epidermal growth factor receptor erbB1,Wild Type,10000.0,>,nM,censored_relation
2776,CHEMBL203664,Epidermal growth factor receptor erbB1,Wild Type,10000.0,>,nM,censored_relation
2777,CHEMBL382782,Epidermal growth factor receptor erbB1,Wild Type,10000.0,>,nM,censored_relation
2778,CHEMBL206370,Epidermal growth factor receptor erbB1,Wild Type,10000.0,>,nM,censored_relation
2791,CHEMBL204117,Epidermal growth factor receptor erbB1,Wild Type,10000.0,>,nM,censored_relation
2803,CHEMBL203132,Epidermal growth factor receptor erbB1,Wild Type,30000.0,>,nM,censored_relation
2804,CHEMBL206848,Epidermal growth factor receptor erbB1,Wild Type,30000.0,>,nM,censored_relation
2805,CHEMBL205148,Epidermal growth factor receptor erbB1,Wild Type,30000.0,>,nM,censored_relation
2816,CHEMBL378145,Epidermal growth factor receptor erbB1,Wild Type,30000.0,>,nM,censored_relation
2819,CHEMBL379041,Epidermal growth factor receptor erbB1,Wild Type,30000.0,>,nM,censored_relation
2821,CHEMBL204223,Epidermal growth factor receptor erbB1,Wild Type,30000.0,>,nM,censored_relation
2822,CHEMBL377300,Epidermal growth factor receptor erbB1,Wild Type,1900.0,>,nM,censored_relation
2862,CHEMBL208048,Epidermal growth factor receptor erbB1,Wild Type,1.0,<,nM,censored_relation
2935,CHEMBL209148,Epidermal growth factor receptor erbB1,Wild Type,50000.0,>,nM,censored_relation
2936,CHEMBL377734,Epidermal growth factor receptor erbB1,Wild Type,50000.0,>,nM,censored_relation
2937,CHEMBL212084,Epidermal growth factor receptor erbB1,Wild Type,50000.0,>,nM,censored_relation
2938,CHEMBL213743,Epidermal growth factor receptor erbB1,Wild Type,50000.0,>,nM,censored_relation
2939,CHEMBL213618,Epidermal growth factor receptor erbB1,Wild Type,10000.0,>,nM,censored_relation
3005,CHEMBL386296,Epidermal growth factor receptor erbB1,Wild Type,100000.0,>,nM,censored_relation
3006,CHEMBL386579,Epidermal growth factor receptor erbB1,Wild Type,100000.0,>,nM,censored_relation
3008,CHEMBL383999,Epidermal growth factor receptor erbB1,Wild Type,100000.0,>,nM,censored_relation
3011,CHEMBL215280,Epidermal growth factor receptor erbB1,Wild Type,100000.0,>,nM,censored_relation
3012,CHEMBL211982,Epidermal growth factor receptor erbB1,Wild Type,100000.0,>,nM,censored_relation
3023,CHEMBL386052,Epidermal growth factor receptor erbB1,Wild Type,100000.0,>,nM,censored_relation
3024,CHEMBL380168,Epidermal growth factor receptor erbB1,Wild Type,100000.0,>,nM,censored_relation
3045,CHEMBL384558,Epidermal growth factor receptor erbB1,Wild Type,100000.0,>,nM,censored_relation
3050,CHEMBL385015,Epidermal growth factor receptor erbB1,Wild Type,100000.0,>,nM,censored_relation
3062,CHEMBL450944,Epidermal growth factor receptor erbB1,Wild Type,3000.0,>,nM,censored_relation
3063,CHEMBL217825,Epidermal growth factor receptor erbB1,Wild Type,3000.0,>,nM,censored_relation
3067,CHEMBL402548,Epidermal growth factor receptor erbB1,Wild Type,10000.0,>,nM,censored_relation
3069,CHEMBL383899,Epidermal growth factor receptor erbB1,Wild Type,10000.0,>,nM,censored_relation
3070,CHEMBL216260,Epidermal growth factor receptor erbB1,Wild Type,10000.0,>,nM,censored_relation
3074,CHEMBL373751,Epidermal growth factor receptor erbB1,Wild Type,10000.0,<,nM,censored_relation
3101,CHEMBL1203935,Epidermal growth factor receptor erbB1,Wild Type,50.0,>,nM,censored_relation
3117,CHEMBL1203935,Epidermal growth factor receptor erbB1,Wild Type,3000.0,>,nM,censored_relation
3132,CHEMBL389745,Epidermal growth factor receptor erbB1,Wild Type,10000.0,>,nM,censored_relation
3133,CHEMBL231568,Epidermal growth factor receptor erbB1,Wild Type,25000.0,>,nM,censored_relation
3135,CHEMBL425834,Epidermal growth factor receptor erbB1,Wild Type,5000.0,>,nM,censored_relation
3136,CHEMBL230232,Epidermal growth factor receptor erbB1,Wild Type,5000.0,>,nM,censored_relation
3138,CHEMBL242852,Epidermal growth factor receptor erbB1,Wild Type,5000.0,>,nM,censored_relation
3140,CHEMBL242208,Epidermal growth factor receptor erbB1,Wild Type,20000.0,>,nM,censored_relation
3143,CHEMBL241989,Epidermal growth factor receptor erbB1,Wild Type,20000.0,>,nM,censored_relation
3149,CHEMBL396472,Epidermal growth factor receptor erbB1,Wild Type,10000.0,>,nM,censored_relation
3150,CHEMBL242555,Epidermal growth factor receptor erbB1,Wild Type,10000.0,>,nM,censored_relation
3156,CHEMBL242131,Epidermal growth factor receptor erbB1,Wild Type,10.0,<,nM,censored_relation
3168,CHEMBL396472,Epidermal growth factor receptor erbB1,Wild Type,10000.0,>,nM,censored_relation
3169,CHEMBL242555,Epidermal growth factor receptor erbB1,Wild Type,10000.0,>,nM,censored_relation
3170,CHEMBL242349,Epidermal growth factor receptor erbB1,Wild Type,10000.0,>,nM,censored_relation
3171,CHEMBL24828,Epidermal growth factor receptor erbB1,Wild Type,10000.0,>,nM,censored_relation
3173,CHEMBL29197,Epidermal growth factor receptor erbB1,Wild Type,100.0,>,nM,censored_relation
3184,CHEMBL428039,Epidermal growth factor receptor erbB1,Wild Type,10000.0,>,nM,censored_relation
3206,CHEMBL233001,Epidermal growth factor receptor erbB1,Wild Type,10000.0,>,nM,censored_relation
3207,CHEMBL232601,Epidermal growth factor receptor erbB1,Wild Type,10000.0,>,nM,censored_relation
3208,CHEMBL233338,Epidermal growth factor receptor erbB1,Wild Type,6000.0,>,nM,censored_relation
3209,CHEMBL200381,Epidermal growth factor receptor erbB1,Wild Type,5000.0,<,nM,censored_relation
3210,CHEMBL236384,Epidermal growth factor receptor erbB1,Wild Type,20000.0,>,nM,censored_relation
3211,CHEMBL236383,Epidermal growth factor receptor erbB1,Wild Type,40000.0,>,nM,censored_relation
3212,CHEMBL446633,Epidermal growth factor receptor erbB1,Wild Type,40000.0,>,nM,censored_relation
3213,CHEMBL238323,Epidermal growth factor receptor erbB1,Wild Type,40000.0,>,nM,censored_relation
3214,CHEMBL393707,Epidermal growth factor receptor erbB1,Wild Type,40000.0,>,nM,censored_relation
3215,CHEMBL238322,Epidermal growth factor receptor erbB1,Wild Type,5000.0,<,nM,censored_relation
3216,CHEMBL238273,Epidermal growth factor receptor erbB1,Wild Type,40000.0,>,nM,censored_relation
3217,CHEMBL398606,Epidermal growth factor receptor erbB1,Wild Type,30000.0,>,nM,censored_relation
3345,CHEMBL258015,Epidermal growth factor receptor erbB1,Wild Type,1000.0,>,nM,censored_relation
3346,CHEMBL401896,Epidermal growth factor receptor erbB1,Wild Type,1000.0,>,nM,censored_relation
3352,CHEMBL255376,Epidermal growth factor receptor erbB1,Wild Type,1.0,<,nM,censored_relation
3359,CHEMBL270448,Epidermal growth factor receptor erbB1,Wild Type,1.0,<,nM,censored_relation
3370,CHEMBL438536,Epidermal growth factor receptor erbB1,Wild Type,1.0,<,nM,censored_relation
3373,CHEMBL410643,Epidermal growth factor receptor erbB1,Wild Type,10000.0,>,nM,censored_relation
3374,CHEMBL271190,Epidermal growth factor receptor erbB1,Wild Type,10000.0,>,nM,censored_relation
3478,CHEMBL411901,Epidermal growth factor receptor erbB1,Wild Type,10000.0,>,nM,censored_relation
3483,CHEMBL406375,Epidermal growth factor receptor erbB1,Wild Type,10000.0,>=,nM,censored_relation
3484,CHEMBL408565,Epidermal growth factor receptor erbB1,Wild Type,100000.0,>,nM,censored_relation
3490,CHEMBL258805,Epidermal growth factor receptor erbB1,Wild Type,10000.0,>,nM,censored_relation
3491,CHEMBL259394,Epidermal growth factor receptor erbB1,Wild Type,500.0,>,nM,censored_relation
3492,CHEMBL179815,Epidermal growth factor receptor erbB1,Wild Type,500.0,>,nM,censored_relation
3493,CHEMBL259395,Epidermal growth factor receptor erbB1,Wild Type,500.0,>,nM,censored_relation
3495,CHEMBL261592,Epidermal growth factor receptor erbB1,Wild Type,1000.0,>,nM,censored_relation
3496,CHEMBL445162,Epidermal growth factor receptor erbB1,Wild Type,30000.0,>,nM,censored_relation
3524,CHEMBL443169,Epidermal growth factor receptor erbB1,Wild Type,100000.0,>,nM,censored_relation
3526,CHEMBL436817,Epidermal growth factor receptor erbB1,Wild Type,40000.0,>,nM,censored_relation
3532,CHEMBL521184,Epidermal growth factor receptor erbB1,Wild Type,20.0,=,ug.mL-1,non_nanomolar_unit
3533,CHEMBL485475,Epidermal growth factor receptor erbB1,Wild Type,10.0,=,ug.mL-1,non_nanomolar_unit
3534,CHEMBL483428,Epidermal growth factor receptor erbB1,Wild Type,4.0,=,ug.mL-1,non_nanomolar_unit
3535,CHEMBL518986,Epidermal growth factor receptor erbB1,Wild Type,5.0,=,ug.mL-1,non_nanomolar_unit
3536,CHEMBL490960,Epidermal growth factor receptor erbB1,Wild Type,5.0,=,ug.mL-1,non_nanomolar_unit
3537,CHEMBL490980,Epidermal growth factor receptor erbB1,Wild Type,10.0,=,ug.mL-1,non_nanomolar_unit
3538,CHEMBL490773,Epidermal growth factor receptor erbB1,Wild Type,10.0,=,ug.mL-1,non_nanomolar_unit
3539,CHEMBL522082,Epidermal growth factor receptor erbB1,Wild Type,2.0,=,ug.mL-1,non_nanomolar_unit
3540,CHEMBL489139,Epidermal growth factor receptor erbB1,Wild Type,2.0,=,ug.mL-1,non_nanomolar_unit
3541,CHEMBL443171,Epidermal growth factor receptor erbB1,Wild Type,2.0,=,ug.mL-1,non_nanomolar_unit
3542,CHEMBL521472,Epidermal growth factor receptor erbB1,Wild Type,2.0,=,ug.mL-1,non_nanomolar_unit
3547,CHEMBL17329,Epidermal growth factor receptor erbB1,Wild Type,20.0,=,ug.mL-1,non_nanomolar_unit
3548,CHEMBL293798,Epidermal growth factor receptor erbB1,Wild Type,3000.0,>,nM,censored_relation
3561,CHEMBL489146,Epidermal growth factor receptor erbB1,Wild Type,3.0,=,ug.mL-1,non_nanomolar_unit
3562,CHEMBL450484,Epidermal growth factor receptor erbB1,Wild Type,8.0,=,ug.mL-1,non_nanomolar_unit
3563,CHEMBL453504,Epidermal growth factor receptor erbB1,Wild Type,0.9,=,ug.mL-1,non_nanomolar_unit
3564,CHEMBL510499,Epidermal growth factor receptor erbB1,Wild Type,6.0,>,ug.mL-1,censored_relation
3565,CHEMBL484053,Epidermal growth factor receptor erbB1,Wild Type,6.0,>,ug.mL-1,censored_relation
3566,CHEMBL46946,Epidermal growth factor receptor erbB1,Wild Type,1.0,=,ug.mL-1,non_nanomolar_unit
3567,CHEMBL485485,Epidermal growth factor receptor erbB1,Wild Type,0.3,=,ug.mL-1,non_nanomolar_unit
3568,CHEMBL485484,Epidermal growth factor receptor erbB1,Wild Type,30.0,>,ug.mL-1,censored_relation
3569,CHEMBL485483,Epidermal growth factor receptor erbB1,Wild Type,10.0,>,ug.mL-1,censored_relation
3570,CHEMBL503768,Epidermal growth factor receptor erbB1,Wild Type,10.0,>,ug.mL-1,censored_relation
3571,CHEMBL485283,Epidermal growth factor receptor erbB1,Wild Type,100.0,>,ug.mL-1,censored_relation
3572,CHEMBL47986,Epidermal growth factor receptor erbB1,Wild Type,0.55,=,ug.mL-1,non_nanomolar_unit
3573,CHEMBL44,Epidermal growth factor receptor erbB1,Wild Type,0.7,=,ug.mL-1,non_nanomolar_unit
3574,CHEMBL44,Epidermal growth factor receptor erbB1,Wild Type,0.1,=,ug.mL-1,non_nanomolar_unit
3575,CHEMBL241609,Epidermal growth factor receptor erbB1,Wild Type,0.1,=,ug.mL-1,non_nanomolar_unit
3587,CHEMBL483830,Epidermal growth factor receptor erbB1,Wild Type,0.01,=,ug.mL-1,non_nanomolar_unit
3588,CHEMBL242741,Epidermal growth factor receptor erbB1,Wild Type,0.1,=,ug.mL-1,non_nanomolar_unit
3598,CHEMBL483831,Epidermal growth factor receptor erbB1,Wild Type,0.2,=,ug.mL-1,non_nanomolar_unit
3606,CHEMBL28,Epidermal growth factor receptor erbB1,Wild Type,30.0,=,ug.mL-1,non_nanomolar_unit
3607,CHEMBL150,Epidermal growth factor receptor erbB1,Wild Type,3.0,=,ug.mL-1,non_nanomolar_unit
3608,CHEMBL131921,Epidermal growth factor receptor erbB1,Wild Type,30.0,=,ug.mL-1,non_nanomolar_unit
3609,CHEMBL241609,Epidermal growth factor receptor erbB1,Wild Type,3.0,=,ug.mL-1,non_nanomolar_unit
3613,CHEMBL103552,Epidermal growth factor receptor erbB1,Wild Type,0.004,=,ug.mL-1,non_nanomolar_unit
3614,CHEMBL243664,Epidermal growth factor receptor erbB1,Wild Type,40.0,=,ug.mL-1,non_nanomolar_unit
3615,CHEMBL491174,Epidermal growth factor receptor erbB1,Wild Type,4.0,=,ug.mL-1,non_nanomolar_unit
3617,CHEMBL444470,Epidermal growth factor receptor erbB1,Wild Type,50000.0,>,nM,censored_relation
3621,CHEMBL485258,Epidermal growth factor receptor erbB1,Wild Type,0.5,=,ug.mL-1,non_nanomolar_unit
3622,CHEMBL275638,Epidermal growth factor receptor erbB1,Wild Type,50.0,=,ug.mL-1,non_nanomolar_unit
3628,CHEMBL44,Epidermal growth factor receptor erbB1,Wild Type,0.7,=,ug.mL-1,non_nanomolar_unit
3635,CHEMBL441343,Epidermal growth factor receptor erbB1,Wild Type,10.0,=,ug.mL-1,non_nanomolar_unit
3636,CHEMBL8145,Epidermal growth factor receptor erbB1,Wild Type,100.0,>,ug.mL-1,censored_relation
3637,CHEMBL486625,Epidermal growth factor receptor erbB1,Wild Type,100.0,>,ug.mL-1,censored_relation
3640,CHEMBL189584,Epidermal growth factor receptor erbB1,Wild Type,50000.0,>,nM,censored_relation
3671,CHEMBL497350,Epidermal growth factor receptor erbB1,Wild Type,25000.0,>,nM,censored_relation
3673,CHEMBL497353,Epidermal growth factor receptor erbB1,Wild Type,25000.0,>,nM,censored_relation
3674,CHEMBL496129,Epidermal growth factor receptor erbB1,Wild Type,25000.0,>,nM,censored_relation
3693,CHEMBL485285,Epidermal growth factor receptor erbB1,Wild Type,25000.0,>,nM,censored_relation
3694,CHEMBL523559,Epidermal growth factor receptor erbB1,Wild Type,25000.0,>,nM,censored_relation
3695,CHEMBL485286,Epidermal growth factor receptor erbB1,Wild Type,25000.0,>,nM,censored_relation
3696,CHEMBL495729,Epidermal growth factor receptor erbB1,Wild Type,25000.0,>,nM,censored_relation
3697,CHEMBL497563,Epidermal growth factor receptor erbB1,Wild Type,25000.0,>,nM,censored_relation
3698,CHEMBL522579,Epidermal growth factor receptor erbB1,Wild Type,25000.0,>,nM,censored_relation
3699,CHEMBL521734,Epidermal growth factor receptor erbB1,Wild Type,25000.0,>,nM,censored_relation
3700,CHEMBL526639,Epidermal growth factor receptor erbB1,Wild Type,25000.0,>,nM,censored_relation
3701,CHEMBL478649,Epidermal growth factor receptor erbB1,Wild Type,25000.0,>,nM,censored_relation
3724,CHEMBL490555,Epidermal growth factor receptor erbB1,Wild Type,10000.0,>,nM,censored_relation
3725,CHEMBL473761,Epidermal growth factor receptor erbB1,Wild Type,10000.0,>,nM,censored_relation
3726,CHEMBL514941,Epidermal growth factor receptor erbB1,Wild Type,10000.0,>,nM,censored_relation
3727,CHEMBL473354,Epidermal growth factor receptor erbB1,Wild Type,10000.0,>,nM,censored_relation
3728,CHEMBL473557,Epidermal growth factor receptor erbB1,Wild Type,10000.0,>,nM,censored_relation
3729,CHEMBL474544,Epidermal growth factor receptor erbB1,Wild Type,10000.0,>,nM,censored_relation
3730,CHEMBL474347,Epidermal growth factor receptor erbB1,Wild Type,10000.0,>,nM,censored_relation
3731,CHEMBL474346,Epidermal growth factor receptor erbB1,Wild Type,10000.0,>,nM,censored_relation
3732,CHEMBL514929,Epidermal growth factor receptor erbB1,Wild Type,10000.0,>,nM,censored_relation
3733,CHEMBL472946,Epidermal growth factor receptor erbB1,Wild Type,10000.0,>,nM,censored_relation
3734,CHEMBL461110,Epidermal growth factor receptor erbB1,Wild Type,10000.0,>,nM,censored_relation
3735,CHEMBL461109,Epidermal growth factor receptor erbB1,Wild Type,10000.0,>,nM,censored_relation
3736,CHEMBL459886,Epidermal growth factor receptor erbB1,Wild Type,10000.0,>,nM,censored_relation
3737,CHEMBL462161,Epidermal growth factor receptor erbB1,Wild Type,10000.0,>,nM,censored_relation
3738,CHEMBL462160,Epidermal growth factor receptor erbB1,Wild Type,10000.0,>,nM,censored_relation
3739,CHEMBL512933,Epidermal growth factor receptor erbB1,Wild Type,10000.0,>,nM,censored_relation
3740,CHEMBL461991,Epidermal growth factor receptor erbB1,Wild Type,10000.0,>,nM,censored_relation
3741,CHEMBL464014,Epidermal growth factor receptor erbB1,Wild Type,10000.0,>,nM,censored_relation
3771,CHEMBL497949,Epidermal growth factor receptor erbB1,Wild Type,10000.0,>,nM,censored_relation
3772,CHEMBL502835,Epidermal growth factor receptor erbB1,Wild Type,10000.0,>,nM,censored_relation
3773,CHEMBL525203,Epidermal growth factor receptor erbB1,Wild Type,10000.0,>,nM,censored_relation
3781,CHEMBL499067,Epidermal growth factor receptor erbB1,Wild Type,200000.0,>,nM,censored_relation
3785,CHEMBL520803,Epidermal growth factor receptor erbB1,Wild Type,200000.0,>,nM,censored_relation
3786,CHEMBL483312,Epidermal growth factor receptor erbB1,Wild Type,200000.0,>,nM,censored_relation
3788,CHEMBL483108,Epidermal growth factor receptor erbB1,Wild Type,200000.0,>,nM,censored_relation
3795,CHEMBL474538,Epidermal growth factor receptor erbB1,Wild Type,50000.0,>,nM,censored_relation
3798,CHEMBL484119,Epidermal growth factor receptor erbB1,Wild Type,2.3,=,/uM,non_nanomolar_unit
3799,CHEMBL490267,Epidermal growth factor receptor erbB1,Wild Type,18.4,=,/uM,non_nanomolar_unit
3800,CHEMBL490266,Epidermal growth factor receptor erbB1,Wild Type,1.8,=,/uM,non_nanomolar_unit
3801,CHEMBL484321,Epidermal growth factor receptor erbB1,Wild Type,213.0,=,/uM,non_nanomolar_unit
3802,CHEMBL484121,Epidermal growth factor receptor erbB1,Wild Type,21.3,=,/uM,non_nanomolar_unit
3803,CHEMBL484316,Epidermal growth factor receptor erbB1,Wild Type,23.0,=,/uM,non_nanomolar_unit
3807,CHEMBL492251,Epidermal growth factor receptor erbB1,Wild Type,10000.0,>,nM,censored_relation
3809,CHEMBL460989,Epidermal growth factor receptor erbB1,Wild Type,10000.0,>,nM,censored_relation
3810,CHEMBL460990,Epidermal growth factor receptor erbB1,Wild Type,10000.0,>,nM,censored_relation
3930,CHEMBL472945,Epidermal growth factor receptor erbB1,Wild Type,1.0,<,nM,censored_relation
3931,CHEMBL514014,Epidermal growth factor receptor erbB1,Wild Type,50000.0,>,nM,censored_relation
3943,CHEMBL460702,Epidermal growth factor receptor erbB1,Wild Type,2000.0,>,nM,censored_relation
3944,CHEMBL504547,Epidermal growth factor receptor erbB1,Wild Type,10000.0,>,nM,censored_relation
3971,CHEMBL47986,Epidermal growth factor receptor erbB1,Wild Type,0.2,=,ug.mL-1,non_nanomolar_unit
3972,CHEMBL44,Epidermal growth factor receptor erbB1,Wild Type,0.2,=,ug.mL-1,non_nanomolar_unit
3973,CHEMBL519982,Epidermal growth factor receptor erbB1,Wild Type,5.5,=,ug.mL-1,non_nanomolar_unit
3974,CHEMBL521470,Epidermal growth factor receptor erbB1,Wild Type,3.5,=,ug.mL-1,non_nanomolar_unit
3975,CHEMBL519395,Epidermal growth factor receptor erbB1,Wild Type,6.5,=,ug.mL-1,non_nanomolar_unit
3976,CHEMBL408995,Epidermal growth factor receptor erbB1,Wild Type,10.0,>,ug.mL-1,censored_relation
3977,CHEMBL507058,Epidermal growth factor receptor erbB1,Wild Type,10.0,>,ug.mL-1,censored_relation
3978,CHEMBL483532,Epidermal growth factor receptor erbB1,Wild Type,4.2,=,ug.mL-1,non_nanomolar_unit
3979,CHEMBL483531,Epidermal growth factor receptor erbB1,Wild Type,9.8,=,ug.mL-1,non_nanomolar_unit
3980,CHEMBL520144,Epidermal growth factor receptor erbB1,Wild Type,1.1,=,ug.mL-1,non_nanomolar_unit
3981,CHEMBL483526,Epidermal growth factor receptor erbB1,Wild Type,1.7,=,ug.mL-1,non_nanomolar_unit
3982,CHEMBL483525,Epidermal growth factor receptor erbB1,Wild Type,4.2,=,ug.mL-1,non_nanomolar_unit
3991,CHEMBL466397,Epidermal growth factor receptor erbB1,Wild Type,10000.0,>,nM,censored_relation
3993,CHEMBL231526,Epidermal growth factor receptor erbB1,Wild Type,100000.0,>,nM,censored_relation
4025,CHEMBL514499,Epidermal growth factor receptor erbB1,Wild Type,48000.0,>,nM,censored_relation
4026,CHEMBL475817,Epidermal growth factor receptor erbB1,Wild Type,30000.0,>,nM,censored_relation
4028,CHEMBL455328,Epidermal growth factor receptor erbB1,Wild Type,200000.0,>,nM,censored_relation
4029,CHEMBL435191,Epidermal growth factor receptor erbB1,Wild Type,200000.0,>,nM,censored_relation
4030,CHEMBL474561,Epidermal growth factor receptor erbB1,Wild Type,200000.0,>,nM,censored_relation
4031,CHEMBL509544,Epidermal growth factor receptor erbB1,Wild Type,200000.0,>,nM,censored_relation
4033,CHEMBL519693,Epidermal growth factor receptor erbB1,Wild Type,10000.0,>,nM,censored_relation
4034,CHEMBL484967,Epidermal growth factor receptor erbB1,Wild Type,10000.0,>,nM,censored_relation
4035,CHEMBL484968,Epidermal growth factor receptor erbB1,Wild Type,10000.0,>,nM,censored_relation
4037,CHEMBL490510,Epidermal growth factor receptor erbB1,Wild Type,19000000.0,=,nM,pic50_out_of_bounds
4038,CHEMBL45068,Epidermal growth factor receptor erbB1,Wild Type,25000000.0,=,nM,pic50_out_of_bounds
4055,CHEMBL455428,Epidermal growth factor receptor erbB1,Wild Type,10000.0,>,nM,censored_relation
4056,CHEMBL461139,Epidermal growth factor receptor erbB1,Wild Type,10000.0,>,nM,censored_relation
4058,CHEMBL480014,Epidermal growth factor receptor erbB1,Wild Type,10000.0,>,nM,censored_relation
4059,CHEMBL221959,Epidermal growth factor receptor erbB1,Wild Type,10000.0,>,nM,censored_relation
4060,CHEMBL516640,Epidermal growth factor receptor erbB1,Wild Type,10000.0,>,nM,censored_relation
4062,CHEMBL285063,Epidermal growth factor receptor erbB1,Wild Type,1.5,<,nM,censored_relation
4071,CHEMBL512054,Epidermal growth factor receptor erbB1,Wild Type,6.0,=,ug.mL-1,non_nanomolar_unit
4072,CHEMBL556684,Epidermal growth factor receptor erbB1,Wild Type,4.0,=,ug.mL-1,non_nanomolar_unit
4073,CHEMBL463054,Epidermal growth factor receptor erbB1,Wild Type,2.7,=,ug.mL-1,non_nanomolar_unit
4074,CHEMBL554993,Epidermal growth factor receptor erbB1,Wild Type,2.7,=,ug.mL-1,non_nanomolar_unit
4075,CHEMBL551064,Epidermal growth factor receptor erbB1,Wild Type,10000.0,>,nM,censored_relation
4080,CHEMBL574588,Epidermal growth factor receptor erbB1,Wild Type,10000.0,>,nM,censored_relation
4081,CHEMBL574613,Epidermal growth factor receptor erbB1,Wild Type,10000.0,>,nM,censored_relation
4097,CHEMBL553,Epidermal growth factor receptor erbB1,Wild Type,1000.0,>,nM,censored_relation
4100,CHEMBL553,Epidermal growth factor receptor erbB1,T790M,1000.0,>,nM,censored_relation
4102,CHEMBL554,Epidermal growth factor receptor erbB1,T790M,1000.0,>,nM,censored_relation
4103,CHEMBL565612,Epidermal growth factor receptor erbB1,Wild Type,10000.0,>,nM,censored_relation
4111,CHEMBL576989,Epidermal growth factor receptor erbB1,Wild Type,7000.0,>,nM,censored_relation
4112,CHEMBL576887,Epidermal growth factor receptor erbB1,Wild Type,7000.0,>,nM,censored_relation
4113,CHEMBL568922,Epidermal growth factor receptor erbB1,Wild Type,7000.0,>,nM,censored_relation
4114,CHEMBL578601,Epidermal growth factor receptor erbB1,Wild Type,7000.0,>,nM,censored_relation
4122,CHEMBL606039,Epidermal growth factor receptor erbB1,Wild Type,200000.0,>,nM,censored_relation
4123,CHEMBL594320,Epidermal growth factor receptor erbB1,Wild Type,200000.0,>,nM,censored_relation
4124,CHEMBL593154,Epidermal growth factor receptor erbB1,Wild Type,200000.0,>,nM,censored_relation
4125,CHEMBL603849,Epidermal growth factor receptor erbB1,Wild Type,200000.0,>,nM,censored_relation
4126,CHEMBL594339,Epidermal growth factor receptor erbB1,Wild Type,200000.0,>,nM,censored_relation
4127,CHEMBL610181,Epidermal growth factor receptor erbB1,Wild Type,50000.0,>,nM,censored_relation
4128,CHEMBL606362,Epidermal growth factor receptor erbB1,Wild Type,500000.0,>,nM,censored_relation
4134,CHEMBL593221,Epidermal growth factor receptor erbB1,Wild Type,10000.0,>,nM,censored_relation
4135,CHEMBL593245,Epidermal growth factor receptor erbB1,Wild Type,10000.0,>,nM,censored_relation
4145,CHEMBL596292,Epidermal growth factor receptor erbB1,Wild Type,10000.0,>,nM,censored_relation
4146,CHEMBL593908,Epidermal growth factor receptor erbB1,Wild Type,10000.0,>,nM,censored_relation
4149,CHEMBL604483,Epidermal growth factor receptor erbB1,Wild Type,10000.0,>,nM,censored_relation
4150,CHEMBL595143,Epidermal growth factor receptor erbB1,Wild Type,10000.0,>,nM,censored_relation
4151,CHEMBL595373,Epidermal growth factor receptor erbB1,Wild Type,10000.0,>,nM,censored_relation
4155,CHEMBL593910,Epidermal growth factor receptor erbB1,Wild Type,10000.0,>,nM,censored_relation
4161,CHEMBL593971,Epidermal growth factor receptor erbB1,Wild Type,10000.0,>,nM,censored_relation
4162,CHEMBL593905,Epidermal growth factor receptor erbB1,Wild Type,10000.0,>,nM,censored_relation
4167,CHEMBL606168,Epidermal growth factor receptor erbB1,Wild Type,8480.0,>,nM,censored_relation
4188,CHEMBL602471,Epidermal growth factor receptor erbB1,Wild Type,50000.0,>,nM,censored_relation
4189,CHEMBL600795,Epidermal growth factor receptor erbB1,Wild Type,50000.0,>,nM,censored_relation
4190,CHEMBL602472,Epidermal growth factor receptor erbB1,Wild Type,50000.0,>,nM,censored_relation
4206,CHEMBL590081,Epidermal growth factor receptor erbB1,Wild Type,50000.0,>,nM,censored_relation
4208,CHEMBL589846,Epidermal growth factor receptor erbB1,Wild Type,50000.0,>,nM,censored_relation
4211,CHEMBL599224,Epidermal growth factor receptor erbB1,Wild Type,10000.0,>,nM,censored_relation
4212,CHEMBL599428,Epidermal growth factor receptor erbB1,Wild Type,10000.0,>,nM,censored_relation
4213,CHEMBL597754,Epidermal growth factor receptor erbB1,Wild Type,10000.0,>,nM,censored_relation
4241,CHEMBL52765,Epidermal growth factor receptor erbB1,Wild Type,10000.0,>,nM,censored_relation
4269,CHEMBL1230607,Epidermal growth factor receptor erbB1,Wild Type,10000.0,>,nM,censored_relation
4270,CHEMBL604712,Epidermal growth factor receptor erbB1,Wild Type,10000.0,>,nM,censored_relation
4276,CHEMBL592860,Epidermal growth factor receptor erbB1,Wild Type,1000.0,>,nM,censored_relation
4312,CHEMBL591052,Epidermal growth factor receptor erbB1,Wild Type,50000.0,>,nM,censored_relation
4313,CHEMBL591000,Epidermal growth factor receptor erbB1,Wild Type,50000.0,>,nM,censored_relation
4328,CHEMBL591707,Epidermal growth factor receptor erbB1,Wild Type,50000.0,>,nM,censored_relation
4329,CHEMBL591708,Epidermal growth factor receptor erbB1,Wild Type,50000.0,>,nM,censored_relation
4330,CHEMBL590759,Epidermal growth factor receptor erbB1,Wild Type,50000.0,>,nM,censored_relation
4331,CHEMBL590997,Epidermal growth factor receptor erbB1,Wild Type,50000.0,>,nM,censored_relation
4349,CHEMBL589365,Epidermal growth factor receptor erbB1,Wild Type,50000.0,>,nM,censored_relation
4350,CHEMBL1077291,Epidermal growth factor receptor erbB1,Wild Type,10000.0,>,nM,censored_relation
4358,CHEMBL1084118,Epidermal growth factor receptor erbB1,Wild Type,100000.0,>,nM,censored_relation
4359,CHEMBL1086151,Epidermal growth factor receptor erbB1,Wild Type,100000.0,>,nM,censored_relation
4362,CHEMBL1077070,Epidermal growth factor receptor erbB1,Wild Type,100000.0,>,nM,censored_relation
4363,CHEMBL1086152,Epidermal growth factor receptor erbB1,Wild Type,100000.0,>,nM,censored_relation
4364,CHEMBL1083509,Epidermal growth factor receptor erbB1,Wild Type,100000.0,>,nM,censored_relation
4366,CHEMBL1083817,Epidermal growth factor receptor erbB1,Wild Type,100000.0,>,nM,censored_relation
4367,CHEMBL1082230,Epidermal growth factor receptor erbB1,Wild Type,100000.0,>,nM,censored_relation
4368,CHEMBL1087440,Epidermal growth factor receptor erbB1,Wild Type,100000.0,>,nM,censored_relation
4369,CHEMBL1087566,Epidermal growth factor receptor erbB1,Wild Type,100000.0,>,nM,censored_relation
4372,CHEMBL1077086,Epidermal growth factor receptor erbB1,Wild Type,100000.0,>,nM,censored_relation
4385,CHEMBL1081849,Epidermal growth factor receptor erbB1,Wild Type,10000.0,>,nM,censored_relation
4386,CHEMBL1082012,Epidermal growth factor receptor erbB1,Wild Type,10000.0,>,nM,censored_relation
4388,CHEMBL1080812,Epidermal growth factor receptor erbB1,Wild Type,10000.0,>,nM,censored_relation
4389,CHEMBL1080990,Epidermal growth factor receptor erbB1,Wild Type,10000.0,>,nM,censored_relation
4390,CHEMBL1080271,Epidermal growth factor receptor erbB1,Wild Type,10000.0,>,nM,censored_relation
4391,CHEMBL1080272,Epidermal growth factor receptor erbB1,Wild Type,10000.0,>,nM,censored_relation
4395,CHEMBL1087421,Epidermal growth factor receptor erbB1,Wild Type,10000.0,>,nM,censored_relation
4396,CHEMBL1088633,Epidermal growth factor receptor erbB1,Wild Type,10000.0,>,nM,censored_relation
4397,CHEMBL1093486,Epidermal growth factor receptor erbB1,L858R,12500.0,>,nM,censored_relation
4424,CHEMBL1091644,Epidermal growth factor receptor erbB1,Wild Type,10000.0,>,nM,censored_relation
4428,CHEMBL1090840,Epidermal growth factor receptor erbB1,Wild Type,1.0,<,nM,censored_relation
4437,CHEMBL304929,Epidermal growth factor receptor erbB1,L858R,1.0,<,nM,censored_relation
4441,CHEMBL1088901,Epidermal growth factor receptor erbB1,L858R,1.0,<,nM,censored_relation
4446,CHEMBL1090840,Epidermal growth factor receptor erbB1,L858R,1.0,<,nM,censored_relation
4447,CHEMBL304929,Epidermal growth factor receptor erbB1,Wild Type,1.0,<,nM,censored_relation
4451,CHEMBL1088901,Epidermal growth factor receptor erbB1,Wild Type,1.0,<,nM,censored_relation
4458,CHEMBL535832,Epidermal growth factor receptor erbB1,Wild Type,50000.0,>,nM,censored_relation
4465,CHEMBL1099339,Epidermal growth factor receptor erbB1,Wild Type,50000.0,>,nM,censored_relation
4473,CHEMBL1094369,Epidermal growth factor receptor erbB1,Wild Type,50000.0,>,nM,censored_relation
4480,CHEMBL1094408,Epidermal growth factor receptor erbB1,Wild Type,10000.0,>,nM,censored_relation
4481,CHEMBL1094423,Epidermal growth factor receptor erbB1,Wild Type,200000.0,>,nM,censored_relation
4482,CHEMBL1096972,Epidermal growth factor receptor erbB1,Wild Type,200000.0,>,nM,censored_relation
4483,CHEMBL1097743,Epidermal growth factor receptor erbB1,Wild Type,200000.0,>,nM,censored_relation
4484,CHEMBL1096737,Epidermal growth factor receptor erbB1,Wild Type,200000.0,>,nM,censored_relation
4486,CHEMBL1096415,Epidermal growth factor receptor erbB1,Wild Type,200000.0,>,nM,censored_relation
4487,CHEMBL1096416,Epidermal growth factor receptor erbB1,Wild Type,200000.0,>,nM,censored_relation
4490,CHEMBL1095762,Epidermal growth factor receptor erbB1,Wild Type,300000.0,>,nM,censored_relation
4502,CHEMBL1095466,Epidermal growth factor receptor erbB1,Wild Type,300000.0,>,nM,censored_relation
4503,CHEMBL1094782,Epidermal growth factor receptor erbB1,Wild Type,300000.0,>,nM,censored_relation
4504,CHEMBL1094783,Epidermal growth factor receptor erbB1,Wild Type,300000.0,>,nM,censored_relation
4506,CHEMBL1098440,Epidermal growth factor receptor erbB1,Wild Type,300000.0,>,nM,censored_relation
4507,CHEMBL1082829,Epidermal growth factor receptor erbB1,Wild Type,1000.0,>,nM,censored_relation
4508,CHEMBL1084337,Epidermal growth factor receptor erbB1,Wild Type,1000.0,>,nM,censored_relation
4509,CHEMBL1085511,Epidermal growth factor receptor erbB1,Wild Type,10000.0,>,nM,censored_relation
4581,CHEMBL1172781,Epidermal growth factor receptor erbB1,"L858R, T790M",10000.0,>,nM,censored_relation
4582,CHEMBL1172773,Epidermal growth factor receptor erbB1,"L858R, T790M",10000.0,>,nM,censored_relation
4587,CHEMBL285063,Epidermal growth factor receptor erbB1,Wild Type,1.0,<,nM,censored_relation
4589,CHEMBL1221699,Epidermal growth factor receptor erbB1,Wild Type,1.0,<,nM,censored_relation
4603,CHEMBL328216,Epidermal growth factor receptor erbB1,Wild Type,1000.0,>,nM,censored_relation
4604,CHEMBL1243346,Epidermal growth factor receptor erbB1,Wild Type,1000.0,>,nM,censored_relation
4608,CHEMBL1242977,Epidermal growth factor receptor erbB1,Wild Type,8000.0,>,nM,censored_relation
4609,CHEMBL1243200,Epidermal growth factor receptor erbB1,Wild Type,1000.0,>,nM,censored_relation
4610,CHEMBL1243326,Epidermal growth factor receptor erbB1,Wild Type,25000.0,>,nM,censored_relation
4637,CHEMBL502835,Epidermal growth factor receptor erbB1,Wild Type,50000.0,>,nM,censored_relation
4645,CHEMBL1241767,Epidermal growth factor receptor erbB1,Wild Type,50000.0,>,nM,censored_relation
4778,CHEMBL939,Epidermal growth factor receptor erbB1,Wild Type,1.0,<,nM,censored_relation
4781,CHEMBL1336,Epidermal growth factor receptor erbB1,Wild Type,50000.0,>,nM,censored_relation
4785,CHEMBL1242482,Epidermal growth factor receptor erbB1,Wild Type,20000.0,>,nM,censored_relation
4789,CHEMBL1254285,Epidermal growth factor receptor erbB1,Wild Type,200000.0,>,nM,censored_relation
4795,CHEMBL1254522,Epidermal growth factor receptor erbB1,Wild Type,200000.0,>,nM,censored_relation
4797,CHEMBL1254007,Epidermal growth factor receptor erbB1,Wild Type,10000.0,>,nM,censored_relation
4798,CHEMBL1258821,Epidermal growth factor receptor erbB1,Wild Type,10000.0,>,nM,censored_relation
4802,CHEMBL1258913,Epidermal growth factor receptor erbB1,Wild Type,10000.0,>,nM,censored_relation
4805,CHEMBL249295,Epidermal growth factor receptor erbB1,Wild Type,30000.0,>,nM,censored_relation
4808,CHEMBL1270399,Epidermal growth factor receptor erbB1,Wild Type,10.0,>,nM,censored_relation
4810,CHEMBL1272004,Epidermal growth factor receptor erbB1,Wild Type,3240.0,>,nM,censored_relation
4811,CHEMBL1269735,Epidermal growth factor receptor erbB1,Wild Type,20000.0,>,nM,censored_relation
4812,CHEMBL1272005,Epidermal growth factor receptor erbB1,Wild Type,20000.0,>,nM,censored_relation
4814,CHEMBL1272060,Epidermal growth factor receptor erbB1,Wild Type,20000.0,>,nM,censored_relation
4831,CHEMBL1272112,Epidermal growth factor receptor erbB1,Wild Type,20000.0,>,nM,censored_relation
4832,CHEMBL1272113,Epidermal growth factor receptor erbB1,"L858R, T790M",10000.0,>,nM,censored_relation
4839,CHEMBL1271508,Epidermal growth factor receptor erbB1,Wild Type,20000.0,>,nM,censored_relation
4844,CHEMBL1630107,Epidermal growth factor receptor erbB1,Wild Type,32.0,<,nM,censored_relation
4845,CHEMBL554,Epidermal growth factor receptor erbB1,Wild Type,32.0,<,nM,censored_relation
4860,CHEMBL1642294,Epidermal growth factor receptor erbB1,Wild Type,100000.0,>,nM,censored_relation
4884,CHEMBL1645463,Epidermal growth factor receptor erbB1,Wild Type,1000.0,>,nM,censored_relation
4885,CHEMBL1645468,Epidermal growth factor receptor erbB1,Wild Type,1000.0,>,nM,censored_relation
4886,CHEMBL1650533,Epidermal growth factor receptor erbB1,Wild Type,100.0,>,nM,censored_relation
4887,CHEMBL1650545,Epidermal growth factor receptor erbB1,Wild Type,100.0,>,nM,censored_relation
4888,CHEMBL1650551,Epidermal growth factor receptor erbB1,Wild Type,100.0,>,nM,censored_relation
4895,CHEMBL1683953,Epidermal growth factor receptor erbB1,Wild Type,100000.0,>,nM,censored_relation
4923,CHEMBL447230,Epidermal growth factor receptor erbB1,Wild Type,10000.0,>,nM,censored_relation
4926,CHEMBL1278056,Epidermal growth factor receptor erbB1,Wild Type,10000.0,>,nM,censored_relation
4927,CHEMBL1278148,Epidermal growth factor receptor erbB1,Wild Type,10000.0,>,nM,censored_relation
4928,CHEMBL1278057,Epidermal growth factor receptor erbB1,Wild Type,10000.0,>,nM,censored_relation
4930,CHEMBL1761927,Epidermal growth factor receptor erbB1,Wild Type,10000.0,>,nM,censored_relation
4931,CHEMBL1761928,Epidermal growth factor receptor erbB1,Wild Type,10000.0,>,nM,censored_relation
4932,CHEMBL1761930,Epidermal growth factor receptor erbB1,Wild Type,10000.0,>,nM,censored_relation
4933,CHEMBL1761931,Epidermal growth factor receptor erbB1,Wild Type,10000.0,>,nM,censored_relation
4934,CHEMBL1761932,Epidermal growth factor receptor erbB1,Wild Type,10000.0,>,nM,censored_relation
4935,CHEMBL1761933,Epidermal growth factor receptor erbB1,Wild Type,10000.0,>,nM,censored_relation
4936,CHEMBL1278235,Epidermal growth factor receptor erbB1,Wild Type,10000.0,>,nM,censored_relation
4937,CHEMBL1277162,Epidermal growth factor receptor erbB1,Wild Type,10000.0,>,nM,censored_relation
4938,CHEMBL1761934,Epidermal growth factor receptor erbB1,Wild Type,10000.0,>,nM,censored_relation
4939,CHEMBL1761935,Epidermal growth factor receptor erbB1,Wild Type,10000.0,>,nM,censored_relation
4940,CHEMBL179603,Epidermal growth factor receptor erbB1,Wild Type,10000.0,>,nM,censored_relation
4941,CHEMBL1276892,Epidermal growth factor receptor erbB1,Wild Type,10000.0,>,nM,censored_relation
4942,CHEMBL1277253,Epidermal growth factor receptor erbB1,Wild Type,10000.0,>,nM,censored_relation
4943,CHEMBL1276893,Epidermal growth factor receptor erbB1,Wild Type,10000.0,>,nM,censored_relation
4944,CHEMBL1277254,Epidermal growth factor receptor erbB1,Wild Type,10000.0,>,nM,censored_relation
4945,CHEMBL1761936,Epidermal growth factor receptor erbB1,Wild Type,10000.0,>,nM,censored_relation
4946,CHEMBL1761937,Epidermal growth factor receptor erbB1,Wild Type,10000.0,>,nM,censored_relation
4947,CHEMBL1761938,Epidermal growth factor receptor erbB1,Wild Type,10000.0,>,nM,censored_relation
4948,CHEMBL1761939,Epidermal growth factor receptor erbB1,Wild Type,10000.0,>,nM,censored_relation
4949,CHEMBL1761940,Epidermal growth factor receptor erbB1,Wild Type,10000.0,>,nM,censored_relation
4950,CHEMBL1761941,Epidermal growth factor receptor erbB1,Wild Type,10000.0,>,nM,censored_relation
4951,CHEMBL1761942,Epidermal growth factor receptor erbB1,Wild Type,10000.0,>,nM,censored_relation
4952,CHEMBL1761943,Epidermal growth factor receptor erbB1,Wild Type,10000.0,>,nM,censored_relation
4953,CHEMBL205089,Epidermal growth factor receptor erbB1,Wild Type,10000.0,>,nM,censored_relation
4954,CHEMBL1761944,Epidermal growth factor receptor erbB1,Wild Type,10000.0,>,nM,censored_relation
4955,CHEMBL1761945,Epidermal growth factor receptor erbB1,Wild Type,10000.0,>,nM,censored_relation
4957,CHEMBL1762114,Epidermal growth factor receptor erbB1,Wild Type,10000.0,>,nM,censored_relation
4960,CHEMBL1765740,Epidermal growth factor receptor erbB1,Wild Type,10000.0,>,nM,censored_relation
4961,CHEMBL1766529,Epidermal growth factor receptor erbB1,Wild Type,10000.0,>,nM,censored_relation
4962,CHEMBL1774056,Epidermal growth factor receptor erbB1,Wild Type,10000.0,>,nM,censored_relation
4963,CHEMBL1779202,Epidermal growth factor receptor erbB1,Wild Type,50000.0,>,nM,censored_relation
4966,CHEMBL1784637,Epidermal growth factor receptor erbB1,"L858R, T790M",3000.0,>,nM,censored_relation
4967,CHEMBL1784637,Epidermal growth factor receptor erbB1,T790M,3000.0,>,nM,censored_relation
5066,CHEMBL1738710,Epidermal growth factor receptor erbB1,Wild Type,10000.0,>,nM,censored_relation
5068,CHEMBL1807446,Epidermal growth factor receptor erbB1,Wild Type,25000.0,>,nM,censored_relation
5069,CHEMBL1813632,Epidermal growth factor receptor erbB1,Wild Type,10000.0,>,nM,censored_relation
5090,CHEMBL1817965,Epidermal growth factor receptor erbB1,Wild Type,7.0,<,nM,censored_relation
5095,CHEMBL1823221,Epidermal growth factor receptor erbB1,Wild Type,50000.0,>,nM,censored_relation
5192,CHEMBL1834657,Epidermal growth factor receptor erbB1,Wild Type,10000.0,>,nM,censored_relation
5234,CHEMBL1910269,Epidermal growth factor receptor erbB1,Wild Type,100000.0,>,nM,censored_relation
5235,CHEMBL1910270,Epidermal growth factor receptor erbB1,Wild Type,100000.0,>,nM,censored_relation
5236,CHEMBL1910271,Epidermal growth factor receptor erbB1,Wild Type,100000.0,>,nM,censored_relation
5237,CHEMBL1910272,Epidermal growth factor receptor erbB1,Wild Type,100000.0,>,nM,censored_relation
5239,CHEMBL1910274,Epidermal growth factor receptor erbB1,Wild Type,100000.0,>,nM,censored_relation
5241,CHEMBL1910276,Epidermal growth factor receptor erbB1,Wild Type,100000.0,>,nM,censored_relation
5242,CHEMBL1910277,Epidermal growth factor receptor erbB1,Wild Type,100000.0,>,nM,censored_relation
5244,CHEMBL1910279,Epidermal growth factor receptor erbB1,Wild Type,100000.0,>,nM,censored_relation
5251,CHEMBL1916359,Epidermal growth factor receptor erbB1,Wild Type,10000.0,>,nM,censored_relation
5291,CHEMBL1929238,Epidermal growth factor receptor erbB1,Wild Type,30000.0,>,nM,censored_relation
5300,CHEMBL1928951,Epidermal growth factor receptor erbB1,Wild Type,10000.0,>,nM,censored_relation
5302,CHEMBL1928953,Epidermal growth factor receptor erbB1,Wild Type,10000.0,>,nM,censored_relation
5309,CHEMBL1928960,Epidermal growth factor receptor erbB1,Wild Type,10000.0,>,nM,censored_relation
5310,CHEMBL474538,Epidermal growth factor receptor erbB1,Wild Type,200000.0,>,nM,censored_relation
5312,CHEMBL1929552,Epidermal growth factor receptor erbB1,Wild Type,50000.0,>,nM,censored_relation
5313,CHEMBL1929553,Epidermal growth factor receptor erbB1,Wild Type,200000.0,>,nM,censored_relation
5317,CHEMBL1929557,Epidermal growth factor receptor erbB1,Wild Type,200000.0,>,nM,censored_relation
5337,CHEMBL1933552,Epidermal growth factor receptor erbB1,Wild Type,30000.0,>,nM,censored_relation
5338,CHEMBL1934327,Epidermal growth factor receptor erbB1,Wild Type,10000.0,>,nM,censored_relation
5353,CHEMBL1945559,Epidermal growth factor receptor erbB1,Wild Type,10000.0,>,nM,censored_relation
5367,CHEMBL1916947,Epidermal growth factor receptor erbB1,Wild Type,30000.0,>,nM,censored_relation
5369,CHEMBL1916948,Epidermal growth factor receptor erbB1,Wild Type,30000.0,>,nM,censored_relation
5370,CHEMBL1916950,Epidermal growth factor receptor erbB1,Wild Type,30000.0,>,nM,censored_relation
5377,CHEMBL1945449,Epidermal growth factor receptor erbB1,Wild Type,30000.0,>,nM,censored_relation
5382,CHEMBL1945454,Epidermal growth factor receptor erbB1,Wild Type,30000.0,>,nM,censored_relation
5383,CHEMBL1945642,Epidermal growth factor receptor erbB1,Wild Type,30000.0,>,nM,censored_relation
5384,CHEMBL1945643,Epidermal growth factor receptor erbB1,Wild Type,30000.0,>,nM,censored_relation
5392,CHEMBL1946844,Epidermal growth factor receptor erbB1,Wild Type,100000.0,>,nM,censored_relation
5393,CHEMBL1946845,Epidermal growth factor receptor erbB1,Wild Type,100000.0,>,nM,censored_relation
5394,CHEMBL1946846,Epidermal growth factor receptor erbB1,Wild Type,100000.0,>,nM,censored_relation
5395,CHEMBL1348499,Epidermal growth factor receptor erbB1,Wild Type,100000.0,>,nM,censored_relation
5396,CHEMBL1946847,Epidermal growth factor receptor erbB1,Wild Type,100000.0,>,nM,censored_relation
5400,CHEMBL1944920,Epidermal growth factor receptor erbB1,Wild Type,100000.0,>,nM,censored_relation
5402,CHEMBL1944922,Epidermal growth factor receptor erbB1,Wild Type,100000.0,>,nM,censored_relation
5404,CHEMBL1944924,Epidermal growth factor receptor erbB1,Wild Type,100000.0,>,nM,censored_relation
5405,CHEMBL1944925,Epidermal growth factor receptor erbB1,Wild Type,100000.0,>,nM,censored_relation
5406,CHEMBL1944926,Epidermal growth factor receptor erbB1,Wild Type,100000.0,>,nM,censored_relation
5407,CHEMBL1944927,Epidermal growth factor receptor erbB1,Wild Type,100000.0,>,nM,censored_relation
5409,CHEMBL1944929,Epidermal growth factor receptor erbB1,Wild Type,100000.0,>,nM,censored_relation
5420,CHEMBL1947046,Epidermal growth factor receptor erbB1,"L858R, T790M",100000.0,>,nM,censored_relation
5432,CHEMBL1944641,Epidermal growth factor receptor erbB1,"L858R, T790M",100000.0,>,nM,censored_relation
5433,CHEMBL1944930,Epidermal growth factor receptor erbB1,"L858R, T790M",100000.0,>,nM,censored_relation
5434,CHEMBL1944931,Epidermal growth factor receptor erbB1,"L858R, T790M",100000.0,>,nM,censored_relation
5437,CHEMBL1949788,Epidermal growth factor receptor erbB1,Wild Type,50000.0,>,nM,censored_relation
5438,CHEMBL1949789,Epidermal growth factor receptor erbB1,Wild Type,50000.0,>,nM,censored_relation
5442,CHEMBL261849,Epidermal growth factor receptor erbB1,Wild Type,24000.0,>,nM,censored_relation
5443,CHEMBL1957085,Epidermal growth factor receptor erbB1,Wild Type,10000.0,>,nM,censored_relation
5484,CHEMBL1956898,Epidermal growth factor receptor erbB1,Wild Type,200000.0,>,nM,censored_relation
5485,CHEMBL1956897,Epidermal growth factor receptor erbB1,Wild Type,200000.0,>,nM,censored_relation
5486,CHEMBL1956896,Epidermal growth factor receptor erbB1,Wild Type,200000.0,>,nM,censored_relation
5487,CHEMBL1956895,Epidermal growth factor receptor erbB1,Wild Type,200000.0,>,nM,censored_relation
5488,CHEMBL1956894,Epidermal growth factor receptor erbB1,Wild Type,200000.0,>,nM,censored_relation
5489,CHEMBL1956893,Epidermal growth factor receptor erbB1,Wild Type,200000.0,>,nM,censored_relation
5490,CHEMBL1956890,Epidermal growth factor receptor erbB1,Wild Type,200000.0,>,nM,censored_relation
5495,CHEMBL1957190,Epidermal growth factor receptor erbB1,Wild Type,35000.0,>,nM,censored_relation
5499,CHEMBL2017214,Epidermal growth factor receptor erbB1,Wild Type,40000.0,>,nM,censored_relation
5502,CHEMBL2018745,Epidermal growth factor receptor erbB1,Wild Type,10000.0,>,nM,censored_relation
5503,CHEMBL2018746,Epidermal growth factor receptor erbB1,Wild Type,10000.0,>,nM,censored_relation
5504,CHEMBL2018747,Epidermal growth factor receptor erbB1,Wild Type,10000.0,>,nM,censored_relation
5520,CHEMBL2016600,Epidermal growth factor receptor erbB1,Wild Type,10000.0,>,nM,censored_relation
5521,CHEMBL2018763,Epidermal growth factor receptor erbB1,Wild Type,10000.0,>,nM,censored_relation
5522,CHEMBL2018764,Epidermal growth factor receptor erbB1,Wild Type,10000.0,>,nM,censored_relation
5524,CHEMBL2018766,Epidermal growth factor receptor erbB1,Wild Type,10000.0,>,nM,censored_relation
5526,CHEMBL2018768,Epidermal growth factor receptor erbB1,Wild Type,10000.0,>,nM,censored_relation
5527,CHEMBL2018769,Epidermal growth factor receptor erbB1,Wild Type,10000.0,>,nM,censored_relation
5528,CHEMBL2018770,Epidermal growth factor receptor erbB1,Wild Type,10000.0,>,nM,censored_relation
5529,CHEMBL2018771,Epidermal growth factor receptor erbB1,Wild Type,10000.0,>,nM,censored_relation
5530,CHEMBL2018772,Epidermal growth factor receptor erbB1,Wild Type,10000.0,>,nM,censored_relation
5532,CHEMBL2018774,Epidermal growth factor receptor erbB1,Wild Type,10000.0,>,nM,censored_relation
5533,CHEMBL2018775,Epidermal growth factor receptor erbB1,Wild Type,10000.0,>,nM,censored_relation
5534,CHEMBL2018776,Epidermal growth factor receptor erbB1,Wild Type,10000.0,>,nM,censored_relation
5536,CHEMBL2018878,Epidermal growth factor receptor erbB1,Wild Type,10000.0,>,nM,censored_relation
5537,CHEMBL2018879,Epidermal growth factor receptor erbB1,Wild Type,10000.0,>,nM,censored_relation
5538,CHEMBL2018880,Epidermal growth factor receptor erbB1,Wild Type,10000.0,>,nM,censored_relation
5539,CHEMBL2018881,Epidermal growth factor receptor erbB1,Wild Type,10000.0,>,nM,censored_relation
5540,CHEMBL2018882,Epidermal growth factor receptor erbB1,Wild Type,10000.0,>,nM,censored_relation
5541,CHEMBL2018883,Epidermal growth factor receptor erbB1,Wild Type,10000.0,>,nM,censored_relation
5542,CHEMBL2018884,Epidermal growth factor receptor erbB1,Wild Type,10000.0,>,nM,censored_relation
5543,CHEMBL2018885,Epidermal growth factor receptor erbB1,Wild Type,10000.0,>,nM,censored_relation
5544,CHEMBL2018886,Epidermal growth factor receptor erbB1,Wild Type,10000.0,>,nM,censored_relation
5559,CHEMBL2029433,Epidermal growth factor receptor erbB1,Wild Type,1000.0,>,nM,censored_relation
5568,CHEMBL2029442,Epidermal growth factor receptor erbB1,Wild Type,1000.0,>,nM,censored_relation
5569,CHEMBL2029443,Epidermal growth factor receptor erbB1,Wild Type,1000.0,>,nM,censored_relation
5578,CHEMBL2029427,Epidermal growth factor receptor erbB1,T790M,1000.0,>,nM,censored_relation
5584,CHEMBL2029433,Epidermal growth factor receptor erbB1,T790M,1000.0,>,nM,censored_relation
5593,CHEMBL2029442,Epidermal growth factor receptor erbB1,T790M,1000.0,>,nM,censored_relation
5594,CHEMBL2029443,Epidermal growth factor receptor erbB1,T790M,1000.0,>,nM,censored_relation
5603,CHEMBL2029427,Epidermal growth factor receptor erbB1,L858R,1000.0,>,nM,censored_relation
5609,CHEMBL2029433,Epidermal growth factor receptor erbB1,L858R,1000.0,>,nM,censored_relation
5619,CHEMBL2029443,Epidermal growth factor receptor erbB1,L858R,1000.0,>,nM,censored_relation
5634,CHEMBL2029433,Epidermal growth factor receptor erbB1,L861Q,1000.0,>,nM,censored_relation
5643,CHEMBL2029442,Epidermal growth factor receptor erbB1,L861Q,1000.0,>,nM,censored_relation
5644,CHEMBL2029443,Epidermal growth factor receptor erbB1,L861Q,1000.0,>,nM,censored_relation
5653,CHEMBL2029427,Epidermal growth factor receptor erbB1,"L858R, T790M",1000.0,>,nM,censored_relation
5659,CHEMBL2029433,Epidermal growth factor receptor erbB1,"L858R, T790M",1000.0,>,nM,censored_relation
5668,CHEMBL2029442,Epidermal growth factor receptor erbB1,"L858R, T790M",1000.0,>,nM,censored_relation
5669,CHEMBL2029443,Epidermal growth factor receptor erbB1,"L858R, T790M",1000.0,>,nM,censored_relation
5705,CHEMBL2046883,Epidermal growth factor receptor erbB1,Wild Type,10000.0,>,nM,censored_relation
5723,CHEMBL2047252,Epidermal growth factor receptor erbB1,Wild Type,200000.0,>,nM,censored_relation
5724,CHEMBL2047251,Epidermal growth factor receptor erbB1,Wild Type,200000.0,>,nM,censored_relation
5725,CHEMBL2047250,Epidermal growth factor receptor erbB1,Wild Type,300000.0,>,nM,censored_relation
5726,CHEMBL2047249,Epidermal growth factor receptor erbB1,Wild Type,300000.0,>,nM,censored_relation
5731,CHEMBL2047246,Epidermal growth factor receptor erbB1,Wild Type,300000.0,>,nM,censored_relation
5733,CHEMBL2047244,Epidermal growth factor receptor erbB1,Wild Type,200000.0,>,nM,censored_relation
5734,CHEMBL2047243,Epidermal growth factor receptor erbB1,Wild Type,200000.0,>,nM,censored_relation
5783,CHEMBL2063926,Epidermal growth factor receptor erbB1,Wild Type,10000.0,<,nM,censored_relation
5784,CHEMBL2071457,Epidermal growth factor receptor erbB1,Wild Type,10000.0,>,nM,censored_relation
5798,CHEMBL2070047,Epidermal growth factor receptor erbB1,Wild Type,10000.0,>,nM,censored_relation
5800,CHEMBL2070050,Epidermal growth factor receptor erbB1,Wild Type,10000.0,>,nM,censored_relation
5801,CHEMBL2070051,Epidermal growth factor receptor erbB1,Wild Type,10000.0,>,nM,censored_relation
5802,CHEMBL2070075,Epidermal growth factor receptor erbB1,Wild Type,10000.0,>,nM,censored_relation
5803,CHEMBL2070081,Epidermal growth factor receptor erbB1,Wild Type,10000.0,>,nM,censored_relation
5818,CHEMBL2087357,Epidermal growth factor receptor erbB1,Wild Type,1000.0,>,nM,censored_relation
5820,CHEMBL2087359,Epidermal growth factor receptor erbB1,Wild Type,1000.0,>,nM,censored_relation
5823,CHEMBL2148022,Epidermal growth factor receptor erbB1,Wild Type,8000.0,>,nM,censored_relation
5847,CHEMBL2205028,Epidermal growth factor receptor erbB1,Wild Type,40000.0,>,nM,censored_relation
5848,CHEMBL2205027,Epidermal growth factor receptor erbB1,Wild Type,40000.0,>,nM,censored_relation
5849,CHEMBL2205026,Epidermal growth factor receptor erbB1,Wild Type,40000.0,>,nM,censored_relation
5850,CHEMBL2205025,Epidermal growth factor receptor erbB1,Wild Type,40000.0,>,nM,censored_relation
5852,CHEMBL1917093,Epidermal growth factor receptor erbB1,Wild Type,40000.0,>,nM,censored_relation
5853,CHEMBL2205024,Epidermal growth factor receptor erbB1,Wild Type,40000.0,>,nM,censored_relation
5854,CHEMBL2204532,Epidermal growth factor receptor erbB1,Wild Type,10000.0,>,nM,censored_relation
5855,CHEMBL2205766,Epidermal growth factor receptor erbB1,Wild Type,10000.0,>,nM,censored_relation
5866,CHEMBL114073,Epidermal growth factor receptor erbB1,Wild Type,10590098.51,=,nM,pic50_out_of_bounds
5870,CHEMBL113996,Epidermal growth factor receptor erbB1,Wild Type,13567505.3,=,nM,pic50_out_of_bounds
5877,CHEMBL116012,Epidermal growth factor receptor erbB1,Wild Type,10320482.46,=,nM,pic50_out_of_bounds
5940,CHEMBL2312301,Epidermal growth factor receptor erbB1,Wild Type,30000.0,>,nM,censored_relation
5941,CHEMBL2312290,Epidermal growth factor receptor erbB1,Wild Type,30000.0,>,nM,censored_relation
5947,CHEMBL2315700,Epidermal growth factor receptor erbB1,Wild Type,125.0,=,ug.mL-1,non_nanomolar_unit
5948,CHEMBL484235,Epidermal growth factor receptor erbB1,Wild Type,200.0,>,ug.mL-1,censored_relation
5949,CHEMBL470685,Epidermal growth factor receptor erbB1,Wild Type,200.0,>,ug.mL-1,censored_relation
5950,CHEMBL2315699,Epidermal growth factor receptor erbB1,Wild Type,148.0,=,ug.mL-1,non_nanomolar_unit
5951,CHEMBL2315698,Epidermal growth factor receptor erbB1,Wild Type,130.0,=,ug.mL-1,non_nanomolar_unit
5952,CHEMBL2315697,Epidermal growth factor receptor erbB1,Wild Type,130.0,=,ug.mL-1,non_nanomolar_unit
5953,CHEMBL2315696,Epidermal growth factor receptor erbB1,Wild Type,193.0,=,ug.mL-1,non_nanomolar_unit
5954,CHEMBL2315695,Epidermal growth factor receptor erbB1,Wild Type,200.0,>,ug.mL-1,censored_relation
5955,CHEMBL2315411,Epidermal growth factor receptor erbB1,Wild Type,200.0,>,ug.mL-1,censored_relation
5956,CHEMBL2315410,Epidermal growth factor receptor erbB1,Wild Type,120.0,=,ug.mL-1,non_nanomolar_unit
5957,CHEMBL2315409,Epidermal growth factor receptor erbB1,Wild Type,94.0,=,ug.mL-1,non_nanomolar_unit
5958,CHEMBL2315408,Epidermal growth factor receptor erbB1,Wild Type,200.0,>,ug.mL-1,censored_relation
5959,CHEMBL2315407,Epidermal growth factor receptor erbB1,Wild Type,200.0,>,ug.mL-1,censored_relation
5960,CHEMBL2315406,Epidermal growth factor receptor erbB1,Wild Type,200.0,>,ug.mL-1,censored_relation
5961,CHEMBL2315405,Epidermal growth factor receptor erbB1,Wild Type,200.0,>,ug.mL-1,censored_relation
5962,CHEMBL2315404,Epidermal growth factor receptor erbB1,Wild Type,200.0,>,ug.mL-1,censored_relation
5963,CHEMBL2315403,Epidermal growth factor receptor erbB1,Wild Type,200.0,>,ug.mL-1,censored_relation
5964,CHEMBL2315704,Epidermal growth factor receptor erbB1,Wild Type,200.0,>,ug.mL-1,censored_relation
5965,CHEMBL2315703,Epidermal growth factor receptor erbB1,Wild Type,200.0,>,ug.mL-1,censored_relation
5966,CHEMBL2315702,Epidermal growth factor receptor erbB1,Wild Type,200.0,>,ug.mL-1,censored_relation
5967,CHEMBL2315701,Epidermal growth factor receptor erbB1,Wild Type,197.0,=,ug.mL-1,non_nanomolar_unit
6009,CHEMBL2332840,Epidermal growth factor receptor erbB1,Wild Type,10000.0,>,nM,censored_relation
6012,CHEMBL2337370,Epidermal growth factor receptor erbB1,Wild Type,200000.0,>,nM,censored_relation
6017,CHEMBL2337365,Epidermal growth factor receptor erbB1,Wild Type,200000.0,>,nM,censored_relation
6021,CHEMBL2337374,Epidermal growth factor receptor erbB1,Wild Type,200000.0,>,nM,censored_relation
6023,CHEMBL2335017,Epidermal growth factor receptor erbB1,Wild Type,200000.0,>,nM,censored_relation
6034,CHEMBL2333365,Epidermal growth factor receptor erbB1,Wild Type,3500.0,>,nM,censored_relation
6067,CHEMBL2347974,Epidermal growth factor receptor erbB1,L858R,10000.0,>,nM,censored_relation
6071,CHEMBL2347959,Epidermal growth factor receptor erbB1,Wild Type,25000.0,>,nM,censored_relation
6087,CHEMBL2347974,Epidermal growth factor receptor erbB1,Wild Type,10000.0,>,nM,censored_relation
6097,CHEMBL2376650,Epidermal growth factor receptor erbB1,"L858R, T790M",1000.0,>,nM,censored_relation
6098,CHEMBL2376650,Epidermal growth factor receptor erbB1,Wild Type,1000.0,>,nM,censored_relation
6137,CHEMBL2385195,Epidermal growth factor receptor erbB1,Wild Type,10000.0,>,nM,censored_relation
6138,CHEMBL2385543,Epidermal growth factor receptor erbB1,Wild Type,30000.0,>,nM,censored_relation
6158,CHEMBL2385973,Epidermal growth factor receptor erbB1,Wild Type,5000.0,>,nM,censored_relation
6159,CHEMBL2385972,Epidermal growth factor receptor erbB1,Wild Type,5000.0,>,nM,censored_relation
6165,CHEMBL2385966,Epidermal growth factor receptor erbB1,Wild Type,5000.0,>,nM,censored_relation
6166,CHEMBL2385965,Epidermal growth factor receptor erbB1,Wild Type,5000.0,>,nM,censored_relation
6167,CHEMBL2385994,Epidermal growth factor receptor erbB1,Wild Type,5000.0,>,nM,censored_relation
6170,CHEMBL2385961,Epidermal growth factor receptor erbB1,Wild Type,5000.0,>,nM,censored_relation
6171,CHEMBL2385962,Epidermal growth factor receptor erbB1,Wild Type,5000.0,>,nM,censored_relation
6172,CHEMBL2385963,Epidermal growth factor receptor erbB1,Wild Type,5000.0,>,nM,censored_relation
6175,CHEMBL2387002,Epidermal growth factor receptor erbB1,Wild Type,10000.0,>,nM,censored_relation
6188,CHEMBL2408827,Epidermal growth factor receptor erbB1,L858R,10000.0,>,nM,censored_relation
6192,CHEMBL2408823,Epidermal growth factor receptor erbB1,L858R,10000.0,>,nM,censored_relation
6196,CHEMBL2408827,Epidermal growth factor receptor erbB1,Wild Type,10000.0,>,nM,censored_relation
6201,CHEMBL2409778,Epidermal growth factor receptor erbB1,Wild Type,10000.0,>,nM,censored_relation
6206,CHEMBL2419669,Epidermal growth factor receptor erbB1,Wild Type,100000.0,>,nM,censored_relation
6212,CHEMBL2426378,Epidermal growth factor receptor erbB1,Wild Type,30000.0,>,nM,censored_relation
6219,CHEMBL2426285,Epidermal growth factor receptor erbB1,Wild Type,30000.0,>,nM,censored_relation
6220,CHEMBL2426284,Epidermal growth factor receptor erbB1,Wild Type,30000.0,>,nM,censored_relation
6221,CHEMBL2426283,Epidermal growth factor receptor erbB1,Wild Type,30000.0,>,nM,censored_relation
6273,CHEMBL2426395,Epidermal growth factor receptor erbB1,Wild Type,5000.0,>,nM,censored_relation
6274,CHEMBL2426391,Epidermal growth factor receptor erbB1,Wild Type,5000.0,>,nM,censored_relation
6275,CHEMBL2426387,Epidermal growth factor receptor erbB1,Wild Type,5000.0,>,nM,censored_relation
6276,CHEMBL2426383,Epidermal growth factor receptor erbB1,Wild Type,5000.0,>,nM,censored_relation
6277,CHEMBL2426399,Epidermal growth factor receptor erbB1,Wild Type,5000.0,>,nM,censored_relation
6304,CHEMBL52765,Epidermal growth factor receptor erbB1,Wild Type,20000.0,>,nM,censored_relation
6418,CHEMBL2441568,Epidermal growth factor receptor erbB1,Wild Type,30000.0,>,nM,censored_relation
6420,CHEMBL2442124,Epidermal growth factor receptor erbB1,Wild Type,1000.0,>,nM,censored_relation
6421,CHEMBL2443026,Epidermal growth factor receptor erbB1,Wild Type,10.0,>,nM,censored_relation
6422,CHEMBL2443139,Epidermal growth factor receptor erbB1,Wild Type,10.0,>,nM,censored_relation
6423,CHEMBL2443138,Epidermal growth factor receptor erbB1,Wild Type,10.0,>,nM,censored_relation
6424,CHEMBL2443044,Epidermal growth factor receptor erbB1,Wild Type,10.0,>,nM,censored_relation
6450,CHEMBL3087203,Epidermal growth factor receptor erbB1,"L858R, T790M",1000.0,>,nM,censored_relation
6465,CHEMBL3086065,Epidermal growth factor receptor erbB1,Wild Type,50000.0,>,nM,censored_relation
6526,CHEMBL3098324,Epidermal growth factor receptor erbB1,Wild Type,100000.0,>,nM,censored_relation
6527,CHEMBL3098323,Epidermal growth factor receptor erbB1,Wild Type,100000.0,>,nM,censored_relation
6528,CHEMBL3098320,Epidermal growth factor receptor erbB1,Wild Type,100000.0,>,nM,censored_relation
6529,CHEMBL3098316,Epidermal growth factor receptor erbB1,Wild Type,100000.0,>,nM,censored_relation
6530,CHEMBL3098314,Epidermal growth factor receptor erbB1,Wild Type,100000.0,>,nM,censored_relation
6531,CHEMBL3098311,Epidermal growth factor receptor erbB1,Wild Type,100000.0,>,nM,censored_relation
6543,CHEMBL3116440,Epidermal growth factor receptor erbB1,Wild Type,100000.0,>,nM,censored_relation
6553,CHEMBL3114698,Epidermal growth factor receptor erbB1,Wild Type,10000.0,>,nM,censored_relation
6554,CHEMBL3114697,Epidermal growth factor receptor erbB1,Wild Type,10000.0,>,nM,censored_relation
6555,CHEMBL3114696,Epidermal growth factor receptor erbB1,Wild Type,10000.0,>,nM,censored_relation
6556,CHEMBL3114695,Epidermal growth factor receptor erbB1,Wild Type,10000.0,>,nM,censored_relation
6557,CHEMBL3114694,Epidermal growth factor receptor erbB1,Wild Type,10000.0,>,nM,censored_relation
6558,CHEMBL3114693,Epidermal growth factor receptor erbB1,Wild Type,10000.0,>,nM,censored_relation
6559,CHEMBL3114692,Epidermal growth factor receptor erbB1,Wild Type,10000.0,>,nM,censored_relation
6560,CHEMBL3114691,Epidermal growth factor receptor erbB1,Wild Type,10000.0,>,nM,censored_relation
6569,CHEMBL3125890,Epidermal growth factor receptor erbB1,Wild Type,10000.0,>,nM,censored_relation
6572,CHEMBL1336,Epidermal growth factor receptor erbB1,Wild Type,10000.0,>,nM,censored_relation
6578,CHEMBL3133753,Epidermal growth factor receptor erbB1,Wild Type,10000.0,>,nM,censored_relation
6583,CHEMBL3133900,Epidermal growth factor receptor erbB1,"L858R, T790M",5000.0,>,nM,censored_relation
6595,CHEMBL3133900,Epidermal growth factor receptor erbB1,Wild Type,150000.0,>,nM,censored_relation
6618,CHEMBL3219126,Epidermal growth factor receptor erbB1,Wild Type,1000.0,>,nM,censored_relation
6632,CHEMBL3219126,Epidermal growth factor receptor erbB1,T790M,1000.0,>,nM,censored_relation
6646,CHEMBL3219126,Epidermal growth factor receptor erbB1,L858R,1000.0,>,nM,censored_relation
6660,CHEMBL3219126,Epidermal growth factor receptor erbB1,L861Q,1000.0,>,nM,censored_relation
6673,CHEMBL3219126,Epidermal growth factor receptor erbB1,"L858R, T790M",1000.0,>,nM,censored_relation
6678,CHEMBL3219131,Epidermal growth factor receptor erbB1,"L858R, T790M",1000.0,>,nM,censored_relation
6693,CHEMBL3219509,Epidermal growth factor receptor erbB1,Wild Type,1000.0,>,nM,censored_relation
6694,CHEMBL3217774,Epidermal growth factor receptor erbB1,Wild Type,1000.0,>,nM,censored_relation
6695,CHEMBL3219510,Epidermal growth factor receptor erbB1,Wild Type,1000.0,>,nM,censored_relation
6696,CHEMBL3219511,Epidermal growth factor receptor erbB1,Wild Type,1000.0,>,nM,censored_relation
6697,CHEMBL3219512,Epidermal growth factor receptor erbB1,Wild Type,1000.0,>,nM,censored_relation
6698,CHEMBL3219513,Epidermal growth factor receptor erbB1,Wild Type,1000.0,>,nM,censored_relation
6700,CHEMBL153843,Epidermal growth factor receptor erbB1,Wild Type,1000.0,>,nM,censored_relation
6721,CHEMBL3218346,Epidermal growth factor receptor erbB1,Wild Type,1.0,<,nM,censored_relation
6722,CHEMBL3218347,Epidermal growth factor receptor erbB1,Wild Type,1.0,<,nM,censored_relation
6724,CHEMBL3218347,Epidermal growth factor receptor erbB1,"L858R, T790M",5000.0,>,nM,censored_relation
6740,CHEMBL3221549,Epidermal growth factor receptor erbB1,Wild Type,10000.0,>,nM,censored_relation
6741,CHEMBL3221559,Epidermal growth factor receptor erbB1,Wild Type,10000.0,>,nM,censored_relation
6742,CHEMBL3221260,Epidermal growth factor receptor erbB1,Wild Type,10000.0,>,nM,censored_relation
6743,CHEMBL3221261,Epidermal growth factor receptor erbB1,Wild Type,10000.0,>,nM,censored_relation
6744,CHEMBL3221262,Epidermal growth factor receptor erbB1,Wild Type,10000.0,>,nM,censored_relation
6745,CHEMBL3221263,Epidermal growth factor receptor erbB1,Wild Type,10000.0,>,nM,censored_relation
6746,CHEMBL3221264,Epidermal growth factor receptor erbB1,Wild Type,10000.0,>,nM,censored_relation
6747,CHEMBL3221265,Epidermal growth factor receptor erbB1,Wild Type,10000.0,>,nM,censored_relation
6748,CHEMBL3221266,Epidermal growth factor receptor erbB1,Wild Type,10000.0,>,nM,censored_relation
6749,CHEMBL3221267,Epidermal growth factor receptor erbB1,Wild Type,10000.0,>,nM,censored_relation
6750,CHEMBL3221268,Epidermal growth factor receptor erbB1,Wild Type,10000.0,>,nM,censored_relation
6751,CHEMBL3221269,Epidermal growth factor receptor erbB1,Wild Type,10000.0,>,nM,censored_relation
6752,CHEMBL3221543,Epidermal growth factor receptor erbB1,Wild Type,10000.0,>,nM,censored_relation
6753,CHEMBL3221544,Epidermal growth factor receptor erbB1,Wild Type,10000.0,>,nM,censored_relation
6754,CHEMBL3221545,Epidermal growth factor receptor erbB1,Wild Type,10000.0,>,nM,censored_relation
6776,CHEMBL1229517,Epidermal growth factor receptor erbB1,Wild Type,10000.0,>,nM,censored_relation
6779,CHEMBL3234738,Epidermal growth factor receptor erbB1,Wild Type,10000.0,>,nM,censored_relation
6780,CHEMBL3234739,Epidermal growth factor receptor erbB1,Wild Type,10000.0,>,nM,censored_relation
6795,CHEMBL3234754,Epidermal growth factor receptor erbB1,Wild Type,10000.0,>,nM,censored_relation
6803,CHEMBL3237933,Epidermal growth factor receptor erbB1,Wild Type,10000.0,>,nM,censored_relation
6813,CHEMBL3237933,Epidermal growth factor receptor erbB1,L858R,10000.0,>,nM,censored_relation
6823,CHEMBL3237933,Epidermal growth factor receptor erbB1,"L858R, T790M",10000.0,>,nM,censored_relation
6840,CHEMBL3233756,Epidermal growth factor receptor erbB1,Wild Type,10000.0,>,nM,censored_relation
6841,CHEMBL3233757,Epidermal growth factor receptor erbB1,Wild Type,10000.0,>,nM,censored_relation
6842,CHEMBL3233758,Epidermal growth factor receptor erbB1,Wild Type,10000.0,>,nM,censored_relation
6844,CHEMBL3233760,Epidermal growth factor receptor erbB1,Wild Type,10000.0,>,nM,censored_relation
6882,CHEMBL3233756,Epidermal growth factor receptor erbB1,"L858R, T790M",10000.0,>,nM,censored_relation
6883,CHEMBL3233757,Epidermal growth factor receptor erbB1,"L858R, T790M",10000.0,>,nM,censored_relation
6884,CHEMBL3233758,Epidermal growth factor receptor erbB1,"L858R, T790M",10000.0,>,nM,censored_relation
6885,CHEMBL3233759,Epidermal growth factor receptor erbB1,"L858R, T790M",10000.0,>,nM,censored_relation
6886,CHEMBL3233760,Epidermal growth factor receptor erbB1,"L858R, T790M",10000.0,>,nM,censored_relation
6888,CHEMBL3233762,Epidermal growth factor receptor erbB1,"L858R, T790M",10000.0,>,nM,censored_relation
6890,CHEMBL3233764,Epidermal growth factor receptor erbB1,"L858R, T790M",10000.0,>,nM,censored_relation
6891,CHEMBL3233765,Epidermal growth factor receptor erbB1,"L858R, T790M",10000.0,>,nM,censored_relation
6892,CHEMBL3233766,Epidermal growth factor receptor erbB1,"L858R, T790M",10000.0,>,nM,censored_relation
6894,CHEMBL3233768,Epidermal growth factor receptor erbB1,"L858R, T790M",10000.0,>,nM,censored_relation
6923,CHEMBL3263640,Epidermal growth factor receptor erbB1,Wild Type,16670.0,>,nM,censored_relation
6924,CHEMBL3263958,Epidermal growth factor receptor erbB1,Wild Type,16000.0,>,nM,censored_relation
6937,CHEMBL460702,Epidermal growth factor receptor erbB1,Wild Type,12500.0,>,nM,censored_relation
6938,CHEMBL1091644,Epidermal growth factor receptor erbB1,Wild Type,12500.0,>,nM,censored_relation
6939,CHEMBL601719,Epidermal growth factor receptor erbB1,Wild Type,12500.0,>,nM,censored_relation
6940,CHEMBL3263958,Epidermal growth factor receptor erbB1,L858R,16000.0,>,nM,censored_relation
6941,CHEMBL3263959,Epidermal growth factor receptor erbB1,L858R,16000.0,>,nM,censored_relation
6953,CHEMBL460702,Epidermal growth factor receptor erbB1,L858R,12500.0,>,nM,censored_relation
6954,CHEMBL1091644,Epidermal growth factor receptor erbB1,L858R,12500.0,>,nM,censored_relation
6955,CHEMBL601719,Epidermal growth factor receptor erbB1,L858R,12500.0,>,nM,censored_relation
6965,CHEMBL3263869,Epidermal growth factor receptor erbB1,Wild Type,10000.0,>,nM,censored_relation
6966,CHEMBL3263869,Epidermal growth factor receptor erbB1,T790M,10000.0,>,nM,censored_relation
6967,CHEMBL3290931,Epidermal growth factor receptor erbB1,Wild Type,10000.0,>,nM,censored_relation
6971,CHEMBL3288526,Epidermal growth factor receptor erbB1,Wild Type,10000.0,>,nM,censored_relation
6972,CHEMBL3288526,Epidermal growth factor receptor erbB1,"L858R, T790M",10000.0,>,nM,censored_relation
6973,CHEMBL3298400,Epidermal growth factor receptor erbB1,Wild Type,10000.0,>,nM,censored_relation
6974,CHEMBL3297762,Epidermal growth factor receptor erbB1,Wild Type,10000.0,>,nM,censored_relation
6992,CHEMBL3297954,Epidermal growth factor receptor erbB1,Wild Type,10000.0,>,nM,censored_relation
6993,CHEMBL3297955,Epidermal growth factor receptor erbB1,Wild Type,10000.0,>,nM,censored_relation
6994,CHEMBL3297956,Epidermal growth factor receptor erbB1,Wild Type,10000.0,>,nM,censored_relation
6995,CHEMBL3297957,Epidermal growth factor receptor erbB1,Wild Type,10000.0,>,nM,censored_relation
6996,CHEMBL3297958,Epidermal growth factor receptor erbB1,Wild Type,10000.0,>,nM,censored_relation
6997,CHEMBL3297959,Epidermal growth factor receptor erbB1,Wild Type,10000.0,>,nM,censored_relation
6998,CHEMBL2333991,Epidermal growth factor receptor erbB1,Wild Type,10000.0,>,nM,censored_relation
7000,CHEMBL67,Epidermal growth factor receptor erbB1,Wild Type,10000.0,>,nM,censored_relation
7001,CHEMBL428647,Epidermal growth factor receptor erbB1,Wild Type,10000.0,>,nM,censored_relation
7045,CHEMBL3357439,Epidermal growth factor receptor erbB1,Wild Type,1000.0,>,nM,censored_relation
7046,CHEMBL3309402,Epidermal growth factor receptor erbB1,Wild Type,10000.0,>,nM,censored_relation
7047,CHEMBL3314140,Epidermal growth factor receptor erbB1,Wild Type,30000.0,>,nM,censored_relation
7048,CHEMBL3358966,Epidermal growth factor receptor erbB1,Wild Type,100000.0,>,nM,censored_relation
7049,CHEMBL3326099,Epidermal growth factor receptor erbB1,Wild Type,10000.0,>,nM,censored_relation
7052,CHEMBL2426288,Epidermal growth factor receptor erbB1,Wild Type,20000.0,>,nM,censored_relation
7076,CHEMBL3353400,Epidermal growth factor receptor erbB1,Wild Type,11000000.0,=,nM,pic50_out_of_bounds
7079,CHEMBL3353401,Epidermal growth factor receptor erbB1,Wild Type,10300000.0,=,nM,pic50_out_of_bounds
7154,CHEMBL3343366,Epidermal growth factor receptor erbB1,Wild Type,10000.0,>,nM,censored_relation
7155,CHEMBL3356117,Epidermal growth factor receptor erbB1,Wild Type,50000.0,>,nM,censored_relation
7183,CHEMBL3343621,Epidermal growth factor receptor erbB1,Wild Type,10000.0,>,nM,censored_relation
7184,CHEMBL3339360,Epidermal growth factor receptor erbB1,Wild Type,100000.0,>,nM,censored_relation
7192,CHEMBL3403511,Epidermal growth factor receptor erbB1,Wild Type,500.0,>,nM,censored_relation
7197,CHEMBL3403516,Epidermal growth factor receptor erbB1,Wild Type,500.0,>,nM,censored_relation
7200,CHEMBL3403519,Epidermal growth factor receptor erbB1,Wild Type,500.0,>,nM,censored_relation
7201,CHEMBL3400291,Epidermal growth factor receptor erbB1,Wild Type,10000.0,>,nM,censored_relation
7206,CHEMBL3417489,Epidermal growth factor receptor erbB1,Wild Type,1000.0,>,nM,censored_relation
7207,CHEMBL3417489,Epidermal growth factor receptor erbB1,"L858R, T790M",1000.0,>,nM,censored_relation
7213,CHEMBL3416632,Epidermal growth factor receptor erbB1,Wild Type,5000.0,>,nM,censored_relation
7239,CHEMBL3416440,Epidermal growth factor receptor erbB1,Wild Type,10000.0,>,nM,censored_relation
7247,CHEMBL3416615,Epidermal growth factor receptor erbB1,Wild Type,10000.0,>,nM,censored_relation
7251,CHEMBL3416607,Epidermal growth factor receptor erbB1,Wild Type,10000.0,>,nM,censored_relation
7254,CHEMBL3416604,Epidermal growth factor receptor erbB1,Wild Type,10000.0,>,nM,censored_relation
7257,CHEMBL3416601,Epidermal growth factor receptor erbB1,Wild Type,10000.0,>,nM,censored_relation
7263,CHEMBL3425657,Epidermal growth factor receptor erbB1,Wild Type,10000.0,>,nM,censored_relation
7264,CHEMBL3425658,Epidermal growth factor receptor erbB1,Wild Type,10000.0,>,nM,censored_relation
7265,CHEMBL3425659,Epidermal growth factor receptor erbB1,Wild Type,10000.0,>,nM,censored_relation
7266,CHEMBL3425660,Epidermal growth factor receptor erbB1,Wild Type,10000.0,>,nM,censored_relation
7268,CHEMBL3425662,Epidermal growth factor receptor erbB1,Wild Type,10000.0,>,nM,censored_relation
7269,CHEMBL3425663,Epidermal growth factor receptor erbB1,Wild Type,10000.0,>,nM,censored_relation
7271,CHEMBL3425665,Epidermal growth factor receptor erbB1,Wild Type,10000.0,>,nM,censored_relation
7272,CHEMBL3425666,Epidermal growth factor receptor erbB1,Wild Type,10000.0,>,nM,censored_relation
7273,CHEMBL3425667,Epidermal growth factor receptor erbB1,Wild Type,10000.0,>,nM,censored_relation
7274,CHEMBL3425668,Epidermal growth factor receptor erbB1,Wild Type,10000.0,>,nM,censored_relation
7275,CHEMBL3425669,Epidermal growth factor receptor erbB1,Wild Type,10000.0,>,nM,censored_relation
7276,CHEMBL3425670,Epidermal growth factor receptor erbB1,Wild Type,10000.0,>,nM,censored_relation
7277,CHEMBL3425671,Epidermal growth factor receptor erbB1,Wild Type,10000.0,>,nM,censored_relation
7279,CHEMBL3425673,Epidermal growth factor receptor erbB1,Wild Type,10000.0,>,nM,censored_relation
7285,CHEMBL3425659,Epidermal growth factor receptor erbB1,L858R,10000.0,>,nM,censored_relation
7294,CHEMBL3425668,Epidermal growth factor receptor erbB1,L858R,10000.0,>,nM,censored_relation
7296,CHEMBL3425670,Epidermal growth factor receptor erbB1,L858R,10000.0,>,nM,censored_relation
7305,CHEMBL3425659,Epidermal growth factor receptor erbB1,"L858R, T790M",10000.0,>,nM,censored_relation
7329,CHEMBL3594105,Epidermal growth factor receptor erbB1,Wild Type,100000.0,>,nM,censored_relation
7330,CHEMBL3593777,Epidermal growth factor receptor erbB1,Wild Type,1000.0,>,nM,censored_relation
7332,CHEMBL3604925,Epidermal growth factor receptor erbB1,Wild Type,10000.0,>,nM,censored_relation
7333,CHEMBL3604926,Epidermal growth factor receptor erbB1,Wild Type,10000.0,>,nM,censored_relation
7335,CHEMBL3604928,Epidermal growth factor receptor erbB1,Wild Type,10000.0,>,nM,censored_relation
7336,CHEMBL3604929,Epidermal growth factor receptor erbB1,Wild Type,10000.0,>,nM,censored_relation
7337,CHEMBL3604930,Epidermal growth factor receptor erbB1,Wild Type,10000.0,>,nM,censored_relation
7338,CHEMBL3604931,Epidermal growth factor receptor erbB1,Wild Type,10000.0,>,nM,censored_relation
7339,CHEMBL3604932,Epidermal growth factor receptor erbB1,Wild Type,10000.0,>,nM,censored_relation
7340,CHEMBL3604933,Epidermal growth factor receptor erbB1,Wild Type,10000.0,>,nM,censored_relation
7341,CHEMBL3604934,Epidermal growth factor receptor erbB1,Wild Type,10000.0,>,nM,censored_relation
7345,CHEMBL3604938,Epidermal growth factor receptor erbB1,Wild Type,10000.0,>,nM,censored_relation
7352,CHEMBL3604916,Epidermal growth factor receptor erbB1,Wild Type,10000.0,>,nM,censored_relation
7354,CHEMBL3604918,Epidermal growth factor receptor erbB1,Wild Type,10000.0,>,nM,censored_relation
7356,CHEMBL3604921,Epidermal growth factor receptor erbB1,Wild Type,10000.0,>,nM,censored_relation
7358,CHEMBL3604923,Epidermal growth factor receptor erbB1,Wild Type,10000.0,>,nM,censored_relation
7359,CHEMBL3604924,Epidermal growth factor receptor erbB1,Wild Type,10000.0,>,nM,censored_relation
7361,CHEMBL3604914,Epidermal growth factor receptor erbB1,Wild Type,10000.0,>,nM,censored_relation
7362,CHEMBL3604913,Epidermal growth factor receptor erbB1,Wild Type,10000.0,>,nM,censored_relation
7364,CHEMBL3604911,Epidermal growth factor receptor erbB1,Wild Type,10000.0,>,nM,censored_relation
7365,CHEMBL3604910,Epidermal growth factor receptor erbB1,Wild Type,10000.0,>,nM,censored_relation
7366,CHEMBL1232944,Epidermal growth factor receptor erbB1,Wild Type,10000.0,>,nM,censored_relation
7367,CHEMBL3604942,Epidermal growth factor receptor erbB1,Wild Type,10000.0,>,nM,censored_relation
7368,CHEMBL3604919,Epidermal growth factor receptor erbB1,Wild Type,10000.0,>,nM,censored_relation
7375,CHEMBL3604913,Epidermal growth factor receptor erbB1,L858R,10000.0,>,nM,censored_relation
7376,CHEMBL3604914,Epidermal growth factor receptor erbB1,L858R,10000.0,>,nM,censored_relation
7378,CHEMBL3604916,Epidermal growth factor receptor erbB1,L858R,10000.0,>,nM,censored_relation
7384,CHEMBL3604923,Epidermal growth factor receptor erbB1,L858R,10000.0,>,nM,censored_relation
7390,CHEMBL3604929,Epidermal growth factor receptor erbB1,L858R,10000.0,>,nM,censored_relation
7393,CHEMBL3604932,Epidermal growth factor receptor erbB1,L858R,10000.0,>,nM,censored_relation
7395,CHEMBL3604934,Epidermal growth factor receptor erbB1,L858R,10000.0,>,nM,censored_relation
7399,CHEMBL3604938,Epidermal growth factor receptor erbB1,L858R,10000.0,>,nM,censored_relation
7405,CHEMBL1229592,Epidermal growth factor receptor erbB1,L858R,1.0,<,nM,censored_relation
7412,CHEMBL3604913,Epidermal growth factor receptor erbB1,"L858R, T790M",10000.0,>,nM,censored_relation
7413,CHEMBL3604914,Epidermal growth factor receptor erbB1,"L858R, T790M",10000.0,>,nM,censored_relation
7415,CHEMBL3604916,Epidermal growth factor receptor erbB1,"L858R, T790M",10000.0,>,nM,censored_relation
7417,CHEMBL3604918,Epidermal growth factor receptor erbB1,"L858R, T790M",10000.0,>,nM,censored_relation
7421,CHEMBL3604923,Epidermal growth factor receptor erbB1,"L858R, T790M",10000.0,>,nM,censored_relation
7422,CHEMBL3604924,Epidermal growth factor receptor erbB1,"L858R, T790M",10000.0,>,nM,censored_relation
7430,CHEMBL3604932,Epidermal growth factor receptor erbB1,"L858R, T790M",10000.0,>,nM,censored_relation
7432,CHEMBL3604934,Epidermal growth factor receptor erbB1,"L858R, T790M",10000.0,>,nM,censored_relation
7433,CHEMBL3604935,Epidermal growth factor receptor erbB1,"L858R, T790M",10000.0,>,nM,censored_relation
7440,CHEMBL3604943,Epidermal growth factor receptor erbB1,"L858R, T790M",1.0,<,nM,censored_relation
7442,CHEMBL1229592,Epidermal growth factor receptor erbB1,"L858R, T790M",1.0,<,nM,censored_relation
7443,CHEMBL3606021,Epidermal growth factor receptor erbB1,Wild Type,10000.0,>,nM,censored_relation
7473,CHEMBL3612586,Epidermal growth factor receptor erbB1,Wild Type,10000.0,>,nM,censored_relation
7475,CHEMBL3612588,Epidermal growth factor receptor erbB1,Wild Type,10000.0,>,nM,censored_relation
7476,CHEMBL3612589,Epidermal growth factor receptor erbB1,Wild Type,10000.0,>,nM,censored_relation
7484,CHEMBL3612073,Epidermal growth factor receptor erbB1,Wild Type,10000.0,>,nM,censored_relation
7485,CHEMBL3612597,Epidermal growth factor receptor erbB1,Wild Type,10000.0,>,nM,censored_relation
7499,CHEMBL3612565,Epidermal growth factor receptor erbB1,Wild Type,10000.0,>,nM,censored_relation
7500,CHEMBL3612566,Epidermal growth factor receptor erbB1,Wild Type,10000.0,>,nM,censored_relation
7502,CHEMBL3612568,Epidermal growth factor receptor erbB1,Wild Type,10000.0,>,nM,censored_relation
7503,CHEMBL3612569,Epidermal growth factor receptor erbB1,Wild Type,10000.0,>,nM,censored_relation
7510,CHEMBL3612576,Epidermal growth factor receptor erbB1,Wild Type,10000.0,>,nM,censored_relation
7511,CHEMBL3612577,Epidermal growth factor receptor erbB1,Wild Type,10000.0,>,nM,censored_relation
7513,CHEMBL3612579,Epidermal growth factor receptor erbB1,Wild Type,10000.0,>,nM,censored_relation
7515,CHEMBL3612581,Epidermal growth factor receptor erbB1,Wild Type,10000.0,>,nM,censored_relation
7516,CHEMBL3612582,Epidermal growth factor receptor erbB1,Wild Type,10000.0,>,nM,censored_relation
7517,CHEMBL3612583,Epidermal growth factor receptor erbB1,Wild Type,10000.0,>,nM,censored_relation
7518,CHEMBL3612584,Epidermal growth factor receptor erbB1,Wild Type,10000.0,>,nM,censored_relation
7520,CHEMBL3623375,Epidermal growth factor receptor erbB1,Wild Type,10000.0,>,nM,censored_relation
7523,CHEMBL3622618,Epidermal growth factor receptor erbB1,Wild Type,1000.0,>,nM,censored_relation
7544,CHEMBL3622663,Epidermal growth factor receptor erbB1,Wild Type,1000.0,>,nM,censored_relation
7545,CHEMBL3622662,Epidermal growth factor receptor erbB1,Wild Type,1000.0,>,nM,censored_relation
7546,CHEMBL3622661,Epidermal growth factor receptor erbB1,Wild Type,1000.0,>,nM,censored_relation
7547,CHEMBL3622660,Epidermal growth factor receptor erbB1,Wild Type,1000.0,>,nM,censored_relation
7550,CHEMBL3622657,Epidermal growth factor receptor erbB1,Wild Type,1000.0,>,nM,censored_relation
7551,CHEMBL3622656,Epidermal growth factor receptor erbB1,Wild Type,1000.0,>,nM,censored_relation
7562,CHEMBL3622646,Epidermal growth factor receptor erbB1,Wild Type,1000.0,>,nM,censored_relation
7573,CHEMBL3622635,Epidermal growth factor receptor erbB1,Wild Type,1000.0,>,nM,censored_relation
7577,CHEMBL3622631,Epidermal growth factor receptor erbB1,Wild Type,1000.0,>,nM,censored_relation
7581,CHEMBL3622627,Epidermal growth factor receptor erbB1,Wild Type,1000.0,>,nM,censored_relation
7616,CHEMBL1442185,Epidermal growth factor receptor erbB1,Wild Type,10000.0,>,nM,censored_relation
7617,CHEMBL3628599,Epidermal growth factor receptor erbB1,Wild Type,10000.0,>,nM,censored_relation
7622,CHEMBL3628793,Epidermal growth factor receptor erbB1,Wild Type,10000.0,>,nM,censored_relation
7623,CHEMBL3628794,Epidermal growth factor receptor erbB1,Wild Type,10000.0,>,nM,censored_relation
7624,CHEMBL3628795,Epidermal growth factor receptor erbB1,Wild Type,10000.0,>,nM,censored_relation
7626,CHEMBL3628797,Epidermal growth factor receptor erbB1,Wild Type,10000.0,>,nM,censored_relation
7627,CHEMBL3628798,Epidermal growth factor receptor erbB1,Wild Type,10000.0,>,nM,censored_relation
7630,CHEMBL3628801,Epidermal growth factor receptor erbB1,Wild Type,10000.0,>,nM,censored_relation
7631,CHEMBL3628802,Epidermal growth factor receptor erbB1,Wild Type,10000.0,>,nM,censored_relation
7632,CHEMBL3628803,Epidermal growth factor receptor erbB1,Wild Type,10000.0,>,nM,censored_relation
7635,CHEMBL3628811,Epidermal growth factor receptor erbB1,Wild Type,10000.0,>,nM,censored_relation
7636,CHEMBL3628810,Epidermal growth factor receptor erbB1,Wild Type,10000.0,>,nM,censored_relation
7637,CHEMBL3628809,Epidermal growth factor receptor erbB1,Wild Type,10000.0,>,nM,censored_relation
7638,CHEMBL3628808,Epidermal growth factor receptor erbB1,Wild Type,10000.0,>,nM,censored_relation
7639,CHEMBL3628807,Epidermal growth factor receptor erbB1,Wild Type,10000.0,>,nM,censored_relation
7640,CHEMBL3628806,Epidermal growth factor receptor erbB1,Wild Type,10000.0,>,nM,censored_relation
7641,CHEMBL3628805,Epidermal growth factor receptor erbB1,Wild Type,10000.0,>,nM,censored_relation
7642,CHEMBL3628804,Epidermal growth factor receptor erbB1,Wild Type,10000.0,>,nM,censored_relation
7663,CHEMBL3633937,Epidermal growth factor receptor erbB1,Wild Type,10000.0,>,nM,censored_relation
7666,CHEMBL3633935,Epidermal growth factor receptor erbB1,Wild Type,10000.0,>,nM,censored_relation
7670,CHEMBL3633931,Epidermal growth factor receptor erbB1,Wild Type,10000.0,>,nM,censored_relation
7683,CHEMBL3699594,Epidermal growth factor receptor erbB1,Wild Type,1000.0,>,nM,censored_relation
7686,CHEMBL3699604,Epidermal growth factor receptor erbB1,Wild Type,1.0,<,nM,censored_relation
7687,CHEMBL3699605,Epidermal growth factor receptor erbB1,Wild Type,1.0,<,nM,censored_relation
7688,CHEMBL3699619,Epidermal growth factor receptor erbB1,Wild Type,1.0,<,nM,censored_relation
7693,CHEMBL3699598,Epidermal growth factor receptor erbB1,Wild Type,1.0,<,nM,censored_relation
7698,CHEMBL3699605,Epidermal growth factor receptor erbB1,Wild Type,1.0,<,nM,censored_relation
7701,CHEMBL3699613,Epidermal growth factor receptor erbB1,Wild Type,1000.0,>,nM,censored_relation
7705,CHEMBL3699593,Epidermal growth factor receptor erbB1,Wild Type,1.0,<,nM,censored_relation
7706,CHEMBL3699583,Epidermal growth factor receptor erbB1,Wild Type,1.0,<,nM,censored_relation
7707,CHEMBL3699582,Epidermal growth factor receptor erbB1,Wild Type,1.0,<,nM,censored_relation
7715,CHEMBL3699587,Epidermal growth factor receptor erbB1,Wild Type,1.0,<,nM,censored_relation
7716,CHEMBL3699612,Epidermal growth factor receptor erbB1,Wild Type,1.0,<,nM,censored_relation
7718,CHEMBL3699609,Epidermal growth factor receptor erbB1,Wild Type,1.0,<,nM,censored_relation
7722,CHEMBL3699601,Epidermal growth factor receptor erbB1,Wild Type,1.0,<,nM,censored_relation
7727,CHEMBL3699584,Epidermal growth factor receptor erbB1,Wild Type,1.0,<,nM,censored_relation
7730,CHEMBL3699607,Epidermal growth factor receptor erbB1,Wild Type,1.0,<,nM,censored_relation
7735,CHEMBL3699592,Epidermal growth factor receptor erbB1,Wild Type,1.0,<,nM,censored_relation
7737,CHEMBL3699606,Epidermal growth factor receptor erbB1,Wild Type,1.0,<,nM,censored_relation
7740,CHEMBL3699603,Epidermal growth factor receptor erbB1,Wild Type,1.0,<,nM,censored_relation
7747,CHEMBL3699590,Epidermal growth factor receptor erbB1,Wild Type,1.0,<,nM,censored_relation
7749,CHEMBL3699621,Epidermal growth factor receptor erbB1,Wild Type,1.0,<,nM,censored_relation
7753,CHEMBL3699606,Epidermal growth factor receptor erbB1,Wild Type,1.0,<,nM,censored_relation
7754,CHEMBL3699597,Epidermal growth factor receptor erbB1,Wild Type,1.0,<,nM,censored_relation
7755,CHEMBL3699585,Epidermal growth factor receptor erbB1,Wild Type,1.0,<,nM,censored_relation
7758,CHEMBL3699589,Epidermal growth factor receptor erbB1,Wild Type,1.0,<,nM,censored_relation
7765,CHEMBL3545308,Epidermal growth factor receptor erbB1,Wild Type,1.0,<,nM,censored_relation
7775,CHEMBL3639984,Epidermal growth factor receptor erbB1,Wild Type,1.0,<,nM,censored_relation
7778,CHEMBL3699620,Epidermal growth factor receptor erbB1,Wild Type,1000.0,>,nM,censored_relation
7784,CHEMBL3699591,Epidermal growth factor receptor erbB1,Wild Type,1.0,<,nM,censored_relation
7787,CHEMBL3699610,Epidermal growth factor receptor erbB1,Wild Type,1.0,<,nM,censored_relation
7794,CHEMBL3699608,Epidermal growth factor receptor erbB1,Wild Type,1.0,<,nM,censored_relation
7802,CHEMBL3699622,Epidermal growth factor receptor erbB1,Wild Type,1.0,<,nM,censored_relation
7814,CHEMBL3736508,Epidermal growth factor receptor erbB1,Wild Type,10000.0,>,nM,censored_relation
7815,CHEMBL3736183,Epidermal growth factor receptor erbB1,Wild Type,10000.0,>,nM,censored_relation
7816,CHEMBL3734933,Epidermal growth factor receptor erbB1,Wild Type,10000.0,>,nM,censored_relation
7817,CHEMBL3734934,Epidermal growth factor receptor erbB1,Wild Type,10000.0,>,nM,censored_relation
7818,CHEMBL3735474,Epidermal growth factor receptor erbB1,Wild Type,10000.0,>,nM,censored_relation
7819,CHEMBL3734786,Epidermal growth factor receptor erbB1,Wild Type,10000.0,>,nM,censored_relation
7825,CHEMBL3736121,Epidermal growth factor receptor erbB1,Wild Type,10000.0,>,nM,censored_relation
7826,CHEMBL3734988,Epidermal growth factor receptor erbB1,Wild Type,10000.0,>,nM,censored_relation
7834,CHEMBL3740721,Epidermal growth factor receptor erbB1,Wild Type,10000.0,>,nM,censored_relation
7835,CHEMBL3740487,Epidermal growth factor receptor erbB1,Wild Type,10000.0,>,nM,censored_relation
7836,CHEMBL3739732,Epidermal growth factor receptor erbB1,Wild Type,10000.0,>,nM,censored_relation
7837,CHEMBL3740721,Epidermal growth factor receptor erbB1,"L858R, T790M",10000.0,>,nM,censored_relation
7838,CHEMBL3740487,Epidermal growth factor receptor erbB1,"L858R, T790M",10000.0,>,nM,censored_relation
7839,CHEMBL3739732,Epidermal growth factor receptor erbB1,"L858R, T790M",10000.0,>,nM,censored_relation
7868,CHEMBL3740802,Epidermal growth factor receptor erbB1,"L858R, T790M",20000.0,>,nM,censored_relation
7894,CHEMBL3740577,Epidermal growth factor receptor erbB1,Wild Type,20000.0,>,nM,censored_relation
7895,CHEMBL3739812,Epidermal growth factor receptor erbB1,Wild Type,20000.0,>,nM,censored_relation
7896,CHEMBL3740614,Epidermal growth factor receptor erbB1,Wild Type,20000.0,>,nM,censored_relation
7897,CHEMBL3741245,Epidermal growth factor receptor erbB1,Wild Type,20000.0,>,nM,censored_relation
7899,CHEMBL3741796,Epidermal growth factor receptor erbB1,Wild Type,20000.0,>,nM,censored_relation
7900,CHEMBL3741436,Epidermal growth factor receptor erbB1,Wild Type,20000.0,>,nM,censored_relation
7902,CHEMBL3742128,Epidermal growth factor receptor erbB1,Wild Type,20000.0,>,nM,censored_relation
7903,CHEMBL3740802,Epidermal growth factor receptor erbB1,Wild Type,20000.0,>,nM,censored_relation
7904,CHEMBL3741219,Epidermal growth factor receptor erbB1,Wild Type,20000.0,>,nM,censored_relation
7906,CHEMBL3740907,Epidermal growth factor receptor erbB1,Wild Type,20000.0,>,nM,censored_relation
7907,CHEMBL3741324,Epidermal growth factor receptor erbB1,Wild Type,20000.0,>,nM,censored_relation
7908,CHEMBL3742146,Epidermal growth factor receptor erbB1,Wild Type,20000.0,>,nM,censored_relation
7915,CHEMBL3739528,Epidermal growth factor receptor erbB1,Wild Type,10000.0,>,nM,censored_relation
7923,CHEMBL571,Epidermal growth factor receptor erbB1,Wild Type,10000.0,>,nM,censored_relation
7924,CHEMBL6,Epidermal growth factor receptor erbB1,Wild Type,10000.0,>,nM,censored_relation
7925,CHEMBL12952,Epidermal growth factor receptor erbB1,Wild Type,10000.0,>,nM,censored_relation
7926,CHEMBL15770,Epidermal growth factor receptor erbB1,Wild Type,10000.0,>,nM,censored_relation
7927,CHEMBL521,Epidermal growth factor receptor erbB1,Wild Type,10000.0,>,nM,censored_relation
7928,CHEMBL25,Epidermal growth factor receptor erbB1,Wild Type,10000.0,>,nM,censored_relation
7930,CHEMBL3741589,Epidermal growth factor receptor erbB1,Wild Type,10000.0,>,nM,censored_relation
7972,CHEMBL3651966,Epidermal growth factor receptor erbB1,Wild Type,10000.0,>,nM,censored_relation
7973,CHEMBL3745885,Epidermal growth factor receptor erbB1,Wild Type,10000.0,>,nM,censored_relation
7976,CHEMBL3753904,Epidermal growth factor receptor erbB1,Wild Type,500.0,>,nM,censored_relation
7997,CHEMBL3752874,Epidermal growth factor receptor erbB1,Wild Type,500.0,>,nM,censored_relation
8011,CHEMBL3752337,Epidermal growth factor receptor erbB1,"L858R, T790M",1000.0,>,nM,censored_relation
8030,CHEMBL3752365,Epidermal growth factor receptor erbB1,Wild Type,1000.0,>,nM,censored_relation
8033,CHEMBL3754803,Epidermal growth factor receptor erbB1,Wild Type,1000.0,>,nM,censored_relation
8034,CHEMBL3633146,Epidermal growth factor receptor erbB1,Wild Type,1000.0,>,nM,censored_relation
8035,CHEMBL3753461,Epidermal growth factor receptor erbB1,Wild Type,1000.0,>,nM,censored_relation
8036,CHEMBL3752337,Epidermal growth factor receptor erbB1,Wild Type,1000.0,>,nM,censored_relation
8039,CHEMBL3753228,Epidermal growth factor receptor erbB1,Wild Type,1000.0,>,nM,censored_relation
8097,CHEMBL3759079,Epidermal growth factor receptor erbB1,Wild Type,1000.0,>,nM,censored_relation
8101,CHEMBL3758363,Epidermal growth factor receptor erbB1,Wild Type,10000.0,>,nM,censored_relation
8103,CHEMBL3758796,Epidermal growth factor receptor erbB1,Wild Type,10000.0,>,nM,censored_relation
8112,CHEMBL3759884,Epidermal growth factor receptor erbB1,Wild Type,10000.0,>,nM,censored_relation
8113,CHEMBL3758900,Epidermal growth factor receptor erbB1,Wild Type,10000.0,>,nM,censored_relation
8114,CHEMBL3758355,Epidermal growth factor receptor erbB1,Wild Type,10000.0,>,nM,censored_relation
8116,CHEMBL3759483,Epidermal growth factor receptor erbB1,Wild Type,10000.0,>,nM,censored_relation
8117,CHEMBL3759724,Epidermal growth factor receptor erbB1,Wild Type,10000.0,>,nM,censored_relation
8144,CHEMBL3764279,Epidermal growth factor receptor erbB1,Wild Type,100000.0,>,nM,censored_relation
8161,CHEMBL3775372,Epidermal growth factor receptor erbB1,Wild Type,1000.0,>,nM,censored_relation
8170,CHEMBL3774910,Epidermal growth factor receptor erbB1,Wild Type,1000.0,>,nM,censored_relation
8175,CHEMBL3775754,Epidermal growth factor receptor erbB1,Wild Type,10000.0,>,nM,censored_relation
8176,CHEMBL3774448,Epidermal growth factor receptor erbB1,Wild Type,10000.0,>,nM,censored_relation
8177,CHEMBL3775393,Epidermal growth factor receptor erbB1,Wild Type,10000.0,>,nM,censored_relation
8178,CHEMBL3774830,Epidermal growth factor receptor erbB1,Wild Type,10000.0,>,nM,censored_relation
8179,CHEMBL3775538,Epidermal growth factor receptor erbB1,Wild Type,10000.0,>,nM,censored_relation
8180,CHEMBL3193172,Epidermal growth factor receptor erbB1,Wild Type,10000.0,>,nM,censored_relation
8181,CHEMBL3774696,Epidermal growth factor receptor erbB1,Wild Type,10000.0,>,nM,censored_relation
8182,CHEMBL3774704,Epidermal growth factor receptor erbB1,Wild Type,10000.0,>,nM,censored_relation
8183,CHEMBL3775111,Epidermal growth factor receptor erbB1,Wild Type,10000.0,>,nM,censored_relation
8184,CHEMBL3775821,Epidermal growth factor receptor erbB1,Wild Type,10000.0,>,nM,censored_relation
8185,CHEMBL3775193,Epidermal growth factor receptor erbB1,Wild Type,10000.0,>,nM,censored_relation
8186,CHEMBL568150,Epidermal growth factor receptor erbB1,Wild Type,10000.0,>,nM,censored_relation
8187,CHEMBL3780676,Epidermal growth factor receptor erbB1,Wild Type,100000.0,>,nM,censored_relation
8190,CHEMBL3545308,Epidermal growth factor receptor erbB1,Wild Type,4331.0,>,nM,censored_relation
8191,CHEMBL3545308,Epidermal growth factor receptor erbB1,Wild Type,2000.0,>,nM,censored_relation
8192,CHEMBL3545308,Epidermal growth factor receptor erbB1,Wild Type,2000.0,>,nM,censored_relation
8206,CHEMBL3787614,Epidermal growth factor receptor erbB1,Wild Type,10000.0,>,nM,censored_relation
8207,CHEMBL3786567,Epidermal growth factor receptor erbB1,Wild Type,10000.0,>,nM,censored_relation
8211,CHEMBL3785393,Epidermal growth factor receptor erbB1,Wild Type,5000.0,>,nM,censored_relation
8212,CHEMBL3786858,Epidermal growth factor receptor erbB1,Wild Type,3300.0,>,nM,censored_relation
8215,CHEMBL3786220,Epidermal growth factor receptor erbB1,Wild Type,10000.0,>,nM,censored_relation
8216,CHEMBL3786647,Epidermal growth factor receptor erbB1,Wild Type,10000.0,>,nM,censored_relation
8218,CHEMBL3787132,Epidermal growth factor receptor erbB1,Wild Type,10000.0,>,nM,censored_relation
8259,CHEMBL3785951,Epidermal growth factor receptor erbB1,Wild Type,10000.0,>,nM,censored_relation
8260,CHEMBL1614712,Epidermal growth factor receptor erbB1,Wild Type,10000.0,>,nM,censored_relation
8262,CHEMBL3785500,Epidermal growth factor receptor erbB1,Wild Type,10000.0,>,nM,censored_relation
8263,CHEMBL3786167,Epidermal growth factor receptor erbB1,Wild Type,10000.0,>,nM,censored_relation
8264,CHEMBL3785951,Epidermal growth factor receptor erbB1,Wild Type,10000.0,>,nM,censored_relation
8266,CHEMBL513703,Epidermal growth factor receptor erbB1,Wild Type,10000.0,>,nM,censored_relation
8267,CHEMBL3797480,Epidermal growth factor receptor erbB1,Wild Type,10000.0,>,nM,censored_relation
8268,CHEMBL3799585,Epidermal growth factor receptor erbB1,Wild Type,10000.0,>,nM,censored_relation
8269,CHEMBL3797480,Epidermal growth factor receptor erbB1,E746_A750del,10000.0,>,nM,censored_relation
8270,CHEMBL513703,Epidermal growth factor receptor erbB1,E746_A750del,10000.0,>,nM,censored_relation
8271,CHEMBL3798631,Epidermal growth factor receptor erbB1,Wild Type,1000.0,>,nM,censored_relation
8272,CHEMBL3798257,Epidermal growth factor receptor erbB1,Wild Type,1000.0,>,nM,censored_relation
8273,CHEMBL3798011,Epidermal growth factor receptor erbB1,Wild Type,1000.0,>,nM,censored_relation
8308,CHEMBL1983268,Epidermal growth factor receptor erbB1,Wild Type,10000.0,>,nM,censored_relation
8316,CHEMBL3805618,Epidermal growth factor receptor erbB1,Wild Type,1000.0,>,nM,censored_relation
8320,CHEMBL3805402,Epidermal growth factor receptor erbB1,Wild Type,1000.0,>,nM,censored_relation
8328,CHEMBL3805475,Epidermal growth factor receptor erbB1,Wild Type,1000.0,>,nM,censored_relation
8335,CHEMBL3805491,Epidermal growth factor receptor erbB1,Wild Type,1000.0,>,nM,censored_relation
8353,CHEMBL3805236,Epidermal growth factor receptor erbB1,"L858R, T790M",1000.0,>,nM,censored_relation
8362,CHEMBL3806005,Epidermal growth factor receptor erbB1,"L858R, T790M",1000.0,>,nM,censored_relation
8364,CHEMBL3805491,Epidermal growth factor receptor erbB1,"L858R, T790M",1000.0,>,nM,censored_relation
8365,CHEMBL3805333,Epidermal growth factor receptor erbB1,"L858R, T790M",1000.0,>,nM,censored_relation
8366,CHEMBL3805299,Epidermal growth factor receptor erbB1,"L858R, T790M",1000.0,>,nM,censored_relation
8367,CHEMBL3806200,Epidermal growth factor receptor erbB1,"L858R, T790M",1000.0,>,nM,censored_relation
8368,CHEMBL3805280,Epidermal growth factor receptor erbB1,"L858R, T790M",1000.0,>,nM,censored_relation
8369,CHEMBL3806213,Epidermal growth factor receptor erbB1,"L858R, T790M",1000.0,>,nM,censored_relation
8371,CHEMBL3805475,Epidermal growth factor receptor erbB1,"L858R, T790M",1000.0,>,nM,censored_relation
8372,CHEMBL3805383,Epidermal growth factor receptor erbB1,"L858R, T790M",1000.0,>,nM,censored_relation
8373,CHEMBL3805089,Epidermal growth factor receptor erbB1,"L858R, T790M",1000.0,>,nM,censored_relation
8375,CHEMBL3805949,Epidermal growth factor receptor erbB1,"L858R, T790M",1000.0,>,nM,censored_relation
8376,CHEMBL3806321,Epidermal growth factor receptor erbB1,"L858R, T790M",1000.0,>,nM,censored_relation
8379,CHEMBL3805402,Epidermal growth factor receptor erbB1,"L858R, T790M",1000.0,>,nM,censored_relation
8381,CHEMBL3805260,Epidermal growth factor receptor erbB1,"L858R, T790M",1000.0,>,nM,censored_relation
8382,CHEMBL3805654,Epidermal growth factor receptor erbB1,"L858R, T790M",1000.0,>,nM,censored_relation
8383,CHEMBL3805618,Epidermal growth factor receptor erbB1,"L858R, T790M",1000.0,>,nM,censored_relation
8388,CHEMBL3806222,Epidermal growth factor receptor erbB1,"L858R, T790M",1000.0,>,nM,censored_relation
8389,CHEMBL3806145,Epidermal growth factor receptor erbB1,"L858R, T790M",1000.0,>,nM,censored_relation
8391,CHEMBL3805675,Epidermal growth factor receptor erbB1,Wild Type,300000.0,>,nM,censored_relation
8395,CHEMBL3806108,Epidermal growth factor receptor erbB1,Wild Type,300000.0,>,nM,censored_relation
8404,CHEMBL3814825,Epidermal growth factor receptor erbB1,"L858R, T790M",1.0,<,nM,censored_relation
8426,CHEMBL3813876,Epidermal growth factor receptor erbB1,Wild Type,0.495,<,nM,censored_relation
8441,CHEMBL3814021,Epidermal growth factor receptor erbB1,Wild Type,500.0,>,nM,censored_relation
8462,CHEMBL3814460,Epidermal growth factor receptor erbB1,L858R,500.0,>,nM,censored_relation
8463,CHEMBL3814021,Epidermal growth factor receptor erbB1,L858R,500.0,>,nM,censored_relation
8468,CHEMBL3814940,Epidermal growth factor receptor erbB1,L858R,500.0,>,nM,censored_relation
8473,CHEMBL3814812,Epidermal growth factor receptor erbB1,L858R,500.0,>,nM,censored_relation
8476,CHEMBL939,Epidermal growth factor receptor erbB1,"L858R, T790M",10000.0,>,nM,censored_relation
8480,CHEMBL939,Epidermal growth factor receptor erbB1,"E746_A750del, T790M",10000.0,>,nM,censored_relation
8486,CHEMBL3818247,Epidermal growth factor receptor erbB1,Wild Type,30000.0,>,nM,censored_relation
8487,CHEMBL3818247,Epidermal growth factor receptor erbB1,L858R,30000.0,>,nM,censored_relation
8488,CHEMBL3818247,Epidermal growth factor receptor erbB1,T790M,30000.0,>,nM,censored_relation
8489,CHEMBL3818247,Epidermal growth factor receptor erbB1,"L858R, T790M",30000.0,>,nM,censored_relation
8517,CHEMBL3818563,Epidermal growth factor receptor erbB1,T790M,1000.0,>,nM,censored_relation
8522,CHEMBL3827178,Epidermal growth factor receptor erbB1,Wild Type,1000.0,>,nM,censored_relation
8535,CHEMBL3828269,Epidermal growth factor receptor erbB1,"L858R, T790M",1000.0,>,nM,censored_relation
8536,CHEMBL3828079,Epidermal growth factor receptor erbB1,"L858R, T790M",1000.0,>,nM,censored_relation
8537,CHEMBL3828021,Epidermal growth factor receptor erbB1,"L858R, T790M",1000.0,>,nM,censored_relation
8538,CHEMBL3828092,Epidermal growth factor receptor erbB1,"L858R, T790M",1000.0,>,nM,censored_relation
8539,CHEMBL3827349,Epidermal growth factor receptor erbB1,"L858R, T790M",1000.0,>,nM,censored_relation
8545,CHEMBL3893306,Epidermal growth factor receptor erbB1,Wild Type,10000.0,>,nM,censored_relation
8555,CHEMBL3977016,Epidermal growth factor receptor erbB1,Wild Type,10000.0,>,nM,censored_relation
8557,CHEMBL3981210,Epidermal growth factor receptor erbB1,Wild Type,10000.0,>,nM,censored_relation
8684,CHEMBL3935149,Epidermal growth factor receptor erbB1,Wild Type,1000.0,>,nM,censored_relation
8685,CHEMBL3962640,Epidermal growth factor receptor erbB1,Wild Type,100.0,>,nM,censored_relation
8686,CHEMBL3944121,Epidermal growth factor receptor erbB1,Wild Type,100.0,>,nM,censored_relation
8715,CHEMBL3965075,Epidermal growth factor receptor erbB1,Wild Type,42000.0,>,nM,censored_relation
8718,CHEMBL3954370,Epidermal growth factor receptor erbB1,Wild Type,50000.0,>,nM,censored_relation
8721,CHEMBL3918367,Epidermal growth factor receptor erbB1,Wild Type,50000.0,>,nM,censored_relation
8723,CHEMBL3946259,Epidermal growth factor receptor erbB1,L858R,8480.0,>,nM,censored_relation
8724,CHEMBL3946259,Epidermal growth factor receptor erbB1,Wild Type,11780.0,>,nM,censored_relation
8726,CHEMBL3909438,Epidermal growth factor receptor erbB1,L858R,16000.0,>,nM,censored_relation
8727,CHEMBL3909438,Epidermal growth factor receptor erbB1,Wild Type,50000.0,>,nM,censored_relation
8743,CHEMBL3936272,Epidermal growth factor receptor erbB1,"L858R, T790M",50000.0,>,nM,censored_relation
8744,CHEMBL3936272,Epidermal growth factor receptor erbB1,"L858R, T790M",50000.0,>,nM,censored_relation
8745,CHEMBL3966111,Epidermal growth factor receptor erbB1,"L858R, T790M",50000.0,>,nM,censored_relation
8748,CHEMBL3966111,Epidermal growth factor receptor erbB1,L858R,10000.0,>,nM,censored_relation
8749,CHEMBL3966111,Epidermal growth factor receptor erbB1,Wild Type,10000.0,>,nM,censored_relation
8750,CHEMBL3921545,Epidermal growth factor receptor erbB1,"L858R, T790M",50000.0,>,nM,censored_relation
8751,CHEMBL3921545,Epidermal growth factor receptor erbB1,"L858R, T790M",50000.0,>,nM,censored_relation
8752,CHEMBL3894391,Epidermal growth factor receptor erbB1,"L858R, T790M",50000.0,>,nM,censored_relation
8753,CHEMBL3894391,Epidermal growth factor receptor erbB1,"L858R, T790M",50000.0,>,nM,censored_relation
8754,CHEMBL3953921,Epidermal growth factor receptor erbB1,"L858R, T790M",50000.0,>,nM,censored_relation
8758,CHEMBL3953921,Epidermal growth factor receptor erbB1,Wild Type,10000.0,>,nM,censored_relation
8759,CHEMBL3982602,Epidermal growth factor receptor erbB1,"L858R, T790M",37670.0,>,nM,censored_relation
8762,CHEMBL3901943,Epidermal growth factor receptor erbB1,"L858R, T790M",2.0,<,nM,censored_relation
8766,CHEMBL3972987,Epidermal growth factor receptor erbB1,"L858R, T790M",50000.0,>,nM,censored_relation
8767,CHEMBL3972987,Epidermal growth factor receptor erbB1,"L858R, T790M",50000.0,>,nM,censored_relation
8768,CHEMBL3892960,Epidermal growth factor receptor erbB1,"L858R, T790M",50000.0,>,nM,censored_relation
8770,CHEMBL3961970,Epidermal growth factor receptor erbB1,"L858R, T790M",50000.0,>,nM,censored_relation
8771,CHEMBL3961970,Epidermal growth factor receptor erbB1,"L858R, T790M",50000.0,>,nM,censored_relation
8772,CHEMBL3981978,Epidermal growth factor receptor erbB1,"L858R, T790M",50000.0,>,nM,censored_relation
8773,CHEMBL3981978,Epidermal growth factor receptor erbB1,"L858R, T790M",50000.0,>,nM,censored_relation
8774,CHEMBL3953221,Epidermal growth factor receptor erbB1,"L858R, T790M",50000.0,>,nM,censored_relation
8778,CHEMBL3953221,Epidermal growth factor receptor erbB1,Wild Type,10000.0,>,nM,censored_relation
8779,CHEMBL3973973,Epidermal growth factor receptor erbB1,"L858R, T790M",50000.0,>,nM,censored_relation
8782,CHEMBL3973973,Epidermal growth factor receptor erbB1,L858R,3716.0,>,nM,censored_relation
8783,CHEMBL3973973,Epidermal growth factor receptor erbB1,Wild Type,10000.0,>,nM,censored_relation
8784,CHEMBL3944524,Epidermal growth factor receptor erbB1,"L858R, T790M",50000.0,>,nM,censored_relation
8785,CHEMBL3944524,Epidermal growth factor receptor erbB1,"L858R, T790M",50000.0,>,nM,censored_relation
8786,CHEMBL3962999,Epidermal growth factor receptor erbB1,"L858R, T790M",50000.0,>,nM,censored_relation
8787,CHEMBL3962999,Epidermal growth factor receptor erbB1,"L858R, T790M",50000.0,>,nM,censored_relation
8788,CHEMBL3935558,Epidermal growth factor receptor erbB1,"L858R, T790M",50000.0,>,nM,censored_relation
8789,CHEMBL3935558,Epidermal growth factor receptor erbB1,"L858R, T790M",32770.0,>,nM,censored_relation
8790,CHEMBL3959632,Epidermal growth factor receptor erbB1,"L858R, T790M",50000.0,>,nM,censored_relation
8794,CHEMBL3959632,Epidermal growth factor receptor erbB1,Wild Type,10000.0,>,nM,censored_relation
8799,CHEMBL3961202,Epidermal growth factor receptor erbB1,Wild Type,10000.0,>,nM,censored_relation
8800,CHEMBL3916436,Epidermal growth factor receptor erbB1,"L858R, T790M",50000.0,>,nM,censored_relation
8801,CHEMBL3916436,Epidermal growth factor receptor erbB1,"L858R, T790M",50000.0,>,nM,censored_relation
8810,CHEMBL3977022,Epidermal growth factor receptor erbB1,Wild Type,1000.0,>,nM,censored_relation
8811,CHEMBL3956430,Epidermal growth factor receptor erbB1,Wild Type,1000.0,>,nM,censored_relation
8815,CHEMBL3903063,Epidermal growth factor receptor erbB1,Wild Type,1000.0,>,nM,censored_relation
8816,CHEMBL3931038,Epidermal growth factor receptor erbB1,Wild Type,1000.0,>,nM,censored_relation
8817,CHEMBL3953593,Epidermal growth factor receptor erbB1,Wild Type,1000.0,>,nM,censored_relation
8818,CHEMBL3925959,Epidermal growth factor receptor erbB1,Wild Type,1000.0,>,nM,censored_relation
8831,CHEMBL3947759,Epidermal growth factor receptor erbB1,Wild Type,1000.0,>,nM,censored_relation
8832,CHEMBL3958173,Epidermal growth factor receptor erbB1,Wild Type,1000.0,>,nM,censored_relation
8839,CHEMBL3950479,Epidermal growth factor receptor erbB1,Wild Type,1000.0,>,nM,censored_relation
8840,CHEMBL3922762,Epidermal growth factor receptor erbB1,Wild Type,1000.0,>,nM,censored_relation
8841,CHEMBL2403108,Epidermal growth factor receptor erbB1,Wild Type,1000.0,>,nM,censored_relation
8842,CHEMBL601719,Epidermal growth factor receptor erbB1,Wild Type,1000.0,>,nM,censored_relation
8872,CHEMBL3946811,Epidermal growth factor receptor erbB1,Wild Type,10000.0,>,nM,censored_relation
8891,CHEMBL3885292,Epidermal growth factor receptor erbB1,Wild Type,150000.0,>,nM,censored_relation
8892,CHEMBL3884240,Epidermal growth factor receptor erbB1,Wild Type,100000.0,>,nM,censored_relation
8893,CHEMBL3884848,Epidermal growth factor receptor erbB1,Wild Type,150000.0,>,nM,censored_relation
8894,CHEMBL3884104,Epidermal growth factor receptor erbB1,Wild Type,150000.0,>,nM,censored_relation
8901,CHEMBL3911612,Epidermal growth factor receptor erbB1,Wild Type,10000.0,>,nM,censored_relation
8915,CHEMBL3951268,Epidermal growth factor receptor erbB1,Wild Type,10000.0,>,nM,censored_relation
8916,CHEMBL3914525,Epidermal growth factor receptor erbB1,Wild Type,10000.0,>,nM,censored_relation
8917,CHEMBL3942536,Epidermal growth factor receptor erbB1,Wild Type,10000.0,>,nM,censored_relation
8919,CHEMBL3965994,Epidermal growth factor receptor erbB1,Wild Type,10000.0,>,nM,censored_relation
8921,CHEMBL3949197,Epidermal growth factor receptor erbB1,Wild Type,100.0,<=,nM,censored_relation
8922,CHEMBL597551,Epidermal growth factor receptor erbB1,Wild Type,100.0,<=,nM,censored_relation
8923,CHEMBL597752,Epidermal growth factor receptor erbB1,Wild Type,100.0,<=,nM,censored_relation
8924,CHEMBL596736,Epidermal growth factor receptor erbB1,Wild Type,100.0,<=,nM,censored_relation
8925,CHEMBL598163,Epidermal growth factor receptor erbB1,Wild Type,100.0,<=,nM,censored_relation
8927,CHEMBL3896110,Epidermal growth factor receptor erbB1,Wild Type,100.0,<=,nM,censored_relation
8928,CHEMBL3976436,Epidermal growth factor receptor erbB1,Wild Type,100.0,<=,nM,censored_relation
8929,CHEMBL3941197,Epidermal growth factor receptor erbB1,Wild Type,100.0,<=,nM,censored_relation
8930,CHEMBL599398,Epidermal growth factor receptor erbB1,Wild Type,100.0,<=,nM,censored_relation
8931,CHEMBL598164,Epidermal growth factor receptor erbB1,Wild Type,100.0,<=,nM,censored_relation
8933,CHEMBL3922584,Epidermal growth factor receptor erbB1,Wild Type,100.0,<=,nM,censored_relation
8934,CHEMBL3930226,Epidermal growth factor receptor erbB1,Wild Type,100.0,<=,nM,censored_relation
8936,CHEMBL3905086,Epidermal growth factor receptor erbB1,Wild Type,100.0,<=,nM,censored_relation
8937,CHEMBL3928963,Epidermal growth factor receptor erbB1,Wild Type,100.0,<=,nM,censored_relation
8938,CHEMBL604094,Epidermal growth factor receptor erbB1,Wild Type,100.0,<=,nM,censored_relation
8939,CHEMBL3959855,Epidermal growth factor receptor erbB1,Wild Type,100.0,<=,nM,censored_relation
8941,CHEMBL3915273,Epidermal growth factor receptor erbB1,Wild Type,100.0,<=,nM,censored_relation
8944,CHEMBL597569,Epidermal growth factor receptor erbB1,Wild Type,100.0,<=,nM,censored_relation
8945,CHEMBL3893111,Epidermal growth factor receptor erbB1,Wild Type,100.0,<=,nM,censored_relation
8946,CHEMBL3890344,Epidermal growth factor receptor erbB1,Wild Type,100.0,<=,nM,censored_relation
8947,CHEMBL597773,Epidermal growth factor receptor erbB1,Wild Type,100.0,<=,nM,censored_relation
8948,CHEMBL3939206,Epidermal growth factor receptor erbB1,Wild Type,100.0,<=,nM,censored_relation
8949,CHEMBL3898372,Epidermal growth factor receptor erbB1,Wild Type,100.0,<=,nM,censored_relation
8950,CHEMBL3901144,Epidermal growth factor receptor erbB1,Wild Type,100.0,<=,nM,censored_relation
8954,CHEMBL3943805,Epidermal growth factor receptor erbB1,Wild Type,100.0,<=,nM,censored_relation
8955,CHEMBL3944171,Epidermal growth factor receptor erbB1,Wild Type,100.0,<=,nM,censored_relation
8956,CHEMBL3946801,Epidermal growth factor receptor erbB1,Wild Type,100.0,<=,nM,censored_relation
8957,CHEMBL3970892,Epidermal growth factor receptor erbB1,Wild Type,100.0,<=,nM,censored_relation
8958,CHEMBL3959043,Epidermal growth factor receptor erbB1,Wild Type,100.0,<=,nM,censored_relation
8959,CHEMBL3909900,Epidermal growth factor receptor erbB1,Wild Type,100.0,<=,nM,censored_relation
8960,CHEMBL3907094,Epidermal growth factor receptor erbB1,Wild Type,100.0,<=,nM,censored_relation
8962,CHEMBL605976,Epidermal growth factor receptor erbB1,Wild Type,100.0,<=,nM,censored_relation
8966,CHEMBL3897865,Epidermal growth factor receptor erbB1,Wild Type,10000.0,>=,nM,censored_relation
8968,CHEMBL596761,Epidermal growth factor receptor erbB1,Wild Type,100.0,<=,nM,censored_relation
8971,CHEMBL3967530,Epidermal growth factor receptor erbB1,Wild Type,100.0,<=,nM,censored_relation
8973,CHEMBL3916142,Epidermal growth factor receptor erbB1,Wild Type,100.0,<=,nM,censored_relation
8974,CHEMBL3951191,Epidermal growth factor receptor erbB1,Wild Type,100.0,<=,nM,censored_relation
8975,CHEMBL3953871,Epidermal growth factor receptor erbB1,Wild Type,100.0,<=,nM,censored_relation
8976,CHEMBL3892811,Epidermal growth factor receptor erbB1,Wild Type,100.0,<=,nM,censored_relation
8977,CHEMBL3959884,Epidermal growth factor receptor erbB1,Wild Type,100.0,<=,nM,censored_relation
8978,CHEMBL3985245,Epidermal growth factor receptor erbB1,Wild Type,100.0,<=,nM,censored_relation
8979,CHEMBL596754,Epidermal growth factor receptor erbB1,Wild Type,100.0,<=,nM,censored_relation
8980,CHEMBL598611,Epidermal growth factor receptor erbB1,Wild Type,100.0,<=,nM,censored_relation
8981,CHEMBL3901210,Epidermal growth factor receptor erbB1,Wild Type,100.0,<=,nM,censored_relation
8982,CHEMBL3898444,Epidermal growth factor receptor erbB1,Wild Type,100.0,<=,nM,censored_relation
8983,CHEMBL3936512,Epidermal growth factor receptor erbB1,Wild Type,100.0,<=,nM,censored_relation
8984,CHEMBL3935462,Epidermal growth factor receptor erbB1,Wild Type,100.0,<=,nM,censored_relation
8985,CHEMBL598799,Epidermal growth factor receptor erbB1,Wild Type,100.0,<=,nM,censored_relation
8986,CHEMBL3930003,Epidermal growth factor receptor erbB1,Wild Type,100.0,<=,nM,censored_relation
8987,CHEMBL3980430,Epidermal growth factor receptor erbB1,Wild Type,100.0,<=,nM,censored_relation
8988,CHEMBL3976961,Epidermal growth factor receptor erbB1,Wild Type,100.0,<=,nM,censored_relation
8989,CHEMBL3976389,Epidermal growth factor receptor erbB1,Wild Type,100.0,<=,nM,censored_relation
8991,CHEMBL3907491,Epidermal growth factor receptor erbB1,Wild Type,100.0,<=,nM,censored_relation
8992,CHEMBL3948072,Epidermal growth factor receptor erbB1,Wild Type,100.0,<=,nM,censored_relation
8993,CHEMBL3945421,Epidermal growth factor receptor erbB1,Wild Type,100.0,<=,nM,censored_relation
8994,CHEMBL3903506,Epidermal growth factor receptor erbB1,Wild Type,100.0,<=,nM,censored_relation
8995,CHEMBL3972249,Epidermal growth factor receptor erbB1,Wild Type,100.0,<=,nM,censored_relation
8996,CHEMBL3938265,Epidermal growth factor receptor erbB1,Wild Type,100.0,<=,nM,censored_relation
8997,CHEMBL3916600,Epidermal growth factor receptor erbB1,Wild Type,100.0,<=,nM,censored_relation
8998,CHEMBL3900967,Epidermal growth factor receptor erbB1,Wild Type,100.0,<=,nM,censored_relation
8999,CHEMBL3977186,Epidermal growth factor receptor erbB1,Wild Type,100.0,<=,nM,censored_relation
9000,CHEMBL3899385,Epidermal growth factor receptor erbB1,Wild Type,100.0,<=,nM,censored_relation
9001,CHEMBL3902161,Epidermal growth factor receptor erbB1,Wild Type,100.0,<=,nM,censored_relation
9002,CHEMBL3951620,Epidermal growth factor receptor erbB1,Wild Type,100.0,<=,nM,censored_relation
9003,CHEMBL3961102,Epidermal growth factor receptor erbB1,Wild Type,100.0,<=,nM,censored_relation
9004,CHEMBL3921652,Epidermal growth factor receptor erbB1,Wild Type,100.0,<=,nM,censored_relation
9005,CHEMBL3924346,Epidermal growth factor receptor erbB1,Wild Type,100.0,<=,nM,censored_relation
9006,CHEMBL3952709,Epidermal growth factor receptor erbB1,Wild Type,100.0,<=,nM,censored_relation
9008,CHEMBL3984573,Epidermal growth factor receptor erbB1,Wild Type,100.0,<=,nM,censored_relation
9009,CHEMBL3905131,Epidermal growth factor receptor erbB1,Wild Type,100.0,<=,nM,censored_relation
9010,CHEMBL3939306,Epidermal growth factor receptor erbB1,Wild Type,100.0,<=,nM,censored_relation
9011,CHEMBL3936547,Epidermal growth factor receptor erbB1,Wild Type,100.0,<=,nM,censored_relation
9012,CHEMBL3901236,Epidermal growth factor receptor erbB1,Wild Type,100.0,<=,nM,censored_relation
9017,CHEMBL3917670,Epidermal growth factor receptor erbB1,Wild Type,100.0,<=,nM,censored_relation
9018,CHEMBL3981584,Epidermal growth factor receptor erbB1,Wild Type,100.0,<=,nM,censored_relation
9019,CHEMBL3984055,Epidermal growth factor receptor erbB1,Wild Type,100.0,<=,nM,censored_relation
9020,CHEMBL3929290,Epidermal growth factor receptor erbB1,Wild Type,100.0,<=,nM,censored_relation
9021,CHEMBL3932057,Epidermal growth factor receptor erbB1,Wild Type,100.0,<=,nM,censored_relation
9022,CHEMBL3968968,Epidermal growth factor receptor erbB1,Wild Type,100.0,<=,nM,censored_relation
9023,CHEMBL3971713,Epidermal growth factor receptor erbB1,Wild Type,10000.0,>=,nM,censored_relation
9024,CHEMBL3956995,Epidermal growth factor receptor erbB1,Wild Type,100.0,<=,nM,censored_relation
9025,CHEMBL3928197,Epidermal growth factor receptor erbB1,Wild Type,100.0,<=,nM,censored_relation
9026,CHEMBL3986286,Epidermal growth factor receptor erbB1,Wild Type,100.0,<=,nM,censored_relation
9027,CHEMBL3937516,Epidermal growth factor receptor erbB1,Wild Type,100.0,<=,nM,censored_relation
9089,CHEMBL939,Epidermal growth factor receptor erbB1,T790M,5000.0,>,nM,censored_relation
9090,CHEMBL554,Epidermal growth factor receptor erbB1,T790M,5000.0,>,nM,censored_relation
9091,CHEMBL3918937,Epidermal growth factor receptor erbB1,Wild Type,1000.0,<,nM,censored_relation
9092,CHEMBL3911340,Epidermal growth factor receptor erbB1,Wild Type,1000.0,<,nM,censored_relation
9093,CHEMBL3928784,Epidermal growth factor receptor erbB1,Wild Type,1000.0,<,nM,censored_relation
9094,CHEMBL3926128,Epidermal growth factor receptor erbB1,Wild Type,1000.0,<,nM,censored_relation
9096,CHEMBL3930609,Epidermal growth factor receptor erbB1,Wild Type,100.0,<,nM,censored_relation
9097,CHEMBL3919333,Epidermal growth factor receptor erbB1,Wild Type,100.0,<,nM,censored_relation
9099,CHEMBL3982471,Epidermal growth factor receptor erbB1,Wild Type,100.0,<,nM,censored_relation
9101,CHEMBL3978486,Epidermal growth factor receptor erbB1,Wild Type,100.0,<,nM,censored_relation
9102,CHEMBL3980871,Epidermal growth factor receptor erbB1,Wild Type,100.0,<,nM,censored_relation
9103,CHEMBL3932468,Epidermal growth factor receptor erbB1,Wild Type,100.0,<,nM,censored_relation
9104,CHEMBL3942220,Epidermal growth factor receptor erbB1,Wild Type,100.0,<,nM,censored_relation
9105,CHEMBL3957976,Epidermal growth factor receptor erbB1,Wild Type,100.0,<,nM,censored_relation
9106,CHEMBL3960623,Epidermal growth factor receptor erbB1,Wild Type,100.0,<,nM,censored_relation
9107,CHEMBL3956956,Epidermal growth factor receptor erbB1,Wild Type,100.0,<,nM,censored_relation
9108,CHEMBL3970155,Epidermal growth factor receptor erbB1,Wild Type,100.0,<,nM,censored_relation
9109,CHEMBL3974421,Epidermal growth factor receptor erbB1,Wild Type,100.0,<,nM,censored_relation
9110,CHEMBL448668,Epidermal growth factor receptor erbB1,Wild Type,100.0,<,nM,censored_relation
9112,CHEMBL506862,Epidermal growth factor receptor erbB1,Wild Type,100.0,<,nM,censored_relation
9113,CHEMBL3976855,Epidermal growth factor receptor erbB1,Wild Type,1000.0,<,nM,censored_relation
9114,CHEMBL3916077,Epidermal growth factor receptor erbB1,Wild Type,100.0,<,nM,censored_relation
9115,CHEMBL3901819,Epidermal growth factor receptor erbB1,Wild Type,1000.0,<,nM,censored_relation
9116,CHEMBL3904524,Epidermal growth factor receptor erbB1,Wild Type,1000.0,<,nM,censored_relation
9117,CHEMBL3947568,Epidermal growth factor receptor erbB1,Wild Type,100.0,<,nM,censored_relation
9118,CHEMBL3909929,Epidermal growth factor receptor erbB1,Wild Type,1000.0,<,nM,censored_relation
9119,CHEMBL3957183,Epidermal growth factor receptor erbB1,Wild Type,100.0,<,nM,censored_relation
9121,CHEMBL3961627,Epidermal growth factor receptor erbB1,Wild Type,1000.0,<,nM,censored_relation
9122,CHEMBL3896404,Epidermal growth factor receptor erbB1,Wild Type,100.0,<,nM,censored_relation
9123,CHEMBL3902678,Epidermal growth factor receptor erbB1,Wild Type,100.0,<,nM,censored_relation
9124,CHEMBL3951967,Epidermal growth factor receptor erbB1,Wild Type,100.0,<,nM,censored_relation
9125,CHEMBL3981747,Epidermal growth factor receptor erbB1,Wild Type,100.0,<,nM,censored_relation
9126,CHEMBL3973006,Epidermal growth factor receptor erbB1,Wild Type,100.0,<,nM,censored_relation
9127,CHEMBL3941287,Epidermal growth factor receptor erbB1,Wild Type,100.0,<,nM,censored_relation
9128,CHEMBL502652,Epidermal growth factor receptor erbB1,Wild Type,100.0,<,nM,censored_relation
9129,CHEMBL3983417,Epidermal growth factor receptor erbB1,Wild Type,100.0,<,nM,censored_relation
9130,CHEMBL3891515,Epidermal growth factor receptor erbB1,Wild Type,100.0,<,nM,censored_relation
9131,CHEMBL3893349,Epidermal growth factor receptor erbB1,Wild Type,100.0,<,nM,censored_relation
9132,CHEMBL3896056,Epidermal growth factor receptor erbB1,Wild Type,100.0,<,nM,censored_relation
9133,CHEMBL3903251,Epidermal growth factor receptor erbB1,Wild Type,100.0,<,nM,censored_relation
9136,CHEMBL3917543,Epidermal growth factor receptor erbB1,Wild Type,100.0,<,nM,censored_relation
9137,CHEMBL454796,Epidermal growth factor receptor erbB1,Wild Type,100.0,<,nM,censored_relation
9138,CHEMBL3920487,Epidermal growth factor receptor erbB1,Wild Type,100.0,<,nM,censored_relation
9139,CHEMBL3957642,Epidermal growth factor receptor erbB1,Wild Type,100.0,<,nM,censored_relation
9140,CHEMBL3902608,Epidermal growth factor receptor erbB1,Wild Type,100.0,<,nM,censored_relation
9141,CHEMBL3937659,Epidermal growth factor receptor erbB1,Wild Type,100.0,<,nM,censored_relation
9142,CHEMBL3934864,Epidermal growth factor receptor erbB1,Wild Type,100.0,<,nM,censored_relation
9143,CHEMBL3927706,Epidermal growth factor receptor erbB1,Wild Type,100.0,<,nM,censored_relation
9144,CHEMBL3975048,Epidermal growth factor receptor erbB1,Wild Type,100.0,<,nM,censored_relation
9145,CHEMBL3889680,Epidermal growth factor receptor erbB1,Wild Type,1000.0,<,nM,censored_relation
9146,CHEMBL3984698,Epidermal growth factor receptor erbB1,Wild Type,1000.0,<,nM,censored_relation
9147,CHEMBL3936093,Epidermal growth factor receptor erbB1,Wild Type,100.0,<,nM,censored_relation
9148,CHEMBL507714,Epidermal growth factor receptor erbB1,Wild Type,100.0,<,nM,censored_relation
9149,CHEMBL3898863,Epidermal growth factor receptor erbB1,Wild Type,100.0,<,nM,censored_relation
9150,CHEMBL3917108,Epidermal growth factor receptor erbB1,Wild Type,100.0,<,nM,censored_relation
9152,CHEMBL3953006,Epidermal growth factor receptor erbB1,Wild Type,100.0,<,nM,censored_relation
9153,CHEMBL3912542,Epidermal growth factor receptor erbB1,Wild Type,1000.0,<,nM,censored_relation
9154,CHEMBL3915209,Epidermal growth factor receptor erbB1,Wild Type,100.0,<,nM,censored_relation
9155,CHEMBL3971235,Epidermal growth factor receptor erbB1,Wild Type,1000.0,<,nM,censored_relation
9156,CHEMBL3973792,Epidermal growth factor receptor erbB1,Wild Type,1000.0,<,nM,censored_relation
9157,CHEMBL3911054,Epidermal growth factor receptor erbB1,Wild Type,100.0,<,nM,censored_relation
9158,CHEMBL3908294,Epidermal growth factor receptor erbB1,Wild Type,100.0,<,nM,censored_relation
9159,CHEMBL3920934,Epidermal growth factor receptor erbB1,Wild Type,1000.0,<,nM,censored_relation
9160,CHEMBL447639,Epidermal growth factor receptor erbB1,Wild Type,100.0,<,nM,censored_relation
9161,CHEMBL3967622,Epidermal growth factor receptor erbB1,Wild Type,100.0,<,nM,censored_relation
9164,CHEMBL3903740,Epidermal growth factor receptor erbB1,Wild Type,100.0,<,nM,censored_relation
9165,CHEMBL3946744,Epidermal growth factor receptor erbB1,Wild Type,100.0,<,nM,censored_relation
9166,CHEMBL508627,Epidermal growth factor receptor erbB1,Wild Type,100.0,<,nM,censored_relation
9167,CHEMBL3957780,Epidermal growth factor receptor erbB1,Wild Type,100.0,<,nM,censored_relation
9168,CHEMBL502198,Epidermal growth factor receptor erbB1,Wild Type,100.0,<,nM,censored_relation
9169,CHEMBL449110,Epidermal growth factor receptor erbB1,Wild Type,100.0,<,nM,censored_relation
9170,CHEMBL3950577,Epidermal growth factor receptor erbB1,Wild Type,100.0,<,nM,censored_relation
9171,CHEMBL3936820,Epidermal growth factor receptor erbB1,Wild Type,1000.0,<,nM,censored_relation
9172,CHEMBL453438,Epidermal growth factor receptor erbB1,Wild Type,100.0,<,nM,censored_relation
9173,CHEMBL3982306,Epidermal growth factor receptor erbB1,Wild Type,100.0,<,nM,censored_relation
9174,CHEMBL3984843,Epidermal growth factor receptor erbB1,Wild Type,1000.0,<,nM,censored_relation
9175,CHEMBL3922419,Epidermal growth factor receptor erbB1,Wild Type,100.0,<,nM,censored_relation
9176,CHEMBL3925159,Epidermal growth factor receptor erbB1,Wild Type,100.0,<,nM,censored_relation
9177,CHEMBL3933134,Epidermal growth factor receptor erbB1,Wild Type,100.0,<,nM,censored_relation
9178,CHEMBL3930437,Epidermal growth factor receptor erbB1,Wild Type,1000.0,<,nM,censored_relation
9179,CHEMBL3895132,Epidermal growth factor receptor erbB1,Wild Type,100.0,<,nM,censored_relation
9180,CHEMBL3937160,Epidermal growth factor receptor erbB1,Wild Type,100.0,<,nM,censored_relation
9181,CHEMBL3918769,Epidermal growth factor receptor erbB1,Wild Type,100.0,<,nM,censored_relation
9182,CHEMBL3915988,Epidermal growth factor receptor erbB1,Wild Type,100.0,<,nM,censored_relation
9183,CHEMBL3979065,Epidermal growth factor receptor erbB1,Wild Type,100.0,<,nM,censored_relation
9184,CHEMBL3974608,Epidermal growth factor receptor erbB1,Wild Type,100.0,<,nM,censored_relation
9185,CHEMBL3968247,Epidermal growth factor receptor erbB1,Wild Type,100.0,<,nM,censored_relation
9186,CHEMBL3946116,Epidermal growth factor receptor erbB1,Wild Type,1000.0,<,nM,censored_relation
9187,CHEMBL3961740,Epidermal growth factor receptor erbB1,Wild Type,100.0,<,nM,censored_relation
9188,CHEMBL3952208,Epidermal growth factor receptor erbB1,Wild Type,1000.0,<,nM,censored_relation
9189,CHEMBL3896094,Epidermal growth factor receptor erbB1,Wild Type,100.0,<,nM,censored_relation
9190,CHEMBL3898780,Epidermal growth factor receptor erbB1,Wild Type,100.0,<,nM,censored_relation
9191,CHEMBL3947685,Epidermal growth factor receptor erbB1,Wild Type,100.0,<,nM,censored_relation
9192,CHEMBL3950325,Epidermal growth factor receptor erbB1,Wild Type,1000.0,<,nM,censored_relation
9193,CHEMBL3902796,Epidermal growth factor receptor erbB1,Wild Type,1000.0,<,nM,censored_relation
9194,CHEMBL3930321,Epidermal growth factor receptor erbB1,Wild Type,100.0,<,nM,censored_relation
9195,CHEMBL3971629,Epidermal growth factor receptor erbB1,Wild Type,1000.0,<,nM,censored_relation
9196,CHEMBL3901509,Epidermal growth factor receptor erbB1,Wild Type,100.0,<,nM,censored_relation
9197,CHEMBL3944142,Epidermal growth factor receptor erbB1,Wild Type,1000.0,<,nM,censored_relation
9198,CHEMBL3934382,Epidermal growth factor receptor erbB1,Wild Type,100.0,<,nM,censored_relation
9199,CHEMBL3982596,Epidermal growth factor receptor erbB1,Wild Type,1000.0,<,nM,censored_relation
9200,CHEMBL3980159,Epidermal growth factor receptor erbB1,Wild Type,100.0,<,nM,censored_relation
9201,CHEMBL3930497,Epidermal growth factor receptor erbB1,Wild Type,100.0,<,nM,censored_relation
9202,CHEMBL3927744,Epidermal growth factor receptor erbB1,Wild Type,100.0,<,nM,censored_relation
9203,CHEMBL3899043,Epidermal growth factor receptor erbB1,Wild Type,100.0,<,nM,censored_relation
9204,CHEMBL3896361,Epidermal growth factor receptor erbB1,Wild Type,100.0,<,nM,censored_relation
9205,CHEMBL3951670,Epidermal growth factor receptor erbB1,Wild Type,100.0,<,nM,censored_relation
9206,CHEMBL3942170,Epidermal growth factor receptor erbB1,Wild Type,100.0,<,nM,censored_relation
9207,CHEMBL3921580,Epidermal growth factor receptor erbB1,Wild Type,100.0,<,nM,censored_relation
9208,CHEMBL3918852,Epidermal growth factor receptor erbB1,Wild Type,100.0,<,nM,censored_relation
9209,CHEMBL3981549,Epidermal growth factor receptor erbB1,Wild Type,100.0,<,nM,censored_relation
9210,CHEMBL3979137,Epidermal growth factor receptor erbB1,Wild Type,100.0,<,nM,censored_relation
9211,CHEMBL3907119,Epidermal growth factor receptor erbB1,Wild Type,100.0,<,nM,censored_relation
9212,CHEMBL3904361,Epidermal growth factor receptor erbB1,Wild Type,1000.0,<,nM,censored_relation
9213,CHEMBL3968197,Epidermal growth factor receptor erbB1,Wild Type,100.0,<,nM,censored_relation
9214,CHEMBL3956400,Epidermal growth factor receptor erbB1,Wild Type,1000.0,<,nM,censored_relation
9215,CHEMBL3985754,Epidermal growth factor receptor erbB1,Wild Type,100.0,<,nM,censored_relation
9216,CHEMBL3983122,Epidermal growth factor receptor erbB1,Wild Type,1000.0,<,nM,censored_relation
9217,CHEMBL3895710,Epidermal growth factor receptor erbB1,Wild Type,1000.0,<,nM,censored_relation
9218,CHEMBL3898403,Epidermal growth factor receptor erbB1,Wild Type,100.0,<,nM,censored_relation
9219,CHEMBL3938043,Epidermal growth factor receptor erbB1,Wild Type,100.0,<,nM,censored_relation
9220,CHEMBL3936478,Epidermal growth factor receptor erbB1,Wild Type,1000.0,<,nM,censored_relation
9221,CHEMBL3973285,Epidermal growth factor receptor erbB1,Wild Type,1000.0,<,nM,censored_relation
9222,CHEMBL3982002,Epidermal growth factor receptor erbB1,Wild Type,100.0,<,nM,censored_relation
9223,CHEMBL3919366,Epidermal growth factor receptor erbB1,Wild Type,1000.0,<,nM,censored_relation
9224,CHEMBL3922091,Epidermal growth factor receptor erbB1,Wild Type,1000.0,<,nM,censored_relation
9225,CHEMBL3959181,Epidermal growth factor receptor erbB1,Wild Type,1000.0,<,nM,censored_relation
9226,CHEMBL3961913,Epidermal growth factor receptor erbB1,Wild Type,100.0,<,nM,censored_relation
9227,CHEMBL3930141,Epidermal growth factor receptor erbB1,Wild Type,1000.0,<,nM,censored_relation
9228,CHEMBL3927429,Epidermal growth factor receptor erbB1,Wild Type,100.0,<,nM,censored_relation
9229,CHEMBL3973106,Epidermal growth factor receptor erbB1,Wild Type,100.0,<,nM,censored_relation
9230,CHEMBL3940382,Epidermal growth factor receptor erbB1,Wild Type,1000.0,<,nM,censored_relation
9231,CHEMBL3915736,Epidermal growth factor receptor erbB1,Wild Type,100.0,<,nM,censored_relation
9232,CHEMBL3890844,Epidermal growth factor receptor erbB1,Wild Type,1000.0,<,nM,censored_relation
9233,CHEMBL3953464,Epidermal growth factor receptor erbB1,Wild Type,1000.0,<,nM,censored_relation
9234,CHEMBL3950784,Epidermal growth factor receptor erbB1,Wild Type,1000.0,<,nM,censored_relation
9235,CHEMBL3894261,Epidermal growth factor receptor erbB1,Wild Type,100.0,<,nM,censored_relation
9236,CHEMBL3963200,Epidermal growth factor receptor erbB1,Wild Type,100.0,<,nM,censored_relation
9237,CHEMBL3931447,Epidermal growth factor receptor erbB1,Wild Type,1000.0,<,nM,censored_relation
9238,CHEMBL3934152,Epidermal growth factor receptor erbB1,Wild Type,100.0,<,nM,censored_relation
9239,CHEMBL3970170,Epidermal growth factor receptor erbB1,Wild Type,1000.0,<,nM,censored_relation
9240,CHEMBL3896138,Epidermal growth factor receptor erbB1,Wild Type,1000.0,<,nM,censored_relation
9241,CHEMBL3945814,Epidermal growth factor receptor erbB1,Wild Type,1000.0,<,nM,censored_relation
9242,CHEMBL3948450,Epidermal growth factor receptor erbB1,Wild Type,1000.0,<,nM,censored_relation
9243,CHEMBL3907857,Epidermal growth factor receptor erbB1,Wild Type,100.0,<,nM,censored_relation
9244,CHEMBL3910640,Epidermal growth factor receptor erbB1,Wild Type,1000.0,<,nM,censored_relation
9245,CHEMBL3968940,Epidermal growth factor receptor erbB1,Wild Type,100.0,<,nM,censored_relation
9246,CHEMBL3971673,Epidermal growth factor receptor erbB1,Wild Type,1000.0,<,nM,censored_relation
9248,CHEMBL3896493,Epidermal growth factor receptor erbB1,Wild Type,1000.0,<,nM,censored_relation
9249,CHEMBL3914814,Epidermal growth factor receptor erbB1,Wild Type,100.0,<,nM,censored_relation
9250,CHEMBL3948809,Epidermal growth factor receptor erbB1,Wild Type,1000.0,<,nM,censored_relation
9251,CHEMBL3913651,Epidermal growth factor receptor erbB1,Wild Type,1000.0,<,nM,censored_relation
9252,CHEMBL3910989,Epidermal growth factor receptor erbB1,Wild Type,100.0,<,nM,censored_relation
9253,CHEMBL3903866,Epidermal growth factor receptor erbB1,Wild Type,1000.0,<,nM,censored_relation
9254,CHEMBL3972006,Epidermal growth factor receptor erbB1,Wild Type,1000.0,<,nM,censored_relation
9255,CHEMBL3891415,Epidermal growth factor receptor erbB1,Wild Type,100.0,<,nM,censored_relation
9256,CHEMBL3986506,Epidermal growth factor receptor erbB1,Wild Type,100.0,<,nM,censored_relation
9257,CHEMBL3913225,Epidermal growth factor receptor erbB1,Wild Type,1000.0,<,nM,censored_relation
9258,CHEMBL3923001,Epidermal growth factor receptor erbB1,Wild Type,1000.0,<,nM,censored_relation
9259,CHEMBL3957811,Epidermal growth factor receptor erbB1,Wild Type,100.0,<,nM,censored_relation
9260,CHEMBL3960482,Epidermal growth factor receptor erbB1,Wild Type,100.0,<,nM,censored_relation
9261,CHEMBL3983732,Epidermal growth factor receptor erbB1,Wild Type,100.0,<,nM,censored_relation
9263,CHEMBL3974124,Epidermal growth factor receptor erbB1,Wild Type,100.0,<,nM,censored_relation
9265,CHEMBL3964932,Epidermal growth factor receptor erbB1,Wild Type,100.0,<,nM,censored_relation
9267,CHEMBL3969290,Epidermal growth factor receptor erbB1,Wild Type,1000.0,<,nM,censored_relation
9268,CHEMBL3957456,Epidermal growth factor receptor erbB1,Wild Type,1000.0,<,nM,censored_relation
9269,CHEMBL3908198,Epidermal growth factor receptor erbB1,Wild Type,1000.0,<,nM,censored_relation
9270,CHEMBL3905410,Epidermal growth factor receptor erbB1,Wild Type,100.0,<,nM,censored_relation
9271,CHEMBL3953680,Epidermal growth factor receptor erbB1,Wild Type,1000.0,<,nM,censored_relation
9272,CHEMBL3951002,Epidermal growth factor receptor erbB1,Wild Type,1000.0,<,nM,censored_relation
9273,CHEMBL3893256,Epidermal growth factor receptor erbB1,Wild Type,100.0,<,nM,censored_relation
9274,CHEMBL3919927,Epidermal growth factor receptor erbB1,Wild Type,1000.0,<,nM,censored_relation
9275,CHEMBL3976565,Epidermal growth factor receptor erbB1,Wild Type,1000.0,<,nM,censored_relation
9276,CHEMBL3967372,Epidermal growth factor receptor erbB1,Wild Type,1000.0,<,nM,censored_relation
9277,CHEMBL3910511,Epidermal growth factor receptor erbB1,Wild Type,1000.0,<,nM,censored_relation
9278,CHEMBL3913169,Epidermal growth factor receptor erbB1,Wild Type,100.0,<,nM,censored_relation
9279,CHEMBL3940222,Epidermal growth factor receptor erbB1,Wild Type,100.0,<,nM,censored_relation
9280,CHEMBL3944498,Epidermal growth factor receptor erbB1,Wild Type,100.0,<,nM,censored_relation
9281,CHEMBL3896003,Epidermal growth factor receptor erbB1,Wild Type,100.0,<,nM,censored_relation
9282,CHEMBL3898691,Epidermal growth factor receptor erbB1,Wild Type,100.0,<,nM,censored_relation
9283,CHEMBL3899525,Epidermal growth factor receptor erbB1,Wild Type,100.0,<,nM,censored_relation
9284,CHEMBL3957736,Epidermal growth factor receptor erbB1,Wild Type,100.0,<,nM,censored_relation
9285,CHEMBL3918216,Epidermal growth factor receptor erbB1,Wild Type,100.0,<,nM,censored_relation
9286,CHEMBL3920947,Epidermal growth factor receptor erbB1,Wild Type,100.0,<,nM,censored_relation
9287,CHEMBL3952960,Epidermal growth factor receptor erbB1,Wild Type,1000.0,<,nM,censored_relation
9288,CHEMBL3950255,Epidermal growth factor receptor erbB1,Wild Type,1000.0,<,nM,censored_relation
9289,CHEMBL3915154,Epidermal growth factor receptor erbB1,Wild Type,1000.0,<,nM,censored_relation
9290,CHEMBL3912500,Epidermal growth factor receptor erbB1,Wild Type,1000.0,<,nM,censored_relation
9291,CHEMBL3938801,Epidermal growth factor receptor erbB1,Wild Type,1000.0,<,nM,censored_relation
9292,CHEMBL3918624,Epidermal growth factor receptor erbB1,Wild Type,100.0,<,nM,censored_relation
9293,CHEMBL3941932,Epidermal growth factor receptor erbB1,Wild Type,1000.0,<,nM,censored_relation
9294,CHEMBL3890964,Epidermal growth factor receptor erbB1,Wild Type,1000.0,<,nM,censored_relation
9295,CHEMBL3986972,Epidermal growth factor receptor erbB1,Wild Type,1000.0,<,nM,censored_relation
9296,CHEMBL3984255,Epidermal growth factor receptor erbB1,Wild Type,1000.0,<,nM,censored_relation
9297,CHEMBL3909461,Epidermal growth factor receptor erbB1,Wild Type,1000.0,<,nM,censored_relation
9298,CHEMBL3930103,Epidermal growth factor receptor erbB1,Wild Type,1000.0,<,nM,censored_relation
9299,CHEMBL3967147,Epidermal growth factor receptor erbB1,Wild Type,1000.0,<,nM,censored_relation
9300,CHEMBL3972920,Epidermal growth factor receptor erbB1,Wild Type,1000.0,<,nM,censored_relation
9301,CHEMBL3905860,Epidermal growth factor receptor erbB1,Wild Type,1000.0,<,nM,censored_relation
9302,CHEMBL3915699,Epidermal growth factor receptor erbB1,Wild Type,1000.0,<,nM,censored_relation
9303,CHEMBL3950746,Epidermal growth factor receptor erbB1,Wild Type,1000.0,<,nM,censored_relation
9304,CHEMBL3953421,Epidermal growth factor receptor erbB1,Wild Type,1000.0,<,nM,censored_relation
9305,CHEMBL3963196,Epidermal growth factor receptor erbB1,Wild Type,1000.0,<,nM,censored_relation
9306,CHEMBL3894234,Epidermal growth factor receptor erbB1,Wild Type,1000.0,<,nM,censored_relation
9307,CHEMBL3949909,Epidermal growth factor receptor erbB1,Wild Type,1000.0,<,nM,censored_relation
9308,CHEMBL3934156,Epidermal growth factor receptor erbB1,Wild Type,1000.0,<,nM,censored_relation
9309,CHEMBL3982401,Epidermal growth factor receptor erbB1,Wild Type,1000.0,<,nM,censored_relation
9310,CHEMBL3979973,Epidermal growth factor receptor erbB1,Wild Type,1000.0,<,nM,censored_relation
9312,CHEMBL3927527,Epidermal growth factor receptor erbB1,Wild Type,1000.0,<,nM,censored_relation
9313,CHEMBL3973742,Epidermal growth factor receptor erbB1,Wild Type,1000.0,<,nM,censored_relation
9315,CHEMBL3908084,Epidermal growth factor receptor erbB1,Wild Type,1000.0,<,nM,censored_relation
9316,CHEMBL3898274,Epidermal growth factor receptor erbB1,Wild Type,1000.0,<,nM,censored_relation
9317,CHEMBL3894895,Epidermal growth factor receptor erbB1,Wild Type,1000.0,<,nM,censored_relation
9318,CHEMBL3907042,Epidermal growth factor receptor erbB1,Wild Type,1000.0,<,nM,censored_relation
9319,CHEMBL3951885,Epidermal growth factor receptor erbB1,Wild Type,1000.0,<,nM,censored_relation
9320,CHEMBL3918940,Epidermal growth factor receptor erbB1,Wild Type,1000.0,<,nM,censored_relation
9322,CHEMBL3972228,Epidermal growth factor receptor erbB1,Wild Type,1000.0,<,nM,censored_relation
9323,CHEMBL3955439,Epidermal growth factor receptor erbB1,Wild Type,1000.0,<,nM,censored_relation
9325,CHEMBL3946368,Epidermal growth factor receptor erbB1,Wild Type,1000.0,<,nM,censored_relation
9326,CHEMBL3949038,Epidermal growth factor receptor erbB1,Wild Type,1000.0,<,nM,censored_relation
9327,CHEMBL466397,Epidermal growth factor receptor erbB1,Wild Type,1000.0,<,nM,censored_relation
9328,CHEMBL3937247,Epidermal growth factor receptor erbB1,Wild Type,1000.0,<,nM,censored_relation
9329,CHEMBL3901948,Epidermal growth factor receptor erbB1,Wild Type,1000.0,<,nM,censored_relation
9330,CHEMBL3892197,Epidermal growth factor receptor erbB1,Wild Type,1000.0,<,nM,censored_relation
9331,CHEMBL3954082,Epidermal growth factor receptor erbB1,Wild Type,1000.0,<,nM,censored_relation
9332,CHEMBL3951411,Epidermal growth factor receptor erbB1,Wild Type,1000.0,<,nM,censored_relation
9333,CHEMBL3980301,Epidermal growth factor receptor erbB1,Wild Type,100.0,<,nM,censored_relation
9334,CHEMBL448929,Epidermal growth factor receptor erbB1,Wild Type,100.0,<,nM,censored_relation
9335,CHEMBL3947574,Epidermal growth factor receptor erbB1,Wild Type,100.0,<,nM,censored_relation
9336,CHEMBL3944957,Epidermal growth factor receptor erbB1,Wild Type,100.0,<,nM,censored_relation
9337,CHEMBL3959145,Epidermal growth factor receptor erbB1,Wild Type,1000.0,<,nM,censored_relation
9338,CHEMBL3894686,Epidermal growth factor receptor erbB1,Wild Type,1000.0,<,nM,censored_relation
9339,CHEMBL3929955,Epidermal growth factor receptor erbB1,Wild Type,1000.0,<,nM,censored_relation
9340,CHEMBL3932707,Epidermal growth factor receptor erbB1,Wild Type,1000.0,<,nM,censored_relation
9341,CHEMBL3951527,Epidermal growth factor receptor erbB1,Wild Type,50.0,<,nM,censored_relation
9342,CHEMBL3544983,Epidermal growth factor receptor erbB1,Wild Type,50.0,<,nM,censored_relation
9343,CHEMBL3968192,Epidermal growth factor receptor erbB1,Wild Type,50.0,<,nM,censored_relation
9344,CHEMBL3977450,Epidermal growth factor receptor erbB1,Wild Type,50.0,<,nM,censored_relation
9345,CHEMBL3959516,Epidermal growth factor receptor erbB1,Wild Type,50.0,<,nM,censored_relation
9346,CHEMBL3956820,Epidermal growth factor receptor erbB1,Wild Type,50.0,<,nM,censored_relation
9347,CHEMBL3893890,Epidermal growth factor receptor erbB1,Wild Type,50.0,<,nM,censored_relation
9348,CHEMBL3928396,Epidermal growth factor receptor erbB1,Wild Type,50.0,<,nM,censored_relation
9349,CHEMBL3946242,Epidermal growth factor receptor erbB1,Wild Type,50.0,<,nM,censored_relation
9350,CHEMBL3943570,Epidermal growth factor receptor erbB1,Wild Type,50.0,<,nM,censored_relation
9351,CHEMBL3908311,Epidermal growth factor receptor erbB1,Wild Type,50.0,<,nM,censored_relation
9352,CHEMBL3905501,Epidermal growth factor receptor erbB1,Wild Type,50.0,<,nM,censored_relation
9353,CHEMBL3924147,Epidermal growth factor receptor erbB1,Wild Type,50.0,<,nM,censored_relation
9354,CHEMBL3971781,Epidermal growth factor receptor erbB1,Wild Type,50.0,<,nM,censored_relation
9355,CHEMBL3914441,Epidermal growth factor receptor erbB1,Wild Type,50.0,<,nM,censored_relation
9356,CHEMBL3917220,Epidermal growth factor receptor erbB1,Wild Type,50.0,<,nM,censored_relation
9357,CHEMBL3968522,Epidermal growth factor receptor erbB1,Wild Type,50.0,<,nM,censored_relation
9358,CHEMBL3977759,Epidermal growth factor receptor erbB1,Wild Type,50.0,<,nM,censored_relation
9359,CHEMBL3928883,Epidermal growth factor receptor erbB1,Wild Type,50.0,<,nM,censored_relation
9360,CHEMBL3931623,Epidermal growth factor receptor erbB1,Wild Type,50.0,<,nM,censored_relation
9361,CHEMBL3959774,Epidermal growth factor receptor erbB1,Wild Type,50.0,<,nM,censored_relation
9362,CHEMBL3962487,Epidermal growth factor receptor erbB1,Wild Type,50.0,<,nM,censored_relation
9363,CHEMBL3922278,Epidermal growth factor receptor erbB1,Wild Type,50.0,<,nM,censored_relation
9364,CHEMBL3924998,Epidermal growth factor receptor erbB1,Wild Type,50.0,<,nM,censored_relation
9365,CHEMBL3896122,Epidermal growth factor receptor erbB1,Wild Type,50.0,<,nM,censored_relation
9366,CHEMBL3893416,Epidermal growth factor receptor erbB1,Wild Type,50.0,<,nM,censored_relation
9367,CHEMBL3934134,Epidermal growth factor receptor erbB1,Wild Type,50.0,<,nM,censored_relation
9368,CHEMBL3931427,Epidermal growth factor receptor erbB1,Wild Type,50.0,<,nM,censored_relation
9369,CHEMBL3940489,Epidermal growth factor receptor erbB1,Wild Type,50.0,<,nM,censored_relation
9370,CHEMBL3900059,Epidermal growth factor receptor erbB1,Wild Type,50.0,<,nM,censored_relation
9371,CHEMBL3947712,Epidermal growth factor receptor erbB1,Wild Type,50.0,<,nM,censored_relation
9372,CHEMBL3945072,Epidermal growth factor receptor erbB1,Wild Type,50.0,<,nM,censored_relation
9373,CHEMBL3986135,Epidermal growth factor receptor erbB1,Wild Type,50.0,<,nM,censored_relation
9374,CHEMBL3983466,Epidermal growth factor receptor erbB1,Wild Type,50.0,<,nM,censored_relation
9375,CHEMBL3917294,Epidermal growth factor receptor erbB1,Wild Type,50.0,<,nM,censored_relation
9376,CHEMBL3920036,Epidermal growth factor receptor erbB1,Wild Type,50.0,<,nM,censored_relation
9377,CHEMBL3946590,Epidermal growth factor receptor erbB1,Wild Type,50.0,<,nM,censored_relation
9378,CHEMBL3986404,Epidermal growth factor receptor erbB1,Wild Type,50.0,<,nM,censored_relation
9379,CHEMBL3961005,Epidermal growth factor receptor erbB1,Wild Type,50.0,<,nM,censored_relation
9380,CHEMBL3958481,Epidermal growth factor receptor erbB1,Wild Type,50.0,<,nM,censored_relation
9381,CHEMBL3919145,Epidermal growth factor receptor erbB1,Wild Type,50.0,<,nM,censored_relation
9382,CHEMBL3895424,Epidermal growth factor receptor erbB1,Wild Type,50.0,<,nM,censored_relation
9383,CHEMBL3964605,Epidermal growth factor receptor erbB1,Wild Type,50.0,<,nM,censored_relation
9384,CHEMBL3955486,Epidermal growth factor receptor erbB1,Wild Type,50.0,<,nM,censored_relation
9385,CHEMBL3924380,Epidermal growth factor receptor erbB1,Wild Type,50.0,<,nM,censored_relation
9386,CHEMBL3921689,Epidermal growth factor receptor erbB1,Wild Type,50.0,<,nM,censored_relation
9387,CHEMBL3955359,Epidermal growth factor receptor erbB1,Wild Type,50.0,<,nM,censored_relation
9388,CHEMBL3964556,Epidermal growth factor receptor erbB1,Wild Type,50.0,<,nM,censored_relation
9389,CHEMBL3910031,Epidermal growth factor receptor erbB1,Wild Type,50.0,<,nM,censored_relation
9390,CHEMBL3907230,Epidermal growth factor receptor erbB1,Wild Type,50.0,<,nM,censored_relation
9391,CHEMBL3895458,Epidermal growth factor receptor erbB1,Wild Type,50.0,<,nM,censored_relation
9392,CHEMBL3959160,Epidermal growth factor receptor erbB1,Wild Type,50.0,<,nM,censored_relation
9393,CHEMBL3932115,Epidermal growth factor receptor erbB1,Wild Type,50.0,<,nM,censored_relation
9394,CHEMBL3929354,Epidermal growth factor receptor erbB1,Wild Type,50.0,<,nM,censored_relation
9395,CHEMBL3968322,Epidermal growth factor receptor erbB1,Wild Type,50.0,<,nM,censored_relation
9396,CHEMBL3928696,Epidermal growth factor receptor erbB1,Wild Type,50.0,<,nM,censored_relation
9397,CHEMBL3926038,Epidermal growth factor receptor erbB1,Wild Type,50.0,<,nM,censored_relation
9398,CHEMBL3952048,Epidermal growth factor receptor erbB1,Wild Type,50.0,<,nM,censored_relation
9399,CHEMBL3949434,Epidermal growth factor receptor erbB1,Wild Type,50.0,<,nM,censored_relation
9400,CHEMBL3914264,Epidermal growth factor receptor erbB1,Wild Type,50.0,<,nM,censored_relation
9401,CHEMBL3904510,Epidermal growth factor receptor erbB1,Wild Type,50.0,<,nM,censored_relation
9402,CHEMBL3958507,Epidermal growth factor receptor erbB1,Wild Type,50.0,<,nM,censored_relation
9403,CHEMBL3955873,Epidermal growth factor receptor erbB1,Wild Type,50.0,<,nM,censored_relation
9404,CHEMBL3922630,Epidermal growth factor receptor erbB1,Wild Type,50.0,<,nM,censored_relation
9405,CHEMBL3943632,Epidermal growth factor receptor erbB1,Wild Type,50.0,<,nM,censored_relation
9406,CHEMBL3979687,Epidermal growth factor receptor erbB1,Wild Type,50.0,<,nM,censored_relation
9407,CHEMBL3954731,Epidermal growth factor receptor erbB1,Wild Type,50.0,<,nM,censored_relation
9408,CHEMBL3919501,Epidermal growth factor receptor erbB1,Wild Type,50.0,<,nM,censored_relation
9409,CHEMBL3929188,Epidermal growth factor receptor erbB1,Wild Type,50.0,<,nM,censored_relation
9410,CHEMBL3949535,Epidermal growth factor receptor erbB1,Wild Type,50.0,<,nM,censored_relation
9411,CHEMBL3968843,Epidermal growth factor receptor erbB1,Wild Type,50.0,<,nM,censored_relation
9412,CHEMBL3905012,Epidermal growth factor receptor erbB1,Wild Type,50.0,<,nM,censored_relation
9413,CHEMBL3907764,Epidermal growth factor receptor erbB1,Wild Type,50.0,<,nM,censored_relation
9414,CHEMBL3909626,Epidermal growth factor receptor erbB1,Wild Type,50.0,<,nM,censored_relation
9415,CHEMBL3896044,Epidermal growth factor receptor erbB1,Wild Type,50.0,<,nM,censored_relation
9416,CHEMBL3976826,Epidermal growth factor receptor erbB1,Wild Type,50.0,<,nM,censored_relation
9417,CHEMBL3916485,Epidermal growth factor receptor erbB1,Wild Type,50.0,<,nM,censored_relation
9418,CHEMBL3923250,Epidermal growth factor receptor erbB1,Wild Type,50.0,<,nM,censored_relation
9419,CHEMBL3936025,Epidermal growth factor receptor erbB1,Wild Type,50.0,<,nM,censored_relation
9420,CHEMBL3960730,Epidermal growth factor receptor erbB1,Wild Type,50.0,<,nM,censored_relation
9421,CHEMBL3913860,Epidermal growth factor receptor erbB1,Wild Type,50.0,<,nM,censored_relation
9422,CHEMBL3945353,Epidermal growth factor receptor erbB1,Wild Type,50.0,<,nM,censored_relation
9423,CHEMBL3942671,Epidermal growth factor receptor erbB1,Wild Type,50.0,<,nM,censored_relation
9424,CHEMBL3952188,Epidermal growth factor receptor erbB1,Wild Type,50.0,<,nM,censored_relation
9425,CHEMBL3984213,Epidermal growth factor receptor erbB1,Wild Type,50.0,<,nM,censored_relation
9426,CHEMBL3936151,Epidermal growth factor receptor erbB1,Wild Type,50.0,<,nM,censored_relation
9427,CHEMBL3945860,Epidermal growth factor receptor erbB1,Wild Type,50.0,<,nM,censored_relation
9428,CHEMBL3898088,Epidermal growth factor receptor erbB1,Wild Type,50.0,<,nM,censored_relation
9429,CHEMBL3900858,Epidermal growth factor receptor erbB1,Wild Type,50.0,<,nM,censored_relation
9430,CHEMBL3957171,Epidermal growth factor receptor erbB1,Wild Type,50.0,<,nM,censored_relation
9431,CHEMBL3959857,Epidermal growth factor receptor erbB1,Wild Type,50.0,<,nM,censored_relation
9432,CHEMBL3952693,Epidermal growth factor receptor erbB1,Wild Type,50.0,<,nM,censored_relation
9433,CHEMBL3977320,Epidermal growth factor receptor erbB1,Wild Type,50.0,<,nM,censored_relation
9434,CHEMBL3985840,Epidermal growth factor receptor erbB1,Wild Type,50.0,<,nM,censored_relation
9437,CHEMBL3937857,Epidermal growth factor receptor erbB1,Wild Type,50.0,<,nM,censored_relation
9440,CHEMBL3933848,Epidermal growth factor receptor erbB1,Wild Type,50.0,<,nM,censored_relation
9441,CHEMBL3944502,Epidermal growth factor receptor erbB1,Wild Type,50.0,<,nM,censored_relation
9442,CHEMBL3895848,Epidermal growth factor receptor erbB1,Wild Type,50.0,<,nM,censored_relation
9444,CHEMBL3952493,Epidermal growth factor receptor erbB1,Wild Type,50.0,<,nM,censored_relation
9446,CHEMBL3900296,Epidermal growth factor receptor erbB1,Wild Type,50.0,<,nM,censored_relation
9447,CHEMBL3903022,Epidermal growth factor receptor erbB1,Wild Type,50.0,<,nM,censored_relation
9448,CHEMBL3946018,Epidermal growth factor receptor erbB1,Wild Type,50.0,<,nM,censored_relation
9450,CHEMBL3914671,Epidermal growth factor receptor erbB1,Wild Type,50.0,<,nM,censored_relation
9451,CHEMBL3959254,Epidermal growth factor receptor erbB1,Wild Type,50.0,<,nM,censored_relation
9452,CHEMBL3960016,Epidermal growth factor receptor erbB1,Wild Type,50.0,<,nM,censored_relation
9453,CHEMBL3971864,Epidermal growth factor receptor erbB1,Wild Type,50.0,<,nM,censored_relation
9454,CHEMBL3983938,Epidermal growth factor receptor erbB1,Wild Type,50.0,<,nM,censored_relation
9455,CHEMBL3904481,Epidermal growth factor receptor erbB1,Wild Type,50.0,<,nM,censored_relation
9456,CHEMBL3952023,Epidermal growth factor receptor erbB1,Wild Type,50.0,<,nM,censored_relation
9457,CHEMBL3949400,Epidermal growth factor receptor erbB1,Wild Type,50.0,<,nM,censored_relation
9458,CHEMBL3900567,Epidermal growth factor receptor erbB1,Wild Type,50.0,<,nM,censored_relation
9459,CHEMBL3939717,Epidermal growth factor receptor erbB1,Wild Type,50.0,<,nM,censored_relation
9460,CHEMBL3938621,Epidermal growth factor receptor erbB1,Wild Type,50.0,<,nM,censored_relation
9461,CHEMBL3927549,Epidermal growth factor receptor erbB1,Wild Type,50.0,<,nM,censored_relation
9462,CHEMBL3977030,Epidermal growth factor receptor erbB1,Wild Type,50.0,<,nM,censored_relation
9463,CHEMBL3967776,Epidermal growth factor receptor erbB1,Wild Type,50.0,<,nM,censored_relation
9464,CHEMBL3893575,Epidermal growth factor receptor erbB1,Wild Type,50.0,<,nM,censored_relation
9465,CHEMBL3930406,Epidermal growth factor receptor erbB1,Wild Type,50.0,<,nM,censored_relation
9466,CHEMBL3952805,Epidermal growth factor receptor erbB1,Wild Type,50.0,<,nM,censored_relation
9467,CHEMBL3897215,Epidermal growth factor receptor erbB1,Wild Type,50.0,<,nM,censored_relation
9468,CHEMBL3898627,Epidermal growth factor receptor erbB1,Wild Type,50.0,<,nM,censored_relation
9469,CHEMBL3910064,Epidermal growth factor receptor erbB1,Wild Type,50.0,<,nM,censored_relation
9470,CHEMBL3959195,Epidermal growth factor receptor erbB1,Wild Type,50.0,<,nM,censored_relation
9472,CHEMBL3966752,Epidermal growth factor receptor erbB1,Wild Type,50.0,<,nM,censored_relation
9473,CHEMBL3986301,Epidermal growth factor receptor erbB1,Wild Type,50.0,<,nM,censored_relation
9474,CHEMBL3947408,Epidermal growth factor receptor erbB1,Wild Type,50.0,<,nM,censored_relation
9475,CHEMBL3944780,Epidermal growth factor receptor erbB1,Wild Type,50.0,<,nM,censored_relation
9476,CHEMBL3909596,Epidermal growth factor receptor erbB1,Wild Type,50.0,<,nM,censored_relation
9477,CHEMBL3906789,Epidermal growth factor receptor erbB1,Wild Type,50.0,<,nM,censored_relation
9478,CHEMBL3933123,Epidermal growth factor receptor erbB1,Wild Type,50.0,<,nM,censored_relation
9479,CHEMBL3930429,Epidermal growth factor receptor erbB1,Wild Type,50.0,<,nM,censored_relation
9480,CHEMBL3895123,Epidermal growth factor receptor erbB1,Wild Type,50.0,<,nM,censored_relation
9481,CHEMBL3983179,Epidermal growth factor receptor erbB1,Wild Type,50.0,<,nM,censored_relation
9482,CHEMBL3965096,Epidermal growth factor receptor erbB1,Wild Type,50.0,<,nM,censored_relation
9483,CHEMBL3952315,Epidermal growth factor receptor erbB1,Wild Type,50.0,<,nM,censored_relation
9484,CHEMBL3899485,Epidermal growth factor receptor erbB1,Wild Type,50.0,<,nM,censored_relation
9485,CHEMBL3923013,Epidermal growth factor receptor erbB1,Wild Type,50.0,<,nM,censored_relation
9486,CHEMBL3937598,Epidermal growth factor receptor erbB1,Wild Type,50.0,<,nM,censored_relation
9487,CHEMBL3955495,Epidermal growth factor receptor erbB1,Wild Type,50.0,<,nM,censored_relation
9488,CHEMBL3918670,Epidermal growth factor receptor erbB1,Wild Type,50.0,<,nM,censored_relation
9489,CHEMBL3978177,Epidermal growth factor receptor erbB1,Wild Type,50.0,<,nM,censored_relation
9490,CHEMBL3923153,Epidermal growth factor receptor erbB1,Wild Type,50.0,<,nM,censored_relation
9491,CHEMBL3925935,Epidermal growth factor receptor erbB1,Wild Type,50.0,<,nM,censored_relation
9492,CHEMBL3898808,Epidermal growth factor receptor erbB1,Wild Type,50.0,<,nM,censored_relation
9493,CHEMBL3910102,Epidermal growth factor receptor erbB1,Wild Type,50.0,<,nM,censored_relation
9494,CHEMBL3979195,Epidermal growth factor receptor erbB1,Wild Type,50.0,<,nM,censored_relation
9495,CHEMBL3981613,Epidermal growth factor receptor erbB1,Wild Type,50.0,<,nM,censored_relation
9496,CHEMBL3942082,Epidermal growth factor receptor erbB1,Wild Type,50.0,<,nM,censored_relation
9497,CHEMBL3949560,Epidermal growth factor receptor erbB1,Wild Type,50.0,<,nM,censored_relation
9498,CHEMBL3985254,Epidermal growth factor receptor erbB1,Wild Type,50.0,<,nM,censored_relation
9499,CHEMBL3897256,Epidermal growth factor receptor erbB1,Wild Type,50.0,<,nM,censored_relation
9500,CHEMBL3932578,Epidermal growth factor receptor erbB1,Wild Type,50.0,<,nM,censored_relation
9501,CHEMBL3935265,Epidermal growth factor receptor erbB1,Wild Type,50.0,<,nM,censored_relation
9502,CHEMBL3916759,Epidermal growth factor receptor erbB1,Wild Type,50.0,<,nM,censored_relation
9503,CHEMBL3919493,Epidermal growth factor receptor erbB1,Wild Type,50.0,<,nM,censored_relation
9504,CHEMBL3958678,Epidermal growth factor receptor erbB1,Wild Type,50.0,<,nM,censored_relation
9505,CHEMBL3956056,Epidermal growth factor receptor erbB1,Wild Type,50.0,<,nM,censored_relation
9506,CHEMBL3893032,Epidermal growth factor receptor erbB1,Wild Type,50.0,<,nM,censored_relation
9507,CHEMBL3890263,Epidermal growth factor receptor erbB1,Wild Type,50.0,<,nM,censored_relation
9509,CHEMBL3912287,Epidermal growth factor receptor erbB1,Wild Type,50.0,<,nM,censored_relation
9510,CHEMBL3906715,Epidermal growth factor receptor erbB1,Wild Type,50.0,<,nM,censored_relation
9511,CHEMBL3896927,Epidermal growth factor receptor erbB1,Wild Type,50.0,<,nM,censored_relation
9512,CHEMBL3968519,Epidermal growth factor receptor erbB1,Wild Type,50.0,<,nM,censored_relation
9513,CHEMBL3966040,Epidermal growth factor receptor erbB1,Wild Type,50.0,<,nM,censored_relation
9514,CHEMBL3949155,Epidermal growth factor receptor erbB1,Wild Type,50.0,<,nM,censored_relation
9515,CHEMBL3951755,Epidermal growth factor receptor erbB1,Wild Type,50.0,<,nM,censored_relation
9516,CHEMBL3904192,Epidermal growth factor receptor erbB1,Wild Type,50.0,<,nM,censored_relation
9517,CHEMBL3913993,Epidermal growth factor receptor erbB1,Wild Type,50.0,<,nM,censored_relation
9518,CHEMBL3944791,Epidermal growth factor receptor erbB1,Wild Type,50.0,<,nM,censored_relation
9519,CHEMBL3968030,Epidermal growth factor receptor erbB1,Wild Type,50.0,<,nM,censored_relation
9520,CHEMBL3897525,Epidermal growth factor receptor erbB1,Wild Type,50.0,<,nM,censored_relation
9521,CHEMBL3900295,Epidermal growth factor receptor erbB1,Wild Type,50.0,<,nM,censored_relation
9522,CHEMBL3928180,Epidermal growth factor receptor erbB1,Wild Type,50.0,<,nM,censored_relation
9523,CHEMBL3921228,Epidermal growth factor receptor erbB1,Wild Type,50.0,<,nM,censored_relation
9524,CHEMBL3895890,Epidermal growth factor receptor erbB1,Wild Type,50.0,<,nM,censored_relation
9525,CHEMBL3893176,Epidermal growth factor receptor erbB1,Wild Type,50.0,<,nM,censored_relation
9526,CHEMBL3933897,Epidermal growth factor receptor erbB1,Wild Type,50.0,<,nM,censored_relation
9527,CHEMBL3931193,Epidermal growth factor receptor erbB1,Wild Type,50.0,<,nM,censored_relation
9528,CHEMBL3979728,Epidermal growth factor receptor erbB1,Wild Type,50.0,<,nM,censored_relation
9529,CHEMBL3951403,Epidermal growth factor receptor erbB1,Wild Type,50.0,<,nM,censored_relation
9530,CHEMBL3944857,Epidermal growth factor receptor erbB1,Wild Type,50.0,<,nM,censored_relation
9531,CHEMBL3985896,Epidermal growth factor receptor erbB1,Wild Type,50.0,<,nM,censored_relation
9532,CHEMBL3983245,Epidermal growth factor receptor erbB1,Wild Type,50.0,<,nM,censored_relation
9533,CHEMBL3895645,Epidermal growth factor receptor erbB1,Wild Type,50.0,<,nM,censored_relation
9534,CHEMBL3965938,Epidermal growth factor receptor erbB1,Wild Type,50.0,<,nM,censored_relation
9535,CHEMBL3929942,Epidermal growth factor receptor erbB1,Wild Type,50.0,<,nM,censored_relation
9536,CHEMBL3932698,Epidermal growth factor receptor erbB1,Wild Type,50.0,<,nM,censored_relation
9537,CHEMBL3976896,Epidermal growth factor receptor erbB1,Wild Type,50.0,<,nM,censored_relation
9538,CHEMBL3979317,Epidermal growth factor receptor erbB1,Wild Type,50.0,<,nM,censored_relation
9539,CHEMBL3916297,Epidermal growth factor receptor erbB1,Wild Type,50.0,<,nM,censored_relation
9540,CHEMBL3919051,Epidermal growth factor receptor erbB1,Wild Type,50.0,<,nM,censored_relation
9541,CHEMBL3946469,Epidermal growth factor receptor erbB1,Wild Type,50.0,<,nM,censored_relation
9542,CHEMBL3965160,Epidermal growth factor receptor erbB1,Wild Type,50.0,<,nM,censored_relation
9543,CHEMBL3955447,Epidermal growth factor receptor erbB1,Wild Type,50.0,<,nM,censored_relation
9544,CHEMBL3932218,Epidermal growth factor receptor erbB1,Wild Type,50.0,<,nM,censored_relation
9545,CHEMBL3898138,Epidermal growth factor receptor erbB1,Wild Type,50.0,<,nM,censored_relation
9546,CHEMBL3916567,Epidermal growth factor receptor erbB1,Wild Type,50.0,<,nM,censored_relation
9547,CHEMBL3963821,Epidermal growth factor receptor erbB1,Wild Type,50.0,<,nM,censored_relation
9548,CHEMBL3947769,Epidermal growth factor receptor erbB1,Wild Type,50.0,<,nM,censored_relation
9549,CHEMBL3912646,Epidermal growth factor receptor erbB1,Wild Type,50.0,<,nM,censored_relation
9550,CHEMBL3914394,Epidermal growth factor receptor erbB1,Wild Type,50.0,<,nM,censored_relation
9551,CHEMBL3928439,Epidermal growth factor receptor erbB1,Wild Type,50.0,<,nM,censored_relation
9552,CHEMBL3925803,Epidermal growth factor receptor erbB1,Wild Type,50.0,<,nM,censored_relation
9553,CHEMBL3951258,Epidermal growth factor receptor erbB1,Wild Type,50.0,<,nM,censored_relation
9554,CHEMBL3953937,Epidermal growth factor receptor erbB1,Wild Type,50.0,<,nM,censored_relation
9555,CHEMBL3913496,Epidermal growth factor receptor erbB1,Wild Type,50.0,<,nM,censored_relation
9556,CHEMBL3916225,Epidermal growth factor receptor erbB1,Wild Type,50.0,<,nM,censored_relation
9557,CHEMBL3937092,Epidermal growth factor receptor erbB1,Wild Type,50.0,<,nM,censored_relation
9558,CHEMBL3939874,Epidermal growth factor receptor erbB1,Wild Type,50.0,<,nM,censored_relation
9559,CHEMBL3892030,Epidermal growth factor receptor erbB1,Wild Type,50.0,<,nM,censored_relation
9560,CHEMBL3901787,Epidermal growth factor receptor erbB1,Wild Type,50.0,<,nM,censored_relation
9561,CHEMBL3958778,Epidermal growth factor receptor erbB1,Wild Type,50.0,<,nM,censored_relation
9562,CHEMBL3961472,Epidermal growth factor receptor erbB1,Wild Type,50.0,<,nM,censored_relation
9563,CHEMBL3933398,Epidermal growth factor receptor erbB1,Wild Type,50.0,<,nM,censored_relation
9564,CHEMBL3923692,Epidermal growth factor receptor erbB1,Wild Type,50.0,<,nM,censored_relation
9565,CHEMBL3893845,Epidermal growth factor receptor erbB1,Wild Type,50.0,<,nM,censored_relation
9566,CHEMBL3970332,Epidermal growth factor receptor erbB1,Wild Type,50.0,<,nM,censored_relation
9567,CHEMBL3947700,Epidermal growth factor receptor erbB1,Wild Type,50.0,<,nM,censored_relation
9568,CHEMBL3945062,Epidermal growth factor receptor erbB1,Wild Type,50.0,<,nM,censored_relation
9569,CHEMBL3986123,Epidermal growth factor receptor erbB1,Wild Type,50.0,<,nM,censored_relation
9570,CHEMBL3983450,Epidermal growth factor receptor erbB1,Wild Type,50.0,<,nM,censored_relation
9571,CHEMBL3941200,Epidermal growth factor receptor erbB1,Wild Type,50.0,<,nM,censored_relation
9572,CHEMBL3959038,Epidermal growth factor receptor erbB1,Wild Type,50.0,<,nM,censored_relation
9573,CHEMBL3942387,Epidermal growth factor receptor erbB1,Wild Type,50.0,<,nM,censored_relation
9574,CHEMBL3982666,Epidermal growth factor receptor erbB1,Wild Type,50.0,<,nM,censored_relation
9575,CHEMBL3920114,Epidermal growth factor receptor erbB1,Wild Type,50.0,<,nM,censored_relation
9576,CHEMBL3894418,Epidermal growth factor receptor erbB1,Wild Type,50.0,<,nM,censored_relation
9577,CHEMBL3929966,Epidermal growth factor receptor erbB1,Wild Type,50.0,<,nM,censored_relation
9578,CHEMBL3969472,Epidermal growth factor receptor erbB1,Wild Type,50.0,<,nM,censored_relation
9579,CHEMBL3976226,Epidermal growth factor receptor erbB1,Wild Type,50.0,<,nM,censored_relation
9580,CHEMBL3931724,Epidermal growth factor receptor erbB1,Wild Type,50.0,<,nM,censored_relation
9581,CHEMBL3953606,Epidermal growth factor receptor erbB1,Wild Type,50.0,<,nM,censored_relation
9582,CHEMBL3918306,Epidermal growth factor receptor erbB1,Wild Type,50.0,<,nM,censored_relation
9583,CHEMBL3907879,Epidermal growth factor receptor erbB1,Wild Type,50.0,<,nM,censored_relation
9584,CHEMBL3905114,Epidermal growth factor receptor erbB1,Wild Type,50.0,<,nM,censored_relation
9585,CHEMBL3968956,Epidermal growth factor receptor erbB1,Wild Type,50.0,<,nM,censored_relation
9586,CHEMBL3966429,Epidermal growth factor receptor erbB1,Wild Type,50.0,<,nM,censored_relation
9587,CHEMBL3962355,Epidermal growth factor receptor erbB1,Wild Type,50.0,<,nM,censored_relation
9588,CHEMBL3959638,Epidermal growth factor receptor erbB1,Wild Type,50.0,<,nM,censored_relation
9589,CHEMBL3964536,Epidermal growth factor receptor erbB1,Wild Type,50.0,<,nM,censored_relation
9590,CHEMBL3917442,Epidermal growth factor receptor erbB1,Wild Type,50.0,<,nM,censored_relation
9591,CHEMBL3941402,Epidermal growth factor receptor erbB1,Wild Type,50.0,<,nM,censored_relation
9592,CHEMBL3892117,Epidermal growth factor receptor erbB1,Wild Type,50.0,<,nM,censored_relation
9593,CHEMBL3907215,Epidermal growth factor receptor erbB1,Wild Type,50.0,<,nM,censored_relation
9594,CHEMBL3904460,Epidermal growth factor receptor erbB1,Wild Type,50.0,<,nM,censored_relation
9595,CHEMBL3945177,Epidermal growth factor receptor erbB1,Wild Type,50.0,<,nM,censored_relation
9596,CHEMBL3937297,Epidermal growth factor receptor erbB1,Wild Type,50.0,<,nM,censored_relation
9597,CHEMBL3913719,Epidermal growth factor receptor erbB1,Wild Type,50.0,<,nM,censored_relation
9598,CHEMBL3911207,Epidermal growth factor receptor erbB1,Wild Type,50.0,<,nM,censored_relation
9599,CHEMBL3958466,Epidermal growth factor receptor erbB1,Wild Type,50.0,<,nM,censored_relation
9600,CHEMBL3955824,Epidermal growth factor receptor erbB1,Wild Type,50.0,<,nM,censored_relation
9601,CHEMBL3899410,Epidermal growth factor receptor erbB1,Wild Type,50.0,<,nM,censored_relation
9602,CHEMBL3896699,Epidermal growth factor receptor erbB1,Wild Type,50.0,<,nM,censored_relation
9603,CHEMBL3899440,Epidermal growth factor receptor erbB1,Wild Type,50.0,<,nM,censored_relation
9604,CHEMBL3977221,Epidermal growth factor receptor erbB1,Wild Type,50.0,<,nM,censored_relation
9605,CHEMBL3986102,Epidermal growth factor receptor erbB1,Wild Type,50.0,<,nM,censored_relation
9606,CHEMBL3942161,Epidermal growth factor receptor erbB1,Wild Type,50.0,<,nM,censored_relation
9607,CHEMBL3940839,Epidermal growth factor receptor erbB1,Wild Type,50.0,<,nM,censored_relation
9608,CHEMBL3971050,Epidermal growth factor receptor erbB1,Wild Type,50.0,<,nM,censored_relation
9609,CHEMBL3973632,Epidermal growth factor receptor erbB1,Wild Type,50.0,<,nM,censored_relation
9610,CHEMBL3931393,Epidermal growth factor receptor erbB1,Wild Type,50.0,<,nM,censored_relation
9611,CHEMBL3934095,Epidermal growth factor receptor erbB1,Wild Type,50.0,<,nM,censored_relation
9612,CHEMBL3914189,Epidermal growth factor receptor erbB1,Wild Type,50.0,<,nM,censored_relation
9613,CHEMBL3928601,Epidermal growth factor receptor erbB1,Wild Type,50.0,<,nM,censored_relation
9614,CHEMBL3962203,Epidermal growth factor receptor erbB1,Wild Type,50.0,<,nM,censored_relation
9615,CHEMBL3959495,Epidermal growth factor receptor erbB1,Wild Type,50.0,<,nM,censored_relation
9616,CHEMBL3916953,Epidermal growth factor receptor erbB1,Wild Type,50.0,<,nM,censored_relation
9617,CHEMBL3914180,Epidermal growth factor receptor erbB1,Wild Type,50.0,<,nM,censored_relation
9618,CHEMBL3977503,Epidermal growth factor receptor erbB1,Wild Type,50.0,<,nM,censored_relation
9619,CHEMBL3968233,Epidermal growth factor receptor erbB1,Wild Type,50.0,<,nM,censored_relation
9620,CHEMBL3939133,Epidermal growth factor receptor erbB1,Wild Type,50.0,<,nM,censored_relation
9621,CHEMBL3941947,Epidermal growth factor receptor erbB1,Wild Type,50.0,<,nM,censored_relation
9622,CHEMBL3952465,Epidermal growth factor receptor erbB1,Wild Type,50.0,<,nM,censored_relation
9623,CHEMBL3955083,Epidermal growth factor receptor erbB1,Wild Type,50.0,<,nM,censored_relation
9624,CHEMBL3921390,Epidermal growth factor receptor erbB1,Wild Type,50.0,<,nM,censored_relation
9625,CHEMBL3924098,Epidermal growth factor receptor erbB1,Wild Type,50.0,<,nM,censored_relation
9626,CHEMBL3958898,Epidermal growth factor receptor erbB1,Wild Type,50.0,<,nM,censored_relation
9627,CHEMBL3923449,Epidermal growth factor receptor erbB1,Wild Type,50.0,<,nM,censored_relation
9628,CHEMBL3906936,Epidermal growth factor receptor erbB1,Wild Type,50.0,<,nM,censored_relation
9629,CHEMBL3909744,Epidermal growth factor receptor erbB1,Wild Type,50.0,<,nM,censored_relation
9630,CHEMBL3891059,Epidermal growth factor receptor erbB1,Wild Type,50.0,<,nM,censored_relation
9631,CHEMBL3893846,Epidermal growth factor receptor erbB1,Wild Type,50.0,<,nM,censored_relation
9632,CHEMBL3981432,Epidermal growth factor receptor erbB1,Wild Type,50.0,<,nM,censored_relation
9633,CHEMBL3972712,Epidermal growth factor receptor erbB1,Wild Type,50.0,<,nM,censored_relation
9634,CHEMBL3921482,Epidermal growth factor receptor erbB1,Wild Type,50.0,<,nM,censored_relation
9635,CHEMBL3918761,Epidermal growth factor receptor erbB1,Wild Type,50.0,<,nM,censored_relation
9636,CHEMBL3939671,Epidermal growth factor receptor erbB1,Wild Type,50.0,<,nM,censored_relation
9637,CHEMBL3895129,Epidermal growth factor receptor erbB1,Wild Type,50.0,<,nM,censored_relation
9638,CHEMBL3935851,Epidermal growth factor receptor erbB1,Wild Type,50.0,<,nM,censored_relation
9639,CHEMBL3933130,Epidermal growth factor receptor erbB1,Wild Type,50.0,<,nM,censored_relation
9640,CHEMBL3891130,Epidermal growth factor receptor erbB1,Wild Type,50.0,<,nM,censored_relation
9641,CHEMBL3909603,Epidermal growth factor receptor erbB1,Wild Type,50.0,<,nM,censored_relation
9642,CHEMBL3965625,Epidermal growth factor receptor erbB1,Wild Type,50.0,<,nM,censored_relation
9643,CHEMBL3986082,Epidermal growth factor receptor erbB1,Wild Type,50.0,<,nM,censored_relation
9644,CHEMBL3945028,Epidermal growth factor receptor erbB1,Wild Type,50.0,<,nM,censored_relation
9645,CHEMBL3947643,Epidermal growth factor receptor erbB1,Wild Type,50.0,<,nM,censored_relation
9646,CHEMBL3921861,Epidermal growth factor receptor erbB1,Wild Type,50.0,<,nM,censored_relation
9647,CHEMBL3972940,Epidermal growth factor receptor erbB1,Wild Type,50.0,<,nM,censored_relation
9648,CHEMBL3923645,Epidermal growth factor receptor erbB1,Wild Type,50.0,<,nM,censored_relation
9649,CHEMBL3933359,Epidermal growth factor receptor erbB1,Wild Type,50.0,<,nM,censored_relation
9650,CHEMBL3893363,Epidermal growth factor receptor erbB1,Wild Type,50.0,<,nM,censored_relation
9651,CHEMBL3896067,Epidermal growth factor receptor erbB1,Wild Type,50.0,<,nM,censored_relation
9652,CHEMBL3976788,Epidermal growth factor receptor erbB1,Wild Type,50.0,<,nM,censored_relation
9653,CHEMBL3974328,Epidermal growth factor receptor erbB1,Wild Type,50.0,<,nM,censored_relation
9654,CHEMBL3909572,Epidermal growth factor receptor erbB1,Wild Type,50.0,<,nM,censored_relation
9655,CHEMBL3927849,Epidermal growth factor receptor erbB1,Wild Type,50.0,<,nM,censored_relation
9656,CHEMBL3961417,Epidermal growth factor receptor erbB1,Wild Type,50.0,<,nM,censored_relation
9657,CHEMBL3958721,Epidermal growth factor receptor erbB1,Wild Type,50.0,<,nM,censored_relation
9658,CHEMBL3943734,Epidermal growth factor receptor erbB1,Wild Type,50.0,<,nM,censored_relation
9659,CHEMBL3971560,Epidermal growth factor receptor erbB1,Wild Type,50.0,<,nM,censored_relation
9660,CHEMBL3939828,Epidermal growth factor receptor erbB1,Wild Type,50.0,<,nM,censored_relation
9661,CHEMBL3937048,Epidermal growth factor receptor erbB1,Wild Type,50.0,<,nM,censored_relation
9662,CHEMBL3916828,Epidermal growth factor receptor erbB1,Wild Type,50.0,<,nM,censored_relation
9663,CHEMBL3924442,Epidermal growth factor receptor erbB1,Wild Type,50.0,<,nM,censored_relation
9664,CHEMBL3890300,Epidermal growth factor receptor erbB1,Wild Type,50.0,<,nM,censored_relation
9665,CHEMBL3893058,Epidermal growth factor receptor erbB1,Wild Type,50.0,<,nM,censored_relation
9666,CHEMBL3985116,Epidermal growth factor receptor erbB1,Wild Type,50.0,<,nM,censored_relation
9667,CHEMBL3938869,Epidermal growth factor receptor erbB1,Wild Type,50.0,<,nM,censored_relation
9875,CHEMBL3960332,Epidermal growth factor receptor erbB1,Wild Type,100.0,<,nM,censored_relation
9876,CHEMBL3622645,Epidermal growth factor receptor erbB1,Wild Type,100.0,<,nM,censored_relation
10015,CHEMBL3930810,Epidermal growth factor receptor erbB1,Wild Type,1000.0,>,nM,censored_relation
10018,CHEMBL3954684,Epidermal growth factor receptor erbB1,Wild Type,1.0,<,nM,censored_relation
10020,CHEMBL3954273,Epidermal growth factor receptor erbB1,Wild Type,1.0,<,nM,censored_relation
10023,CHEMBL3973862,Epidermal growth factor receptor erbB1,Wild Type,1.0,<,nM,censored_relation
10025,CHEMBL3985134,Epidermal growth factor receptor erbB1,Wild Type,1.0,<,nM,censored_relation
10026,CHEMBL3956465,Epidermal growth factor receptor erbB1,Wild Type,1.0,<,nM,censored_relation
10027,CHEMBL3975588,Epidermal growth factor receptor erbB1,Wild Type,1.0,<,nM,censored_relation
10060,CHEMBL3622672,Epidermal growth factor receptor erbB1,Wild Type,100.0,<,nM,censored_relation
10061,CHEMBL3903725,Epidermal growth factor receptor erbB1,Wild Type,10000.0,>,nM,censored_relation
10062,CHEMBL3985592,Epidermal growth factor receptor erbB1,Wild Type,1.0,<,nM,censored_relation
10063,CHEMBL3956925,Epidermal growth factor receptor erbB1,Wild Type,1.0,<,nM,censored_relation
10066,CHEMBL3973190,Epidermal growth factor receptor erbB1,Wild Type,1.0,<,nM,censored_relation
10067,CHEMBL3967980,Epidermal growth factor receptor erbB1,Wild Type,2500.0,>,nM,censored_relation
10111,CHEMBL2047246,Epidermal growth factor receptor erbB1,Wild Type,200000.0,>,nM,censored_relation
10114,CHEMBL3976755,Epidermal growth factor receptor erbB1,Wild Type,300000.0,>,nM,censored_relation
10115,CHEMBL3977751,Epidermal growth factor receptor erbB1,Wild Type,300000.0,>,nM,censored_relation
10118,CHEMBL3953855,Epidermal growth factor receptor erbB1,Wild Type,300000.0,>,nM,censored_relation
10119,CHEMBL3983639,Epidermal growth factor receptor erbB1,Wild Type,300000.0,>,nM,censored_relation
10145,CHEMBL4059610,Epidermal growth factor receptor erbB1,Wild Type,100000.0,>,nM,censored_relation
10148,CHEMBL4086731,Epidermal growth factor receptor erbB1,Wild Type,100000.0,>,nM,censored_relation
10150,CHEMBL4075892,Epidermal growth factor receptor erbB1,Wild Type,100000.0,>,nM,censored_relation
10151,CHEMBL4061912,Epidermal growth factor receptor erbB1,Wild Type,100000.0,>,nM,censored_relation
10154,CHEMBL4083305,Epidermal growth factor receptor erbB1,Wild Type,100000.0,>,nM,censored_relation
10155,CHEMBL4067556,Epidermal growth factor receptor erbB1,Wild Type,100000.0,>,nM,censored_relation
10156,CHEMBL4090323,Epidermal growth factor receptor erbB1,Wild Type,100000.0,>,nM,censored_relation
10159,CHEMBL4073285,Epidermal growth factor receptor erbB1,Wild Type,100000.0,>,nM,censored_relation
10166,CHEMBL4091284,Epidermal growth factor receptor erbB1,Wild Type,100000.0,>,nM,censored_relation
10167,CHEMBL4063427,Epidermal growth factor receptor erbB1,Wild Type,100000.0,>,nM,censored_relation
10214,CHEMBL1830034,Epidermal growth factor receptor erbB1,Wild Type,10000.0,>,nM,censored_relation
10225,CHEMBL1830034,Epidermal growth factor receptor erbB1,L858R,10000.0,>,nM,censored_relation
10228,CHEMBL4100647,Epidermal growth factor receptor erbB1,"L858R, T790M",10000.0,>,nM,censored_relation
10229,CHEMBL4094174,Epidermal growth factor receptor erbB1,"L858R, T790M",10000.0,>,nM,censored_relation
10230,CHEMBL4067373,Epidermal growth factor receptor erbB1,"L858R, T790M",10000.0,>,nM,censored_relation
10231,CHEMBL4094823,Epidermal growth factor receptor erbB1,"L858R, T790M",10000.0,>,nM,censored_relation
10232,CHEMBL4082840,Epidermal growth factor receptor erbB1,"L858R, T790M",10000.0,>,nM,censored_relation
10233,CHEMBL4088200,Epidermal growth factor receptor erbB1,"L858R, T790M",10000.0,>,nM,censored_relation
10234,CHEMBL4091166,Epidermal growth factor receptor erbB1,"L858R, T790M",10000.0,>,nM,censored_relation
10235,CHEMBL4063301,Epidermal growth factor receptor erbB1,"L858R, T790M",10000.0,>,nM,censored_relation
10236,CHEMBL1830034,Epidermal growth factor receptor erbB1,"L858R, T790M",10000.0,>,nM,censored_relation
10237,CHEMBL343352,Epidermal growth factor receptor erbB1,"L858R, T790M",10000.0,>,nM,censored_relation
10238,CHEMBL4082840,Epidermal growth factor receptor erbB1,"L858R, T790M",10000.0,>,nM,censored_relation
10243,CHEMBL4088200,Epidermal growth factor receptor erbB1,"L858R, T790M",10000.0,>,nM,censored_relation
10253,CHEMBL4099008,Epidermal growth factor receptor erbB1,Wild Type,1000.0,>,nM,censored_relation
10254,CHEMBL4093766,Epidermal growth factor receptor erbB1,Wild Type,1000.0,>,nM,censored_relation
10255,CHEMBL4073062,Epidermal growth factor receptor erbB1,Wild Type,1000.0,>,nM,censored_relation
10256,CHEMBL4101484,Epidermal growth factor receptor erbB1,Wild Type,1000.0,>,nM,censored_relation
10261,CHEMBL4097883,Epidermal growth factor receptor erbB1,Wild Type,1000.0,>,nM,censored_relation
10278,CHEMBL4101484,Epidermal growth factor receptor erbB1,"L858R, T790M",1000.0,>,nM,censored_relation
10290,CHEMBL4091628,Epidermal growth factor receptor erbB1,Wild Type,100.0,>,nM,censored_relation
10291,CHEMBL1171837,Epidermal growth factor receptor erbB1,Wild Type,1000.0,>,nM,censored_relation
10293,CHEMBL3822972,Epidermal growth factor receptor erbB1,Wild Type,50000.0,>,nM,censored_relation
10294,CHEMBL4085457,Epidermal growth factor receptor erbB1,Wild Type,50000.0,>,nM,censored_relation
10306,CHEMBL4069365,Epidermal growth factor receptor erbB1,Wild Type,10000.0,>,nM,censored_relation
10307,CHEMBL4097594,Epidermal growth factor receptor erbB1,"L858R, T790M",1.0,<,nM,censored_relation
10310,CHEMBL4068763,Epidermal growth factor receptor erbB1,"L858R, T790M",1.0,<,nM,censored_relation
10322,CHEMBL3353410,Epidermal growth factor receptor erbB1,"L858R, T790M",1.0,<,nM,censored_relation
10325,CHEMBL4065517,Epidermal growth factor receptor erbB1,"L858R, T790M",10000.0,>,nM,censored_relation
10332,CHEMBL4068763,Epidermal growth factor receptor erbB1,L858R,1.0,<,nM,censored_relation
10342,CHEMBL4060039,Epidermal growth factor receptor erbB1,L858R,1.0,<,nM,censored_relation
10345,CHEMBL4065517,Epidermal growth factor receptor erbB1,L858R,10000.0,>,nM,censored_relation
10348,CHEMBL4090330,Epidermal growth factor receptor erbB1,L858R,10000.0,>,nM,censored_relation
10352,CHEMBL4068763,Epidermal growth factor receptor erbB1,Wild Type,1.0,<,nM,censored_relation
10366,CHEMBL4065517,Epidermal growth factor receptor erbB1,Wild Type,10000.0,>,nM,censored_relation
10368,CHEMBL4069284,Epidermal growth factor receptor erbB1,Wild Type,10000.0,>,nM,censored_relation
10369,CHEMBL4090330,Epidermal growth factor receptor erbB1,Wild Type,10000.0,>,nM,censored_relation
10372,CHEMBL4071935,Epidermal growth factor receptor erbB1,Wild Type,150.0,>,nM,censored_relation
10373,CHEMBL4064174,Epidermal growth factor receptor erbB1,Wild Type,150.0,>,nM,censored_relation
10376,CHEMBL4099653,Epidermal growth factor receptor erbB1,Wild Type,150.0,>,nM,censored_relation
10377,CHEMBL4097454,Epidermal growth factor receptor erbB1,Wild Type,150.0,>,nM,censored_relation
10378,CHEMBL4061372,Epidermal growth factor receptor erbB1,Wild Type,150.0,>,nM,censored_relation
10379,CHEMBL4101828,Epidermal growth factor receptor erbB1,Wild Type,150.0,>,nM,censored_relation
10380,CHEMBL4070047,Epidermal growth factor receptor erbB1,Wild Type,150.0,>,nM,censored_relation
10381,CHEMBL4098758,Epidermal growth factor receptor erbB1,Wild Type,150.0,>,nM,censored_relation
10383,CHEMBL4079151,Epidermal growth factor receptor erbB1,Wild Type,150.0,>,nM,censored_relation
10384,CHEMBL4096625,Epidermal growth factor receptor erbB1,Wild Type,150.0,>,nM,censored_relation
10385,CHEMBL4087010,Epidermal growth factor receptor erbB1,Wild Type,150.0,>,nM,censored_relation
10386,CHEMBL4104875,Epidermal growth factor receptor erbB1,Wild Type,150.0,>,nM,censored_relation
10387,CHEMBL4094706,Epidermal growth factor receptor erbB1,Wild Type,150.0,>,nM,censored_relation
10396,CHEMBL4094040,Epidermal growth factor receptor erbB1,Wild Type,150.0,>,nM,censored_relation
10398,CHEMBL4072348,Epidermal growth factor receptor erbB1,Wild Type,150.0,>,nM,censored_relation
10400,CHEMBL4063757,Epidermal growth factor receptor erbB1,Wild Type,150.0,>,nM,censored_relation
10419,CHEMBL1642655,Epidermal growth factor receptor erbB1,Wild Type,19952.62,>,nM,censored_relation
10420,CHEMBL4073198,Epidermal growth factor receptor erbB1,Wild Type,19952.62,>,nM,censored_relation
10422,CHEMBL4083222,Epidermal growth factor receptor erbB1,Wild Type,100000.0,>,nM,censored_relation
10427,CHEMBL4080555,Epidermal growth factor receptor erbB1,Wild Type,100000.0,>,nM,censored_relation
10429,CHEMBL4102666,Epidermal growth factor receptor erbB1,Wild Type,100000.0,>,nM,censored_relation
10440,CHEMBL4087268,Epidermal growth factor receptor erbB1,L858R,1.0,<,nM,censored_relation
10442,CHEMBL4079393,Epidermal growth factor receptor erbB1,L858R,1.0,<,nM,censored_relation
10443,CHEMBL4098072,Epidermal growth factor receptor erbB1,L858R,1.0,<,nM,censored_relation
10444,CHEMBL4094927,Epidermal growth factor receptor erbB1,L858R,1.0,<,nM,censored_relation
10445,CHEMBL4100777,Epidermal growth factor receptor erbB1,L858R,1.0,<,nM,censored_relation
10448,CHEMBL4096980,Epidermal growth factor receptor erbB1,L858R,1.0,<,nM,censored_relation
10449,CHEMBL4078963,Epidermal growth factor receptor erbB1,L858R,1.0,<,nM,censored_relation
10453,CHEMBL4105526,Epidermal growth factor receptor erbB1,L858R,1.0,<,nM,censored_relation
10454,CHEMBL4100377,Epidermal growth factor receptor erbB1,L858R,1.0,<,nM,censored_relation
10455,CHEMBL4082362,Epidermal growth factor receptor erbB1,L858R,1.0,<,nM,censored_relation
10457,CHEMBL4100860,Epidermal growth factor receptor erbB1,L858R,1.0,<,nM,censored_relation
10458,CHEMBL4090686,Epidermal growth factor receptor erbB1,L858R,1.0,<,nM,censored_relation
10460,CHEMBL4098412,Epidermal growth factor receptor erbB1,L858R,1.0,<,nM,censored_relation
10461,CHEMBL4071368,Epidermal growth factor receptor erbB1,L858R,1.0,<,nM,censored_relation
10462,CHEMBL4060003,Epidermal growth factor receptor erbB1,L858R,1.0,<,nM,censored_relation
10474,CHEMBL4100860,Epidermal growth factor receptor erbB1,"L858R, T790M",1.0,<,nM,censored_relation
10478,CHEMBL4090686,Epidermal growth factor receptor erbB1,Wild Type,1.0,<,nM,censored_relation
10480,CHEMBL4079393,Epidermal growth factor receptor erbB1,Wild Type,1.0,<,nM,censored_relation
10481,CHEMBL4071368,Epidermal growth factor receptor erbB1,"L858R, T790M",1.0,<,nM,censored_relation
10489,CHEMBL4087268,Epidermal growth factor receptor erbB1,Wild Type,1.0,<,nM,censored_relation
10493,CHEMBL4071368,Epidermal growth factor receptor erbB1,Wild Type,1.0,<,nM,censored_relation
10494,CHEMBL4082362,Epidermal growth factor receptor erbB1,Wild Type,1.0,<,nM,censored_relation
10495,CHEMBL4096980,Epidermal growth factor receptor erbB1,Wild Type,1.0,<,nM,censored_relation
10500,CHEMBL4098072,Epidermal growth factor receptor erbB1,"L858R, T790M",1.0,<,nM,censored_relation
10501,CHEMBL1173655,Epidermal growth factor receptor erbB1,"L858R, T790M",1.0,<,nM,censored_relation
10503,CHEMBL4100377,Epidermal growth factor receptor erbB1,Wild Type,1.0,<,nM,censored_relation
10505,CHEMBL1173655,Epidermal growth factor receptor erbB1,Wild Type,1.0,<,nM,censored_relation
10507,CHEMBL4100777,Epidermal growth factor receptor erbB1,Wild Type,1.0,<,nM,censored_relation
10515,CHEMBL4098072,Epidermal growth factor receptor erbB1,Wild Type,1.0,<,nM,censored_relation
10518,CHEMBL4060003,Epidermal growth factor receptor erbB1,"L858R, T790M",1.0,<,nM,censored_relation
10523,CHEMBL1173655,Epidermal growth factor receptor erbB1,L858R,1.0,<,nM,censored_relation
10527,CHEMBL4100860,Epidermal growth factor receptor erbB1,Wild Type,1.0,<,nM,censored_relation
10538,CHEMBL4060003,Epidermal growth factor receptor erbB1,Wild Type,1.0,<,nM,censored_relation
10540,CHEMBL4078963,Epidermal growth factor receptor erbB1,Wild Type,1.0,<,nM,censored_relation
10542,CHEMBL4090686,Epidermal growth factor receptor erbB1,"L858R, T790M",1.0,<,nM,censored_relation
10544,CHEMBL4078963,Epidermal growth factor receptor erbB1,"L858R, T790M",1.0,<,nM,censored_relation
10555,CHEMBL4094927,Epidermal growth factor receptor erbB1,Wild Type,1.0,<,nM,censored_relation
10564,CHEMBL4083249,Epidermal growth factor receptor erbB1,Wild Type,10000.0,>,nM,censored_relation
10565,CHEMBL4089245,Epidermal growth factor receptor erbB1,Wild Type,10000.0,>,nM,censored_relation
10566,CHEMBL4068896,Epidermal growth factor receptor erbB1,Wild Type,10000.0,>,nM,censored_relation
10567,CHEMBL4077859,Epidermal growth factor receptor erbB1,Wild Type,10000.0,>,nM,censored_relation
10580,CHEMBL4074262,Epidermal growth factor receptor erbB1,Wild Type,30000.0,>,nM,censored_relation
10581,CHEMBL4074262,Epidermal growth factor receptor erbB1,T790M,30000.0,>,nM,censored_relation
10584,CHEMBL460702,Epidermal growth factor receptor erbB1,Wild Type,1000.0,>,nM,censored_relation
10585,CHEMBL4104302,Epidermal growth factor receptor erbB1,Wild Type,1000.0,>,nM,censored_relation
10595,CHEMBL4094739,Epidermal growth factor receptor erbB1,Wild Type,25000.0,>,nM,censored_relation
10604,CHEMBL4077123,Epidermal growth factor receptor erbB1,Wild Type,10000.0,>,nM,censored_relation
10670,CHEMBL3813873,Epidermal growth factor receptor erbB1,Wild Type,10000.0,>,nM,censored_relation
10712,CHEMBL4084214,Epidermal growth factor receptor erbB1,Wild Type,10000.0,>,nM,censored_relation
10714,CHEMBL4103121,Epidermal growth factor receptor erbB1,Wild Type,10000.0,>,nM,censored_relation
10716,CHEMBL4083739,Epidermal growth factor receptor erbB1,Wild Type,10000.0,>,nM,censored_relation
10744,CHEMBL4083739,Epidermal growth factor receptor erbB1,L858R,10000.0,>,nM,censored_relation
10771,CHEMBL4081698,Epidermal growth factor receptor erbB1,"L858R, T790M",10000.0,>,nM,censored_relation
10774,CHEMBL4084214,Epidermal growth factor receptor erbB1,"L858R, T790M",10000.0,>,nM,censored_relation
10776,CHEMBL4103121,Epidermal growth factor receptor erbB1,"L858R, T790M",10000.0,>,nM,censored_relation
10778,CHEMBL4083739,Epidermal growth factor receptor erbB1,"L858R, T790M",10000.0,>,nM,censored_relation
10781,CHEMBL4063701,Epidermal growth factor receptor erbB1,"L858R, T790M",10000.0,>,nM,censored_relation
10787,CHEMBL4090601,Epidermal growth factor receptor erbB1,"L858R, T790M",1.0,<,nM,censored_relation
10811,CHEMBL4065693,Epidermal growth factor receptor erbB1,Wild Type,10000.0,>,nM,censored_relation
10817,CHEMBL4061829,Epidermal growth factor receptor erbB1,Wild Type,0.3,<,nM,censored_relation
10818,CHEMBL4089892,Epidermal growth factor receptor erbB1,Wild Type,0.3,<,nM,censored_relation
10832,CHEMBL4071827,Epidermal growth factor receptor erbB1,Wild Type,0.3,<,nM,censored_relation
10840,CHEMBL4061829,Epidermal growth factor receptor erbB1,L858R,0.3,<,nM,censored_relation
10841,CHEMBL4089892,Epidermal growth factor receptor erbB1,L858R,0.3,<,nM,censored_relation
10855,CHEMBL4071827,Epidermal growth factor receptor erbB1,L858R,0.3,<,nM,censored_relation
10891,CHEMBL4101719,Epidermal growth factor receptor erbB1,Wild Type,0.5,<,nM,censored_relation
10893,CHEMBL3353410,Epidermal growth factor receptor erbB1,Wild Type,0.5,<,nM,censored_relation
10894,CHEMBL4082764,Epidermal growth factor receptor erbB1,Wild Type,0.5,<,nM,censored_relation
10895,CHEMBL4101719,Epidermal growth factor receptor erbB1,L858R,0.5,<,nM,censored_relation
10897,CHEMBL3353410,Epidermal growth factor receptor erbB1,L858R,0.5,<,nM,censored_relation
10898,CHEMBL4082764,Epidermal growth factor receptor erbB1,L858R,0.5,<,nM,censored_relation
10900,CHEMBL1229592,Epidermal growth factor receptor erbB1,"L858R, T790M",0.5,<,nM,censored_relation
10901,CHEMBL3353410,Epidermal growth factor receptor erbB1,"L858R, T790M",0.5,<,nM,censored_relation
10917,CHEMBL4080433,Epidermal growth factor receptor erbB1,"L858R, T790M",600.0,>,nM,censored_relation
10937,CHEMBL4080433,Epidermal growth factor receptor erbB1,L858R,600.0,>,nM,censored_relation
10944,CHEMBL4069277,Epidermal growth factor receptor erbB1,Wild Type,1000.0,>,nM,censored_relation
10945,CHEMBL4092788,Epidermal growth factor receptor erbB1,Wild Type,1000.0,>,nM,censored_relation
10993,CHEMBL4129209,Epidermal growth factor receptor erbB1,"C797S, L858R, T790M",500.0,>,nM,censored_relation
10994,CHEMBL4129287,Epidermal growth factor receptor erbB1,"C797S, L858R, T790M",500.0,>,nM,censored_relation
10995,CHEMBL4127897,Epidermal growth factor receptor erbB1,"C797S, L858R, T790M",500.0,>,nM,censored_relation
10996,CHEMBL4125840,Epidermal growth factor receptor erbB1,"C797S, L858R, T790M",500.0,>,nM,censored_relation
10997,CHEMBL4129138,Epidermal growth factor receptor erbB1,"C797S, L858R, T790M",500.0,>,nM,censored_relation
11042,CHEMBL4159161,Epidermal growth factor receptor erbB1,Wild Type,1000.0,>,nM,censored_relation
11043,CHEMBL4167072,Epidermal growth factor receptor erbB1,Wild Type,1000.0,>,nM,censored_relation
11044,CHEMBL4163707,Epidermal growth factor receptor erbB1,Wild Type,1000.0,>,nM,censored_relation
11045,CHEMBL4160581,Epidermal growth factor receptor erbB1,Wild Type,1000.0,>,nM,censored_relation
11046,CHEMBL4168473,Epidermal growth factor receptor erbB1,Wild Type,1000.0,>,nM,censored_relation
11047,CHEMBL4174347,Epidermal growth factor receptor erbB1,Wild Type,1000.0,>,nM,censored_relation
11052,CHEMBL4165199,Epidermal growth factor receptor erbB1,Wild Type,10000.0,>,nM,censored_relation
11063,CHEMBL939,Epidermal growth factor receptor erbB1,"L858R, T790M",2000.0,>,nM,censored_relation
11064,CHEMBL4173696,Epidermal growth factor receptor erbB1,"L858R, T790M",2000.0,>,nM,censored_relation
11065,CHEMBL4161938,Epidermal growth factor receptor erbB1,"L858R, T790M",2000.0,>,nM,censored_relation
11066,CHEMBL4173696,Epidermal growth factor receptor erbB1,T790M,1000.0,>,nM,censored_relation
11070,CHEMBL4176827,Epidermal growth factor receptor erbB1,"L858R, T790M",1000.0,>,nM,censored_relation
11078,CHEMBL4174523,Epidermal growth factor receptor erbB1,"L858R, T790M",1000.0,>,nM,censored_relation
11079,CHEMBL4170033,Epidermal growth factor receptor erbB1,"L858R, T790M",1000.0,>,nM,censored_relation
11084,CHEMBL4165126,Epidermal growth factor receptor erbB1,Wild Type,1000.0,>,nM,censored_relation
11085,CHEMBL4173032,Epidermal growth factor receptor erbB1,Wild Type,1000.0,>,nM,censored_relation
11086,CHEMBL4173470,Epidermal growth factor receptor erbB1,Wild Type,1000.0,>,nM,censored_relation
11088,CHEMBL4176827,Epidermal growth factor receptor erbB1,Wild Type,1000.0,>,nM,censored_relation
11089,CHEMBL4166210,Epidermal growth factor receptor erbB1,Wild Type,1000.0,>,nM,censored_relation
11091,CHEMBL4174523,Epidermal growth factor receptor erbB1,Wild Type,1000.0,>,nM,censored_relation
11092,CHEMBL4170033,Epidermal growth factor receptor erbB1,Wild Type,1000.0,>,nM,censored_relation
11093,CHEMBL4159404,Epidermal growth factor receptor erbB1,Wild Type,1000.0,>,nM,censored_relation
11122,CHEMBL4213741,Epidermal growth factor receptor erbB1,Wild Type,10000.0,>,nM,censored_relation
11126,CHEMBL4204566,Epidermal growth factor receptor erbB1,Wild Type,10000.0,>,nM,censored_relation
11165,CHEMBL4217207,Epidermal growth factor receptor erbB1,Wild Type,10000.0,>,nM,censored_relation
11272,CHEMBL939,Epidermal growth factor receptor erbB1,"L858R, T790M",1000.0,>,nM,censored_relation
11274,CHEMBL4216281,Epidermal growth factor receptor erbB1,"L858R, T790M",1000.0,>,nM,censored_relation
11275,CHEMBL4216798,Epidermal growth factor receptor erbB1,"L858R, T790M",1000.0,>,nM,censored_relation
11279,CHEMBL4217913,Epidermal growth factor receptor erbB1,"L858R, T790M",1000.0,>,nM,censored_relation
11283,CHEMBL301226,Epidermal growth factor receptor erbB1,"L858R, T790M",1000.0,>,nM,censored_relation
11284,CHEMBL4214035,Epidermal growth factor receptor erbB1,"L858R, T790M",1000.0,>,nM,censored_relation
11286,CHEMBL4216281,Epidermal growth factor receptor erbB1,Wild Type,1000.0,>,nM,censored_relation
11287,CHEMBL4216798,Epidermal growth factor receptor erbB1,Wild Type,1000.0,>,nM,censored_relation
11295,CHEMBL301226,Epidermal growth factor receptor erbB1,Wild Type,1000.0,>,nM,censored_relation
11296,CHEMBL4214035,Epidermal growth factor receptor erbB1,Wild Type,1000.0,>,nM,censored_relation
11297,CHEMBL4204920,Epidermal growth factor receptor erbB1,Wild Type,100000.0,>,nM,censored_relation
11308,CHEMBL4207984,Epidermal growth factor receptor erbB1,Wild Type,50000.0,>,nM,censored_relation
11309,CHEMBL4214588,Epidermal growth factor receptor erbB1,Wild Type,50000.0,>,nM,censored_relation
11310,CHEMBL4218431,Epidermal growth factor receptor erbB1,Wild Type,50000.0,>,nM,censored_relation
11316,CHEMBL4208852,Epidermal growth factor receptor erbB1,Wild Type,10000.0,>,nM,censored_relation
11317,CHEMBL4218175,Epidermal growth factor receptor erbB1,Wild Type,10000.0,>,nM,censored_relation
11409,CHEMBL4227490,Epidermal growth factor receptor erbB1,Wild Type,1000.0,>,nM,censored_relation
11410,CHEMBL4226646,Epidermal growth factor receptor erbB1,Wild Type,1000.0,>,nM,censored_relation
11411,CHEMBL4224812,Epidermal growth factor receptor erbB1,Wild Type,1000.0,>,nM,censored_relation
11413,CHEMBL4229049,Epidermal growth factor receptor erbB1,Wild Type,1000.0,>,nM,censored_relation
11414,CHEMBL4228216,Epidermal growth factor receptor erbB1,Wild Type,1000.0,>,nM,censored_relation
11419,CHEMBL4226254,Epidermal growth factor receptor erbB1,Wild Type,1000.0,>,nM,censored_relation
11427,CHEMBL4229266,Epidermal growth factor receptor erbB1,Wild Type,1000.0,>,nM,censored_relation
11428,CHEMBL4228018,Epidermal growth factor receptor erbB1,Wild Type,1000.0,>,nM,censored_relation
11429,CHEMBL4228848,Epidermal growth factor receptor erbB1,Wild Type,1000.0,>,nM,censored_relation
11431,CHEMBL4225571,Epidermal growth factor receptor erbB1,Wild Type,1000.0,>,nM,censored_relation
11437,CHEMBL4228216,Epidermal growth factor receptor erbB1,"L858R, T790M",1000.0,>,nM,censored_relation
11438,CHEMBL4229049,Epidermal growth factor receptor erbB1,"L858R, T790M",1000.0,>,nM,censored_relation
11440,CHEMBL4224812,Epidermal growth factor receptor erbB1,"L858R, T790M",1000.0,>,nM,censored_relation
11441,CHEMBL4226646,Epidermal growth factor receptor erbB1,"L858R, T790M",1000.0,>,nM,censored_relation
11469,CHEMBL4227278,Epidermal growth factor receptor erbB1,"L858R, T790M",10000.0,>,nM,censored_relation
11481,CHEMBL4227552,Epidermal growth factor receptor erbB1,Wild Type,10000.0,>,nM,censored_relation
11482,CHEMBL4226702,Epidermal growth factor receptor erbB1,Wild Type,10000.0,>,nM,censored_relation
11483,CHEMBL4227278,Epidermal growth factor receptor erbB1,Wild Type,10000.0,>,nM,censored_relation
11485,CHEMBL4229010,Epidermal growth factor receptor erbB1,Wild Type,10000.0,>,nM,censored_relation
11493,CHEMBL4228240,Epidermal growth factor receptor erbB1,Wild Type,500.0,>,nM,censored_relation
11494,CHEMBL4227082,Epidermal growth factor receptor erbB1,Wild Type,500.0,>,nM,censored_relation
11495,CHEMBL4225923,Epidermal growth factor receptor erbB1,Wild Type,1000.0,>,nM,censored_relation
11509,CHEMBL4224704,Epidermal growth factor receptor erbB1,Wild Type,1000.0,>,nM,censored_relation
11510,CHEMBL4225772,Epidermal growth factor receptor erbB1,Wild Type,1000.0,>,nM,censored_relation
11523,CHEMBL4245507,Epidermal growth factor receptor erbB1,Wild Type,1000.0,>,nM,censored_relation
11525,CHEMBL4251213,Epidermal growth factor receptor erbB1,T790M,100.0,>,nM,censored_relation
11526,CHEMBL4243975,Epidermal growth factor receptor erbB1,T790M,100.0,>,nM,censored_relation
11527,CHEMBL4247474,Epidermal growth factor receptor erbB1,T790M,100.0,>,nM,censored_relation
11528,CHEMBL4247870,Epidermal growth factor receptor erbB1,T790M,100.0,>,nM,censored_relation
11529,CHEMBL4237915,Epidermal growth factor receptor erbB1,Wild Type,200.0,>,nM,censored_relation
11530,CHEMBL4247926,Epidermal growth factor receptor erbB1,Wild Type,200.0,>,nM,censored_relation
11531,CHEMBL4240844,Epidermal growth factor receptor erbB1,Wild Type,200.0,>,nM,censored_relation
11532,CHEMBL4243157,Epidermal growth factor receptor erbB1,Wild Type,200.0,>,nM,censored_relation
11548,CHEMBL4285414,Epidermal growth factor receptor erbB1,Wild Type,100000.0,>,nM,censored_relation
11594,CHEMBL4276946,Epidermal growth factor receptor erbB1,Wild Type,100000.0,>,nM,censored_relation
11595,CHEMBL4281393,Epidermal growth factor receptor erbB1,Wild Type,10000.0,>,nM,censored_relation
11596,CHEMBL4277610,Epidermal growth factor receptor erbB1,Wild Type,10000.0,>,nM,censored_relation
11597,CHEMBL4292341,Epidermal growth factor receptor erbB1,Wild Type,10000.0,>,nM,censored_relation
11598,CHEMBL4292110,Epidermal growth factor receptor erbB1,Wild Type,10000.0,>,nM,censored_relation
11599,CHEMBL4284911,Epidermal growth factor receptor erbB1,Wild Type,10000.0,>,nM,censored_relation
11609,CHEMBL4293134,Epidermal growth factor receptor erbB1,Wild Type,10000.0,>,nM,censored_relation
11610,CHEMBL4281413,Epidermal growth factor receptor erbB1,Wild Type,10000.0,>,nM,censored_relation
11612,CHEMBL4278997,Epidermal growth factor receptor erbB1,Wild Type,10000.0,>,nM,censored_relation
11613,CHEMBL4289682,Epidermal growth factor receptor erbB1,Wild Type,10000.0,>,nM,censored_relation
11620,CHEMBL4288761,Epidermal growth factor receptor erbB1,Wild Type,10000.0,>,nM,censored_relation
11627,CHEMBL4293690,Epidermal growth factor receptor erbB1,Wild Type,10000.0,>,nM,censored_relation
11629,CHEMBL4283517,Epidermal growth factor receptor erbB1,Wild Type,10000.0,>,nM,censored_relation
11630,CHEMBL4286871,Epidermal growth factor receptor erbB1,Wild Type,10000.0,>,nM,censored_relation
11640,CHEMBL4282879,Epidermal growth factor receptor erbB1,Wild Type,10000.0,>,nM,censored_relation
11642,CHEMBL4286263,Epidermal growth factor receptor erbB1,Wild Type,10000.0,>,nM,censored_relation
11645,CHEMBL4283061,Epidermal growth factor receptor erbB1,Wild Type,10000.0,>,nM,censored_relation
11646,CHEMBL4278031,Epidermal growth factor receptor erbB1,Wild Type,10000.0,>,nM,censored_relation
11648,CHEMBL4287629,Epidermal growth factor receptor erbB1,Wild Type,10000.0,>,nM,censored_relation
11650,CHEMBL4279457,Epidermal growth factor receptor erbB1,Wild Type,10000.0,>,nM,censored_relation
11651,CHEMBL4277936,Epidermal growth factor receptor erbB1,Wild Type,1000000.0,>,nM,censored_relation
11652,CHEMBL4284800,Epidermal growth factor receptor erbB1,Wild Type,1000000.0,>,nM,censored_relation
11653,CHEMBL4281394,Epidermal growth factor receptor erbB1,Wild Type,1000000.0,>,nM,censored_relation
11654,CHEMBL4291608,Epidermal growth factor receptor erbB1,Wild Type,1000000.0,>,nM,censored_relation
11655,CHEMBL4285785,Epidermal growth factor receptor erbB1,Wild Type,1000000.0,>,nM,censored_relation
11656,CHEMBL4279793,Epidermal growth factor receptor erbB1,Wild Type,1000000.0,>,nM,censored_relation
11670,CHEMBL4281283,Epidermal growth factor receptor erbB1,"L858R, T790M",100.0,>,nM,censored_relation
11679,CHEMBL4292351,Epidermal growth factor receptor erbB1,Wild Type,500.0,>,nM,censored_relation
11683,CHEMBL4281283,Epidermal growth factor receptor erbB1,Wild Type,1000.0,>,nM,censored_relation
11684,CHEMBL4288482,Epidermal growth factor receptor erbB1,Wild Type,500.0,<,nM,censored_relation
11686,CHEMBL4280174,Epidermal growth factor receptor erbB1,Wild Type,800.0,>,nM,censored_relation
11692,CHEMBL4284413,Epidermal growth factor receptor erbB1,Wild Type,50000.0,>,nM,censored_relation
11712,CHEMBL4290371,Epidermal growth factor receptor erbB1,Wild Type,1000.0,>,nM,censored_relation
11743,CHEMBL4446835,Epidermal growth factor receptor erbB1,Wild Type,1000.0,>,nM,censored_relation
11744,CHEMBL4541330,Epidermal growth factor receptor erbB1,Wild Type,1000.0,>,nM,censored_relation
11749,CHEMBL4476689,Epidermal growth factor receptor erbB1,Wild Type,2000.0,>,nM,censored_relation
11750,CHEMBL4454709,Epidermal growth factor receptor erbB1,Wild Type,2000.0,>,nM,censored_relation
11753,CHEMBL4446546,Epidermal growth factor receptor erbB1,Wild Type,2000.0,>,nM,censored_relation
11754,CHEMBL4522613,Epidermal growth factor receptor erbB1,Wild Type,2000.0,>,nM,censored_relation
11756,CHEMBL4472571,Epidermal growth factor receptor erbB1,Wild Type,2000.0,>,nM,censored_relation
11757,CHEMBL4444312,Epidermal growth factor receptor erbB1,Wild Type,2000.0,>,nM,censored_relation
11768,CHEMBL4475770,Epidermal growth factor receptor erbB1,"L858R, T790M",2000.0,>,nM,censored_relation
11786,CHEMBL4532034,Epidermal growth factor receptor erbB1,"C797S, E746_A750del, T790M",3.0,<=,nM,censored_relation
11787,CHEMBL4591327,Epidermal growth factor receptor erbB1,Wild Type,100000.0,>,nM,censored_relation
11788,CHEMBL4444231,Epidermal growth factor receptor erbB1,Wild Type,100000.0,>,nM,censored_relation
11789,CHEMBL4449589,Epidermal growth factor receptor erbB1,Wild Type,100000.0,>,nM,censored_relation
11791,CHEMBL4525935,Epidermal growth factor receptor erbB1,Wild Type,100000.0,>,nM,censored_relation
11792,CHEMBL4434788,Epidermal growth factor receptor erbB1,Wild Type,100000.0,>,nM,censored_relation
11815,CHEMBL554,Epidermal growth factor receptor erbB1,T790M,2500.0,>,nM,censored_relation
11829,CHEMBL4475004,Epidermal growth factor receptor erbB1,Wild Type,2000.0,>,nM,censored_relation
11830,CHEMBL3707348,Epidermal growth factor receptor erbB1,Wild Type,2000.0,>,nM,censored_relation
11831,CHEMBL2316916,Epidermal growth factor receptor erbB1,Wild Type,6.7,=,ug.mL-1,non_nanomolar_unit
11832,CHEMBL4531006,Epidermal growth factor receptor erbB1,Wild Type,8.5,=,ug.mL-1,non_nanomolar_unit
11833,CHEMBL4539558,Epidermal growth factor receptor erbB1,Wild Type,6.0,=,ug.mL-1,non_nanomolar_unit
11834,CHEMBL1095259,Epidermal growth factor receptor erbB1,Wild Type,20.0,=,ug.mL-1,non_nanomolar_unit
11835,CHEMBL4575427,Epidermal growth factor receptor erbB1,Wild Type,20.0,=,ug.mL-1,non_nanomolar_unit
11836,CHEMBL4456281,Epidermal growth factor receptor erbB1,Wild Type,20000.0,>,nM,censored_relation
11837,CHEMBL4532624,Epidermal growth factor receptor erbB1,Wild Type,20000.0,>,nM,censored_relation
11838,CHEMBL4445586,Epidermal growth factor receptor erbB1,Wild Type,20000.0,>,nM,censored_relation
11839,CHEMBL4436731,Epidermal growth factor receptor erbB1,Wild Type,20000.0,>,nM,censored_relation
11840,CHEMBL4545109,Epidermal growth factor receptor erbB1,Wild Type,20000.0,>,nM,censored_relation
11841,CHEMBL4436932,Epidermal growth factor receptor erbB1,Wild Type,20000.0,>,nM,censored_relation
11842,CHEMBL4556876,Epidermal growth factor receptor erbB1,Wild Type,20000.0,>,nM,censored_relation
11843,CHEMBL4591897,Epidermal growth factor receptor erbB1,Wild Type,20000.0,>,nM,censored_relation
11844,CHEMBL4467637,Epidermal growth factor receptor erbB1,Wild Type,20000.0,>,nM,censored_relation
11845,CHEMBL4463000,Epidermal growth factor receptor erbB1,Wild Type,20000.0,>,nM,censored_relation
11846,CHEMBL4437709,Epidermal growth factor receptor erbB1,Wild Type,20000.0,>,nM,censored_relation
11847,CHEMBL4483765,Epidermal growth factor receptor erbB1,Wild Type,20000.0,>,nM,censored_relation
11848,CHEMBL4442178,Epidermal growth factor receptor erbB1,Wild Type,20000.0,>,nM,censored_relation
11849,CHEMBL4463000,Epidermal growth factor receptor erbB1,Wild Type,20000.0,>,nM,censored_relation
11850,CHEMBL4463000,Epidermal growth factor receptor erbB1,Wild Type,20000.0,>,nM,censored_relation
11851,CHEMBL4437709,Epidermal growth factor receptor erbB1,Wild Type,20000.0,>,nM,censored_relation
11852,CHEMBL4437709,Epidermal growth factor receptor erbB1,Wild Type,20000.0,>,nM,censored_relation
11853,CHEMBL4534715,Epidermal growth factor receptor erbB1,Wild Type,20000.0,>,nM,censored_relation
11854,CHEMBL4475216,Epidermal growth factor receptor erbB1,Wild Type,10000.0,>,nM,censored_relation
11878,CHEMBL4533153,Epidermal growth factor receptor erbB1,Wild Type,10000.0,>,nM,censored_relation
11880,CHEMBL2218927,Epidermal growth factor receptor erbB1,Wild Type,30000.0,>,nM,censored_relation
11884,CHEMBL3109738,Epidermal growth factor receptor erbB1,Wild Type,10.0,<,nM,censored_relation
11897,CHEMBL4525187,Epidermal growth factor receptor erbB1,Wild Type,1000.0,>,nM,censored_relation
11899,CHEMBL4470529,Epidermal growth factor receptor erbB1,Wild Type,1000.0,>,nM,censored_relation
11900,CHEMBL4466920,Epidermal growth factor receptor erbB1,Wild Type,1000.0,>,nM,censored_relation
11902,CHEMBL4573193,Epidermal growth factor receptor erbB1,Wild Type,1000.0,>,nM,censored_relation
11904,CHEMBL4447747,Epidermal growth factor receptor erbB1,Wild Type,1000.0,>,nM,censored_relation
11905,CHEMBL4464571,Epidermal growth factor receptor erbB1,Wild Type,1000.0,>,nM,censored_relation
11916,CHEMBL4440621,Epidermal growth factor receptor erbB1,Wild Type,3000.0,>,nM,censored_relation
11917,CHEMBL4574694,Epidermal growth factor receptor erbB1,Wild Type,3000.0,>,nM,censored_relation
11919,CHEMBL4562542,Epidermal growth factor receptor erbB1,Wild Type,3000.0,>,nM,censored_relation
11921,CHEMBL4558162,Epidermal growth factor receptor erbB1,Wild Type,10000.0,>,nM,censored_relation
11924,CHEMBL4441037,Epidermal growth factor receptor erbB1,"C797S, L858R, T790M",5000.0,>,nM,censored_relation
11925,CHEMBL4575583,Epidermal growth factor receptor erbB1,"C797S, L858R, T790M",5000.0,>,nM,censored_relation
11998,CHEMBL4553136,Epidermal growth factor receptor erbB1,"C797S, L858R, T790M",1000.0,>,nM,censored_relation
11999,CHEMBL4468949,Epidermal growth factor receptor erbB1,"C797S, L858R, T790M",1000.0,>,nM,censored_relation
12000,CHEMBL4461253,Epidermal growth factor receptor erbB1,"C797S, L858R, T790M",1000.0,>,nM,censored_relation
12007,CHEMBL4459978,Epidermal growth factor receptor erbB1,Wild Type,1000.0,>,nM,censored_relation
12009,CHEMBL4461479,Epidermal growth factor receptor erbB1,Wild Type,1000.0,>,nM,censored_relation
12010,CHEMBL4461479,Epidermal growth factor receptor erbB1,Wild Type,1000.0,>,nM,censored_relation
12011,CHEMBL4446258,Epidermal growth factor receptor erbB1,Wild Type,1000.0,>,nM,censored_relation
12012,CHEMBL4446258,Epidermal growth factor receptor erbB1,Wild Type,1000.0,>,nM,censored_relation
12013,CHEMBL4443413,Epidermal growth factor receptor erbB1,Wild Type,1000.0,>,nM,censored_relation
12014,CHEMBL4443413,Epidermal growth factor receptor erbB1,Wild Type,1000.0,>,nM,censored_relation
12015,CHEMBL4553136,Epidermal growth factor receptor erbB1,Wild Type,1000.0,>,nM,censored_relation
12016,CHEMBL4468949,Epidermal growth factor receptor erbB1,Wild Type,1000.0,>,nM,censored_relation
12017,CHEMBL4461253,Epidermal growth factor receptor erbB1,Wild Type,1000.0,>,nM,censored_relation
12018,CHEMBL4529308,Epidermal growth factor receptor erbB1,Wild Type,1000.0,>,nM,censored_relation
12019,CHEMBL4529308,Epidermal growth factor receptor erbB1,Wild Type,1000.0,>,nM,censored_relation
12020,CHEMBL4453276,Epidermal growth factor receptor erbB1,Wild Type,1000.0,>,nM,censored_relation
12021,CHEMBL4453276,Epidermal growth factor receptor erbB1,Wild Type,1000.0,>,nM,censored_relation
12022,CHEMBL4462965,Epidermal growth factor receptor erbB1,Wild Type,1000.0,>,nM,censored_relation
12023,CHEMBL4462965,Epidermal growth factor receptor erbB1,Wild Type,1000.0,>,nM,censored_relation
12024,CHEMBL4450934,Epidermal growth factor receptor erbB1,Wild Type,1000.0,>,nM,censored_relation
12025,CHEMBL4450934,Epidermal growth factor receptor erbB1,Wild Type,1000.0,>,nM,censored_relation
12026,CHEMBL4474196,Epidermal growth factor receptor erbB1,Wild Type,1000.0,>,nM,censored_relation
12027,CHEMBL4474196,Epidermal growth factor receptor erbB1,Wild Type,1000.0,>,nM,censored_relation
12029,CHEMBL4443062,Epidermal growth factor receptor erbB1,Wild Type,1000.0,>,nM,censored_relation
12031,CHEMBL4218431,Epidermal growth factor receptor erbB1,Wild Type,1000.0,>,nM,censored_relation
12034,CHEMBL4461479,Epidermal growth factor receptor erbB1,"C797S, L858R, T790M",1000.0,>,nM,censored_relation
12035,CHEMBL4461479,Epidermal growth factor receptor erbB1,"C797S, L858R, T790M",1000.0,>,nM,censored_relation
12036,CHEMBL4214567,Epidermal growth factor receptor erbB1,Wild Type,1000.0,>,nM,censored_relation
12038,CHEMBL4446258,Epidermal growth factor receptor erbB1,"C797S, L858R, T790M",1000.0,>,nM,censored_relation
12039,CHEMBL4443413,Epidermal growth factor receptor erbB1,"C797S, L858R, T790M",1000.0,>,nM,censored_relation
12041,CHEMBL4474196,Epidermal growth factor receptor erbB1,"C797S, L858R, T790M",1000.0,>,nM,censored_relation
12090,CHEMBL4438748,Epidermal growth factor receptor erbB1,Wild Type,10000.0,>,nM,censored_relation
12091,CHEMBL4438748,Epidermal growth factor receptor erbB1,L858R,10000.0,>,nM,censored_relation
12092,CHEMBL4438748,Epidermal growth factor receptor erbB1,L861Q,10000.0,>,nM,censored_relation
12093,CHEMBL4438748,Epidermal growth factor receptor erbB1,T790M,10000.0,>,nM,censored_relation
12094,CHEMBL4438748,Epidermal growth factor receptor erbB1,"L858R, T790M",10000.0,>,nM,censored_relation
12138,CHEMBL4475243,Epidermal growth factor receptor erbB1,Wild Type,1000.0,>,nM,censored_relation
12203,CHEMBL4474208,Epidermal growth factor receptor erbB1,Wild Type,10000.0,>,nM,censored_relation
12205,CHEMBL3623290,Epidermal growth factor receptor erbB1,Wild Type,0.5,<,nM,censored_relation
12208,CHEMBL4585934,Epidermal growth factor receptor erbB1,Wild Type,1000.0,>,nM,censored_relation
12212,CHEMBL385479,Epidermal growth factor receptor erbB1,Wild Type,0.5,<,nM,censored_relation
12217,CHEMBL4571122,Epidermal growth factor receptor erbB1,Wild Type,1000.0,>,nM,censored_relation
12220,CHEMBL939,Epidermal growth factor receptor erbB1,Wild Type,0.5,<,nM,censored_relation
12222,CHEMBL4462332,Epidermal growth factor receptor erbB1,Wild Type,20000.0,>,nM,censored_relation
12223,CHEMBL4456974,Epidermal growth factor receptor erbB1,Wild Type,20000.0,>,nM,censored_relation
12232,CHEMBL4518667,Epidermal growth factor receptor erbB1,Wild Type,20000.0,>,nM,censored_relation
12233,CHEMBL4548556,Epidermal growth factor receptor erbB1,Wild Type,20000.0,>,nM,censored_relation
12263,CHEMBL4551202,Epidermal growth factor receptor erbB1,L858R,10000.0,>,nM,censored_relation
12285,CHEMBL4560998,Epidermal growth factor receptor erbB1,L858R,10000.0,>,nM,censored_relation
12292,CHEMBL4551202,Epidermal growth factor receptor erbB1,Wild Type,10000.0,>,nM,censored_relation
12304,CHEMBL939,Epidermal growth factor receptor erbB1,Wild Type,15.0,<,nM,censored_relation
12305,CHEMBL535429,Epidermal growth factor receptor erbB1,Wild Type,50000.0,>,nM,censored_relation
12306,CHEMBL4446630,Epidermal growth factor receptor erbB1,Wild Type,50000.0,>,nM,censored_relation
12307,CHEMBL4443342,Epidermal growth factor receptor erbB1,Wild Type,50000.0,>,nM,censored_relation
12317,CHEMBL29197,Epidermal growth factor receptor erbB1,Wild Type,15.0,<,nM,censored_relation
12320,CHEMBL4467033,Epidermal growth factor receptor erbB1,Wild Type,15.0,<,nM,censored_relation
12321,CHEMBL4514780,Epidermal growth factor receptor erbB1,Wild Type,50000.0,>,nM,censored_relation
12323,CHEMBL4518437,Epidermal growth factor receptor erbB1,Wild Type,50000.0,>,nM,censored_relation
12330,CHEMBL4515293,Epidermal growth factor receptor erbB1,Wild Type,10000.0,>,nM,censored_relation
12347,CHEMBL4471142,Epidermal growth factor receptor erbB1,Wild Type,1000.0,>,nM,censored_relation
12348,CHEMBL4536955,Epidermal growth factor receptor erbB1,Wild Type,1000.0,>,nM,censored_relation
12350,CHEMBL4546844,Epidermal growth factor receptor erbB1,Wild Type,1000.0,>,nM,censored_relation
12351,CHEMBL4448400,Epidermal growth factor receptor erbB1,Wild Type,1000.0,>,nM,censored_relation
12352,CHEMBL4562805,Epidermal growth factor receptor erbB1,Wild Type,1000.0,>,nM,censored_relation
12353,CHEMBL4468370,Epidermal growth factor receptor erbB1,Wild Type,1000.0,>,nM,censored_relation
12357,CHEMBL4518919,Epidermal growth factor receptor erbB1,Wild Type,150.0,>,nM,censored_relation
12365,CHEMBL4584516,Epidermal growth factor receptor erbB1,Wild Type,150.0,>,nM,censored_relation
12366,CHEMBL4564373,Epidermal growth factor receptor erbB1,Wild Type,150.0,>,nM,censored_relation
12368,CHEMBL4572613,Epidermal growth factor receptor erbB1,Wild Type,150.0,>,nM,censored_relation
12388,CHEMBL4520903,Epidermal growth factor receptor erbB1,L858R,10000.0,>,nM,censored_relation
12394,CHEMBL4452106,Epidermal growth factor receptor erbB1,Wild Type,10000.0,>,nM,censored_relation
12410,CHEMBL4558528,Epidermal growth factor receptor erbB1,Wild Type,1000.0,>,nM,censored_relation
12411,CHEMBL4530686,Epidermal growth factor receptor erbB1,Wild Type,1000.0,>,nM,censored_relation
12412,CHEMBL4533337,Epidermal growth factor receptor erbB1,Wild Type,1000.0,>,nM,censored_relation
12413,CHEMBL4520903,Epidermal growth factor receptor erbB1,Wild Type,1000.0,>,nM,censored_relation
12414,CHEMBL4452106,Epidermal growth factor receptor erbB1,Wild Type,1000.0,>,nM,censored_relation
12433,CHEMBL4592314,Epidermal growth factor receptor erbB1,"L858R, T790M",2000.0,>,nM,censored_relation
12436,CHEMBL4579805,Epidermal growth factor receptor erbB1,Wild Type,2000.0,>,nM,censored_relation
12437,CHEMBL4553484,Epidermal growth factor receptor erbB1,Wild Type,2000.0,>,nM,censored_relation
12438,CHEMBL4445761,Epidermal growth factor receptor erbB1,Wild Type,2000.0,>,nM,censored_relation
12442,CHEMBL4456929,Epidermal growth factor receptor erbB1,Wild Type,2000.0,>,nM,censored_relation
12443,CHEMBL4458151,Epidermal growth factor receptor erbB1,Wild Type,2000.0,>,nM,censored_relation
12449,CHEMBL4434924,Epidermal growth factor receptor erbB1,Wild Type,2000.0,>,nM,censored_relation
12461,CHEMBL4438905,Epidermal growth factor receptor erbB1,Wild Type,2000.0,>,nM,censored_relation
12464,CHEMBL4592314,Epidermal growth factor receptor erbB1,Wild Type,2000.0,>,nM,censored_relation
12467,CHEMBL4473887,Epidermal growth factor receptor erbB1,"L858R, T790M",2000.0,>,nM,censored_relation
12469,CHEMBL4458151,Epidermal growth factor receptor erbB1,"L858R, T790M",2000.0,>,nM,censored_relation
12470,CHEMBL4456929,Epidermal growth factor receptor erbB1,"L858R, T790M",2000.0,>,nM,censored_relation
12479,CHEMBL3968222,Epidermal growth factor receptor erbB1,Wild Type,0.25,<,nM,censored_relation
12480,CHEMBL3973566,Epidermal growth factor receptor erbB1,Wild Type,0.25,<,nM,censored_relation
12481,CHEMBL3962133,Epidermal growth factor receptor erbB1,Wild Type,0.25,<,nM,censored_relation
12482,CHEMBL3913116,Epidermal growth factor receptor erbB1,Wild Type,0.25,<,nM,censored_relation
12483,CHEMBL3922120,Epidermal growth factor receptor erbB1,Wild Type,0.25,<,nM,censored_relation
12485,CHEMBL3925102,Epidermal growth factor receptor erbB1,Wild Type,0.25,<,nM,censored_relation
12489,CHEMBL3917732,Epidermal growth factor receptor erbB1,Wild Type,0.25,<,nM,censored_relation
12511,CHEMBL4531827,Epidermal growth factor receptor erbB1,"L858R, T790M",10000.0,>,nM,censored_relation
12512,CHEMBL4527132,Epidermal growth factor receptor erbB1,"L858R, T790M",10000.0,>,nM,censored_relation
12513,CHEMBL4565374,Epidermal growth factor receptor erbB1,"L858R, T790M",10000.0,>,nM,censored_relation
12514,CHEMBL4448148,Epidermal growth factor receptor erbB1,"L858R, T790M",10000.0,>,nM,censored_relation
12526,CHEMBL4441440,Epidermal growth factor receptor erbB1,"L858R, T790M",10000.0,>,nM,censored_relation
12538,CHEMBL4531827,Epidermal growth factor receptor erbB1,Wild Type,10000.0,>,nM,censored_relation
12571,CHEMBL168,Epidermal growth factor receptor erbB1,Wild Type,20000.0,>,nM,censored_relation
12572,CHEMBL486400,Epidermal growth factor receptor erbB1,Wild Type,20000.0,>,nM,censored_relation
12577,CHEMBL4554092,Epidermal growth factor receptor erbB1,Wild Type,20000.0,>,nM,censored_relation
12578,CHEMBL4456487,Epidermal growth factor receptor erbB1,Wild Type,20000.0,>,nM,censored_relation
12579,CHEMBL4470692,Epidermal growth factor receptor erbB1,Wild Type,20000.0,>,nM,censored_relation
12580,CHEMBL4454172,Epidermal growth factor receptor erbB1,Wild Type,20000.0,>,nM,censored_relation
12581,CHEMBL4460981,Epidermal growth factor receptor erbB1,Wild Type,20000.0,>,nM,censored_relation
12585,CHEMBL168,Epidermal growth factor receptor erbB1,"L858R, T790M",20000.0,>,nM,censored_relation
12586,CHEMBL486400,Epidermal growth factor receptor erbB1,"L858R, T790M",20000.0,>,nM,censored_relation
12587,CHEMBL4437863,Epidermal growth factor receptor erbB1,"L858R, T790M",20000.0,>,nM,censored_relation
12588,CHEMBL4452906,Epidermal growth factor receptor erbB1,"L858R, T790M",20000.0,>,nM,censored_relation
12589,CHEMBL4537422,Epidermal growth factor receptor erbB1,"L858R, T790M",20000.0,>,nM,censored_relation
12590,CHEMBL4588786,Epidermal growth factor receptor erbB1,"L858R, T790M",20000.0,>,nM,censored_relation
12591,CHEMBL4554092,Epidermal growth factor receptor erbB1,"L858R, T790M",20000.0,>,nM,censored_relation
12592,CHEMBL4456487,Epidermal growth factor receptor erbB1,"L858R, T790M",20000.0,>,nM,censored_relation
12593,CHEMBL4470692,Epidermal growth factor receptor erbB1,"L858R, T790M",20000.0,>,nM,censored_relation
12594,CHEMBL4454172,Epidermal growth factor receptor erbB1,"L858R, T790M",20000.0,>,nM,censored_relation
12595,CHEMBL4460981,Epidermal growth factor receptor erbB1,"L858R, T790M",20000.0,>,nM,censored_relation
12598,CHEMBL168,Epidermal growth factor receptor erbB1,"C797S, L858R, T790M",20000.0,>,nM,censored_relation
12599,CHEMBL486400,Epidermal growth factor receptor erbB1,"C797S, L858R, T790M",20000.0,>,nM,censored_relation
12604,CHEMBL4554092,Epidermal growth factor receptor erbB1,"C797S, L858R, T790M",20000.0,>,nM,censored_relation
12605,CHEMBL4456487,Epidermal growth factor receptor erbB1,"C797S, L858R, T790M",20000.0,>,nM,censored_relation
12606,CHEMBL4470692,Epidermal growth factor receptor erbB1,"C797S, L858R, T790M",20000.0,>,nM,censored_relation
12607,CHEMBL4454172,Epidermal growth factor receptor erbB1,"C797S, L858R, T790M",20000.0,>,nM,censored_relation
12608,CHEMBL4460981,Epidermal growth factor receptor erbB1,"C797S, L858R, T790M",20000.0,>,nM,censored_relation
12623,CHEMBL4474690,Epidermal growth factor receptor erbB1,Wild Type,1000.0,>,nM,censored_relation
12646,CHEMBL4564126,Epidermal growth factor receptor erbB1,Wild Type,5000.0,>=,nM,censored_relation
12656,CHEMBL4569513,Epidermal growth factor receptor erbB1,Wild Type,10000.0,>,nM,censored_relation
12657,CHEMBL4516155,Epidermal growth factor receptor erbB1,Wild Type,10000.0,>,nM,censored_relation
12658,CHEMBL4519448,Epidermal growth factor receptor erbB1,Wild Type,10000.0,>,nM,censored_relation
12659,CHEMBL4449525,Epidermal growth factor receptor erbB1,Wild Type,10000.0,>,nM,censored_relation
12660,CHEMBL4570214,Epidermal growth factor receptor erbB1,Wild Type,10000.0,>,nM,censored_relation
12664,CHEMBL4446326,Epidermal growth factor receptor erbB1,Wild Type,10000.0,>,nM,censored_relation
12676,CHEMBL4561692,Epidermal growth factor receptor erbB1,Wild Type,10000.0,>,nM,censored_relation
12677,CHEMBL4068255,Epidermal growth factor receptor erbB1,Wild Type,30000.0,>,nM,censored_relation
12678,CHEMBL4068255,Epidermal growth factor receptor erbB1,T790M,30000.0,>,nM,censored_relation
12682,CHEMBL4552628,Epidermal growth factor receptor erbB1,Wild Type,100000.0,>,nM,censored_relation
12683,CHEMBL4575118,Epidermal growth factor receptor erbB1,Wild Type,25000.0,>,nM,censored_relation
12691,CHEMBL4581088,Epidermal growth factor receptor erbB1,"L858R, T790M",1000.0,>,nM,censored_relation
12694,CHEMBL1873475,Epidermal growth factor receptor erbB1,Wild Type,1.0,<,nM,censored_relation
12696,CHEMBL4634634,Epidermal growth factor receptor erbB1,Wild Type,100000.0,>,nM,censored_relation
12697,CHEMBL4634634,Epidermal growth factor receptor erbB1,L858R,100000.0,>,nM,censored_relation
12698,CHEMBL4634634,Epidermal growth factor receptor erbB1,L861Q,100000.0,>,nM,censored_relation
12699,CHEMBL4634634,Epidermal growth factor receptor erbB1,"L858R, T790M",100000.0,>,nM,censored_relation
12700,CHEMBL4634634,Epidermal growth factor receptor erbB1,T790M,100000.0,>,nM,censored_relation
12706,CHEMBL4635399,Epidermal growth factor receptor erbB1,Wild Type,10.0,<,nM,censored_relation
12735,CHEMBL4517633,Epidermal growth factor receptor erbB1,"L858R, T790M",10000.0,>,nM,censored_relation
12736,CHEMBL4646030,Epidermal growth factor receptor erbB1,"L858R, T790M",10000.0,>,nM,censored_relation
12737,CHEMBL554,Epidermal growth factor receptor erbB1,"L858R, T790M",4000.0,>,nM,censored_relation
12747,CHEMBL4642177,Epidermal growth factor receptor erbB1,Wild Type,1000.0,>,nM,censored_relation
12748,CHEMBL4640686,Epidermal growth factor receptor erbB1,Wild Type,1000.0,>,nM,censored_relation
12749,CHEMBL4639459,Epidermal growth factor receptor erbB1,Wild Type,1000.0,>,nM,censored_relation
12750,CHEMBL4641096,Epidermal growth factor receptor erbB1,Wild Type,1000.0,>,nM,censored_relation
12751,CHEMBL4649261,Epidermal growth factor receptor erbB1,Wild Type,1000.0,>,nM,censored_relation
12752,CHEMBL4647073,Epidermal growth factor receptor erbB1,Wild Type,1000.0,>,nM,censored_relation
12765,CHEMBL4642177,Epidermal growth factor receptor erbB1,"C797S, L858R, T790M",1000.0,>,nM,censored_relation
12766,CHEMBL4640686,Epidermal growth factor receptor erbB1,"C797S, L858R, T790M",1000.0,>,nM,censored_relation
12771,CHEMBL4645434,Epidermal growth factor receptor erbB1,"C797S, L858R, T790M",1000.0,>,nM,censored_relation
12791,CHEMBL4632500,Epidermal growth factor receptor erbB1,Wild Type,10000.0,>,nM,censored_relation
12806,CHEMBL4780201,Epidermal growth factor receptor erbB1,Wild Type,10000.0,>,nM,censored_relation
12808,CHEMBL4762397,Epidermal growth factor receptor erbB1,Wild Type,8000.0,>,nM,censored_relation
12809,CHEMBL4762397,Epidermal growth factor receptor erbB1,Wild Type,10000.0,>,nM,censored_relation
12812,CHEMBL180022,Epidermal growth factor receptor erbB1,"L858R, T790M",14.0,<,nM,censored_relation
12869,CHEMBL4753700,Epidermal growth factor receptor erbB1,Wild Type,1000.0,>,nM,censored_relation
12870,CHEMBL4779315,Epidermal growth factor receptor erbB1,Wild Type,10000.0,>,nM,censored_relation
12895,CHEMBL4762165,Epidermal growth factor receptor erbB1,Wild Type,1000.0,>,nM,censored_relation
12896,CHEMBL4787616,Epidermal growth factor receptor erbB1,Wild Type,1000.0,>,nM,censored_relation
12897,CHEMBL4779676,Epidermal growth factor receptor erbB1,Wild Type,1000.0,>,nM,censored_relation
12898,CHEMBL4789286,Epidermal growth factor receptor erbB1,Wild Type,1000.0,>,nM,censored_relation
12931,CHEMBL4747513,Epidermal growth factor receptor erbB1,Wild Type,1000.0,>,nM,censored_relation
12932,CHEMBL4753667,Epidermal growth factor receptor erbB1,Wild Type,1000.0,>,nM,censored_relation
12933,CHEMBL4760438,Epidermal growth factor receptor erbB1,Wild Type,1000.0,>,nM,censored_relation
12934,CHEMBL4790721,Epidermal growth factor receptor erbB1,Wild Type,1000.0,>,nM,censored_relation
12935,CHEMBL4743188,Epidermal growth factor receptor erbB1,Wild Type,1000.0,>,nM,censored_relation
12936,CHEMBL4746688,Epidermal growth factor receptor erbB1,Wild Type,1000.0,>,nM,censored_relation
12987,CHEMBL4755698,Epidermal growth factor receptor erbB1,Wild Type,10000.0,>,nM,censored_relation
12997,CHEMBL4749765,Epidermal growth factor receptor erbB1,E746_A750del,200.0,>,nM,censored_relation
13019,CHEMBL4749765,Epidermal growth factor receptor erbB1,L858R,200.0,>,nM,censored_relation
13103,CHEMBL4800082,Epidermal growth factor receptor erbB1,Wild Type,1000.0,>,nM,censored_relation
13109,CHEMBL4743222,Epidermal growth factor receptor erbB1,Wild Type,1000.0,>,nM,censored_relation
13110,CHEMBL4791135,Epidermal growth factor receptor erbB1,Wild Type,1000.0,>,nM,censored_relation
13112,CHEMBL4782725,Epidermal growth factor receptor erbB1,Wild Type,1000.0,>,nM,censored_relation
13117,CHEMBL4782725,Epidermal growth factor receptor erbB1,Wild Type,1000.0,>,nM,censored_relation
13120,CHEMBL3707348,Epidermal growth factor receptor erbB1,Wild Type,1000.0,>,nM,censored_relation
13121,CHEMBL3952214,Epidermal growth factor receptor erbB1,Wild Type,19952.62,>,nM,censored_relation
13122,CHEMBL4759397,Epidermal growth factor receptor erbB1,Wild Type,19952.62,>,nM,censored_relation
13143,CHEMBL4794857,Epidermal growth factor receptor erbB1,Wild Type,1000.0,>,nM,censored_relation
13144,CHEMBL4789716,Epidermal growth factor receptor erbB1,Wild Type,1000.0,>,nM,censored_relation
13164,CHEMBL4740516,Epidermal growth factor receptor erbB1,Wild Type,1000.0,>,nM,censored_relation
13165,CHEMBL4776833,Epidermal growth factor receptor erbB1,Wild Type,1000.0,>,nM,censored_relation
13166,CHEMBL4754688,Epidermal growth factor receptor erbB1,Wild Type,1000.0,>,nM,censored_relation
13167,CHEMBL4754481,Epidermal growth factor receptor erbB1,Wild Type,1000.0,>,nM,censored_relation
13168,CHEMBL3786343,Epidermal growth factor receptor erbB1,Wild Type,1000.0,>,nM,censored_relation
13169,CHEMBL4780534,Epidermal growth factor receptor erbB1,Wild Type,1000.0,>,nM,censored_relation
13170,CHEMBL4795151,Epidermal growth factor receptor erbB1,Wild Type,1000.0,>,nM,censored_relation
13171,CHEMBL4740516,Epidermal growth factor receptor erbB1,T790M,1000.0,>,nM,censored_relation
13172,CHEMBL4776833,Epidermal growth factor receptor erbB1,T790M,1000.0,>,nM,censored_relation
13173,CHEMBL4754688,Epidermal growth factor receptor erbB1,T790M,1000.0,>,nM,censored_relation
13174,CHEMBL4754481,Epidermal growth factor receptor erbB1,T790M,1000.0,>,nM,censored_relation
13177,CHEMBL4795151,Epidermal growth factor receptor erbB1,T790M,1000.0,>,nM,censored_relation
13179,CHEMBL4754688,Epidermal growth factor receptor erbB1,"L858R, T790M",1000.0,>,nM,censored_relation
13180,CHEMBL4754481,Epidermal growth factor receptor erbB1,"L858R, T790M",1000.0,>,nM,censored_relation
13224,CHEMBL4798627,Epidermal growth factor receptor erbB1,Wild Type,55000000.0,=,nM,pic50_out_of_bounds
13266,CHEMBL4787021,Epidermal growth factor receptor erbB1,Wild Type,1000.0,>,nM,censored_relation
13267,CHEMBL4748361,Epidermal growth factor receptor erbB1,Wild Type,1000.0,>,nM,censored_relation
13268,CHEMBL4741967,Epidermal growth factor receptor erbB1,Wild Type,1000.0,>,nM,censored_relation
13269,CHEMBL4753590,Epidermal growth factor receptor erbB1,Wild Type,1000.0,>,nM,censored_relation
13291,CHEMBL4783370,Epidermal growth factor receptor erbB1,"L858R, T790M",1000.0,>,nM,censored_relation
13292,CHEMBL4793630,Epidermal growth factor receptor erbB1,"L858R, T790M",1000.0,>,nM,censored_relation
13293,CHEMBL4794102,Epidermal growth factor receptor erbB1,"L858R, T790M",1000.0,>,nM,censored_relation
13300,CHEMBL4798996,Epidermal growth factor receptor erbB1,"L858R, T790M",1000.0,>,nM,censored_relation
13301,CHEMBL4778698,Epidermal growth factor receptor erbB1,"L858R, T790M",1000.0,>,nM,censored_relation
13302,CHEMBL4783097,Epidermal growth factor receptor erbB1,"L858R, T790M",1000.0,>,nM,censored_relation
13304,CHEMBL4781497,Epidermal growth factor receptor erbB1,Wild Type,10000.0,>,nM,censored_relation
13305,CHEMBL4783370,Epidermal growth factor receptor erbB1,Wild Type,10000.0,>,nM,censored_relation
13306,CHEMBL4794102,Epidermal growth factor receptor erbB1,Wild Type,10000.0,>,nM,censored_relation
13307,CHEMBL4776694,Epidermal growth factor receptor erbB1,Wild Type,10000.0,>,nM,censored_relation
13308,CHEMBL4800612,Epidermal growth factor receptor erbB1,Wild Type,10000.0,>,nM,censored_relation
13309,CHEMBL4782898,Epidermal growth factor receptor erbB1,Wild Type,10000.0,>,nM,censored_relation
13310,CHEMBL4784264,Epidermal growth factor receptor erbB1,Wild Type,10000.0,>,nM,censored_relation
13311,CHEMBL4796150,Epidermal growth factor receptor erbB1,Wild Type,10000.0,>,nM,censored_relation
13312,CHEMBL4800533,Epidermal growth factor receptor erbB1,Wild Type,10000.0,>,nM,censored_relation
13313,CHEMBL4791108,Epidermal growth factor receptor erbB1,Wild Type,10000.0,>,nM,censored_relation
13315,CHEMBL4791953,Epidermal growth factor receptor erbB1,Wild Type,10000.0,>,nM,censored_relation
13316,CHEMBL4785528,Epidermal growth factor receptor erbB1,Wild Type,10000.0,>,nM,censored_relation
13318,CHEMBL4798996,Epidermal growth factor receptor erbB1,Wild Type,10000.0,>,nM,censored_relation
13319,CHEMBL4778698,Epidermal growth factor receptor erbB1,Wild Type,10000.0,>,nM,censored_relation
13320,CHEMBL4783097,Epidermal growth factor receptor erbB1,Wild Type,10000.0,>,nM,censored_relation
13323,CHEMBL4799113,Epidermal growth factor receptor erbB1,Wild Type,10000.0,>,nM,censored_relation
13325,CHEMBL4795574,Epidermal growth factor receptor erbB1,"L858R, T790M",10000.0,>,nM,censored_relation
13326,CHEMBL4795574,Epidermal growth factor receptor erbB1,L858R,10000.0,>,nM,censored_relation
13327,CHEMBL4779194,Epidermal growth factor receptor erbB1,Wild Type,10000.0,>,nM,censored_relation
13331,CHEMBL4779194,Epidermal growth factor receptor erbB1,Wild Type,10000.0,>,nM,censored_relation
13335,CHEMBL4799738,Epidermal growth factor receptor erbB1,Wild Type,2000.0,>=,nM,censored_relation
13337,CHEMBL49120,Epidermal growth factor receptor erbB1,Wild Type,100.0,<,nM,censored_relation
13371,CHEMBL4861646,Epidermal growth factor receptor erbB1,Wild Type,10000.0,>,nM,censored_relation
13411,CHEMBL4873571,Epidermal growth factor receptor erbB1,Wild Type,1000.0,>,nM,censored_relation
13416,CHEMBL4869634,Epidermal growth factor receptor erbB1,T790M,10000.0,>,nM,censored_relation
13431,CHEMBL4850239,Epidermal growth factor receptor erbB1,T790M,10000.0,>,nM,censored_relation
13432,CHEMBL4847264,Epidermal growth factor receptor erbB1,T790M,10000.0,>,nM,censored_relation
13433,CHEMBL4297865,Epidermal growth factor receptor erbB1,T790M,10000.0,>,nM,censored_relation
13443,CHEMBL4846276,Epidermal growth factor receptor erbB1,"C797S, L858R, T790M",10000.0,>,nM,censored_relation
13457,CHEMBL4847680,Epidermal growth factor receptor erbB1,Wild Type,20000.0,>,nM,censored_relation
13458,CHEMBL4852822,Epidermal growth factor receptor erbB1,Wild Type,20000.0,>,nM,censored_relation
13503,CHEMBL4871361,Epidermal growth factor receptor erbB1,Wild Type,1000.0,>,nM,censored_relation
13504,CHEMBL4876497,Epidermal growth factor receptor erbB1,Wild Type,1000.0,>,nM,censored_relation
13512,CHEMBL4852748,Epidermal growth factor receptor erbB1,Wild Type,30000.0,>,nM,censored_relation
13531,CHEMBL3647964,Epidermal growth factor receptor erbB1,Wild Type,1000.0,>,nM,censored_relation
13536,CHEMBL4535474,Epidermal growth factor receptor erbB1,Wild Type,20000.0,>,nM,censored_relation
13537,CHEMBL4520788,Epidermal growth factor receptor erbB1,Wild Type,20000.0,>,nM,censored_relation
13564,CHEMBL5073622,Epidermal growth factor receptor erbB1,Wild Type,5.012e-09,=,nM,pic50_out_of_bounds
13580,CHEMBL5085531,Epidermal growth factor receptor erbB1,Wild Type,20000.0,>,nM,censored_relation
13581,CHEMBL5084571,Epidermal growth factor receptor erbB1,Wild Type,20000.0,>,nM,censored_relation
13585,CHEMBL5081252,Epidermal growth factor receptor erbB1,Wild Type,4000.0,>,nM,censored_relation
13595,CHEMBL5086211,Epidermal growth factor receptor erbB1,Wild Type,1000.0,>,nM,censored_relation
13608,CHEMBL5086211,Epidermal growth factor receptor erbB1,"C797S, L858R, T790M",1000.0,>,nM,censored_relation
13619,CHEMBL5089841,Epidermal growth factor receptor erbB1,Wild Type,10000.0,>,nM,censored_relation
13622,CHEMBL5076743,Epidermal growth factor receptor erbB1,Wild Type,10000.0,>,nM,censored_relation
13627,CHEMBL4747506,Epidermal growth factor receptor erbB1,Wild Type,10000.0,>,nM,censored_relation
13629,CHEMBL5085807,Epidermal growth factor receptor erbB1,Wild Type,10000.0,>,nM,censored_relation
13633,CHEMBL5076601,Epidermal growth factor receptor erbB1,Wild Type,10000.0,>,nM,censored_relation
13637,CHEMBL5089164,Epidermal growth factor receptor erbB1,Wild Type,10000.0,>,nM,censored_relation
13646,CHEMBL5093625,Epidermal growth factor receptor erbB1,E746_A750del,1000.0,>,nM,censored_relation
13657,CHEMBL5090133,Epidermal growth factor receptor erbB1,E746_A750del,1000.0,>,nM,censored_relation
13678,CHEMBL5090133,Epidermal growth factor receptor erbB1,"C797S, T790M",1000.0,>,nM,censored_relation
13686,CHEMBL5087139,Epidermal growth factor receptor erbB1,Wild Type,10000.0,>,nM,censored_relation
13687,CHEMBL5094237,Epidermal growth factor receptor erbB1,Wild Type,10000.0,>,nM,censored_relation
13688,CHEMBL5093625,Epidermal growth factor receptor erbB1,Wild Type,10000.0,>,nM,censored_relation
13689,CHEMBL5089336,Epidermal growth factor receptor erbB1,Wild Type,10000.0,>,nM,censored_relation
13690,CHEMBL5076881,Epidermal growth factor receptor erbB1,Wild Type,10000.0,>,nM,censored_relation
13692,CHEMBL5072451,Epidermal growth factor receptor erbB1,Wild Type,10000.0,>,nM,censored_relation
13714,CHEMBL553,Epidermal growth factor receptor erbB1,Wild Type,150.0,<,nM,censored_relation
13719,CHEMBL5177956,Epidermal growth factor receptor erbB1,Wild Type,10000.0,>,nM,censored_relation
13765,CHEMBL5192545,Epidermal growth factor receptor erbB1,Wild Type,1000.0,>,nM,censored_relation
13766,CHEMBL5176898,Epidermal growth factor receptor erbB1,Wild Type,1000.0,>,nM,censored_relation
13767,CHEMBL5204689,Epidermal growth factor receptor erbB1,Wild Type,1000.0,>,nM,censored_relation
13768,CHEMBL5180262,Epidermal growth factor receptor erbB1,Wild Type,1000.0,>,nM,censored_relation
13769,CHEMBL5208148,Epidermal growth factor receptor erbB1,Wild Type,1000.0,>,nM,censored_relation
13776,CHEMBL5176684,Epidermal growth factor receptor erbB1,Wild Type,10000.0,>,nM,censored_relation
13778,CHEMBL5202492,Epidermal growth factor receptor erbB1,Wild Type,100000.0,>,nM,censored_relation
13779,CHEMBL5190939,Epidermal growth factor receptor erbB1,Wild Type,100000.0,>,nM,censored_relation
13780,CHEMBL5197555,Epidermal growth factor receptor erbB1,Wild Type,100000.0,>,nM,censored_relation
13781,CHEMBL5182712,Epidermal growth factor receptor erbB1,Wild Type,100000.0,>,nM,censored_relation
13856,CHEMBL5209094,Epidermal growth factor receptor erbB1,Wild Type,500.0,>,nM,censored_relation
13857,CHEMBL5195137,Epidermal growth factor receptor erbB1,Wild Type,500.0,>,nM,censored_relation
13858,CHEMBL5199678,Epidermal growth factor receptor erbB1,Wild Type,500.0,>,nM,censored_relation
13859,CHEMBL5203041,Epidermal growth factor receptor erbB1,Wild Type,500.0,>,nM,censored_relation
13862,CHEMBL5178971,Epidermal growth factor receptor erbB1,Wild Type,500.0,>,nM,censored_relation
13864,CHEMBL5186340,Epidermal growth factor receptor erbB1,Wild Type,10000.0,>,nM,censored_relation
13865,CHEMBL4457566,Epidermal growth factor receptor erbB1,Wild Type,10000.0,>,nM,censored_relation
13868,CHEMBL5205834,Epidermal growth factor receptor erbB1,"C797S, L858R, T790M",10000.0,>,nM,censored_relation
13896,CHEMBL5208369,Epidermal growth factor receptor erbB1,"C797S, L858R",10000.0,>,nM,censored_relation
13897,CHEMBL5205834,Epidermal growth factor receptor erbB1,"C797S, L858R",10000.0,>,nM,censored_relation
13902,CHEMBL5171139,Epidermal growth factor receptor erbB1,"C797S, L858R",10000.0,>,nM,censored_relation
13935,CHEMBL553,Epidermal growth factor receptor erbB1,"L858R, T790M",5000.0,>,nM,censored_relation
13958,CHEMBL5187554,Epidermal growth factor receptor erbB1,Wild Type,1000.0,>,nM,censored_relation
13960,CHEMBL4071161,Epidermal growth factor receptor erbB1,Wild Type,1000.0,>,nM,censored_relation
13965,CHEMBL5177576,Epidermal growth factor receptor erbB1,Wild Type,1000.0,>,nM,censored_relation
13966,CHEMBL5183055,Epidermal growth factor receptor erbB1,Wild Type,1000.0,>,nM,censored_relation
13967,CHEMBL5202722,Epidermal growth factor receptor erbB1,Wild Type,1000.0,>,nM,censored_relation
13968,CHEMBL5174132,Epidermal growth factor receptor erbB1,Wild Type,1000.0,>,nM,censored_relation
13969,CHEMBL5177248,Epidermal growth factor receptor erbB1,Wild Type,1000.0,>,nM,censored_relation
13970,CHEMBL5197072,Epidermal growth factor receptor erbB1,Wild Type,1000.0,>,nM,censored_relation
13971,CHEMBL5172782,Epidermal growth factor receptor erbB1,Wild Type,1000.0,>,nM,censored_relation
13989,CHEMBL5205062,Epidermal growth factor receptor erbB1,Wild Type,100000.0,>,nM,censored_relation
13991,CHEMBL5195327,Epidermal growth factor receptor erbB1,Wild Type,10000.0,>,nM,censored_relation
13992,CHEMBL5179320,Epidermal growth factor receptor erbB1,Wild Type,10000.0,>,nM,censored_relation
14007,CHEMBL5174232,Epidermal growth factor receptor erbB1,Wild Type,500.0,>,nM,censored_relation
14008,CHEMBL5209075,Epidermal growth factor receptor erbB1,Wild Type,500.0,>,nM,censored_relation
14009,CHEMBL5180848,Epidermal growth factor receptor erbB1,Wild Type,500.0,>,nM,censored_relation
14010,CHEMBL5191292,Epidermal growth factor receptor erbB1,Wild Type,500.0,>,nM,censored_relation
14011,CHEMBL5203821,Epidermal growth factor receptor erbB1,Wild Type,500.0,>,nM,censored_relation
14012,CHEMBL5175316,Epidermal growth factor receptor erbB1,Wild Type,500.0,>,nM,censored_relation
14016,CHEMBL5196254,Epidermal growth factor receptor erbB1,Wild Type,500.0,>,nM,censored_relation
14018,CHEMBL5185772,Epidermal growth factor receptor erbB1,Wild Type,500.0,>,nM,censored_relation
14022,CHEMBL5209075,Epidermal growth factor receptor erbB1,"L858R, T790M",500.0,>,nM,censored_relation
14023,CHEMBL5180848,Epidermal growth factor receptor erbB1,"L858R, T790M",500.0,>,nM,censored_relation
14031,CHEMBL5189183,Epidermal growth factor receptor erbB1,"L858R, T790M",500.0,>,nM,censored_relation
14035,CHEMBL5174232,Epidermal growth factor receptor erbB1,"C797S, L858R, T790M",500.0,>,nM,censored_relation
14037,CHEMBL5180848,Epidermal growth factor receptor erbB1,"C797S, L858R, T790M",500.0,>,nM,censored_relation
14038,CHEMBL5191292,Epidermal growth factor receptor erbB1,"C797S, L858R, T790M",500.0,>,nM,censored_relation
14039,CHEMBL5203821,Epidermal growth factor receptor erbB1,"C797S, L858R, T790M",500.0,>,nM,censored_relation
14040,CHEMBL5175316,Epidermal growth factor receptor erbB1,"C797S, L858R, T790M",500.0,>,nM,censored_relation
14041,CHEMBL5188618,Epidermal growth factor receptor erbB1,"C797S, L858R, T790M",500.0,>,nM,censored_relation
14043,CHEMBL5199169,Epidermal growth factor receptor erbB1,"C797S, L858R, T790M",500.0,>,nM,censored_relation
14044,CHEMBL5196254,Epidermal growth factor receptor erbB1,"C797S, L858R, T790M",500.0,>,nM,censored_relation
14045,CHEMBL5189183,Epidermal growth factor receptor erbB1,"C797S, L858R, T790M",500.0,>,nM,censored_relation
14046,CHEMBL5185772,Epidermal growth factor receptor erbB1,"C797S, L858R, T790M",500.0,>,nM,censored_relation
14094,CHEMBL5209276,Epidermal growth factor receptor erbB1,Wild Type,10000.0,>,nM,censored_relation
14095,CHEMBL5177090,Epidermal growth factor receptor erbB1,Wild Type,10000.0,>,nM,censored_relation
14096,CHEMBL5188960,Epidermal growth factor receptor erbB1,Wild Type,10000.0,>,nM,censored_relation
14146,CHEMBL5209276,Epidermal growth factor receptor erbB1,Wild Type,25000.0,>,nM,censored_relation
14147,CHEMBL5177090,Epidermal growth factor receptor erbB1,Wild Type,25000.0,>,nM,censored_relation
14148,CHEMBL5188960,Epidermal growth factor receptor erbB1,Wild Type,25000.0,>,nM,censored_relation
14183,CHEMBL4101719,Epidermal growth factor receptor erbB1,Wild Type,0.2,<=,nM,censored_relation
14184,CHEMBL4098072,Epidermal growth factor receptor erbB1,Wild Type,0.5,<=,nM,censored_relation
14185,CHEMBL4061829,Epidermal growth factor receptor erbB1,Wild Type,0.3,<=,nM,censored_relation
14186,CHEMBL4089892,Epidermal growth factor receptor erbB1,Wild Type,0.3,<=,nM,censored_relation
14188,CHEMBL4214588,Epidermal growth factor receptor erbB1,Wild Type,50000.0,>=,nM,censored_relation
14189,CHEMBL4218431,Epidermal growth factor receptor erbB1,Wild Type,50000.0,>=,nM,censored_relation
14190,CHEMBL5206600,Epidermal growth factor receptor erbB1,Wild Type,1000.0,>=,nM,censored_relation
14195,CHEMBL4214567,Epidermal growth factor receptor erbB1,Wild Type,50000.0,>,nM,censored_relation
14196,CHEMBL5180830,Epidermal growth factor receptor erbB1,Wild Type,1000.0,>,nM,censored_relation
14250,CHEMBL5200875,Epidermal growth factor receptor erbB1,Wild Type,10000.0,>,nM,censored_relation
14251,CHEMBL5200949,Epidermal growth factor receptor erbB1,Wild Type,10000.0,>,nM,censored_relation
14252,CHEMBL5169564,Epidermal growth factor receptor erbB1,Wild Type,10000.0,>,nM,censored_relation
14253,CHEMBL5183547,Epidermal growth factor receptor erbB1,Wild Type,10000.0,>,nM,censored_relation
14254,CHEMBL5202863,Epidermal growth factor receptor erbB1,Wild Type,10000.0,>,nM,censored_relation
14255,CHEMBL5174300,Epidermal growth factor receptor erbB1,Wild Type,10000.0,>,nM,censored_relation
14256,CHEMBL5192659,Epidermal growth factor receptor erbB1,Wild Type,10000.0,>,nM,censored_relation
14263,CHEMBL5190513,Epidermal growth factor receptor erbB1,Wild Type,100000.0,>,nM,censored_relation
14264,CHEMBL5185330,Epidermal growth factor receptor erbB1,Wild Type,100000.0,>,nM,censored_relation
14265,CHEMBL5205073,Epidermal growth factor receptor erbB1,Wild Type,100000.0,>,nM,censored_relation
14266,CHEMBL5191366,Epidermal growth factor receptor erbB1,Wild Type,100000.0,>,nM,censored_relation
14267,CHEMBL5186794,Epidermal growth factor receptor erbB1,Wild Type,100000.0,>,nM,censored_relation
14268,CHEMBL5182465,Epidermal growth factor receptor erbB1,Wild Type,100000.0,>,nM,censored_relation
14269,CHEMBL5176295,Epidermal growth factor receptor erbB1,Wild Type,100000.0,>,nM,censored_relation
14270,CHEMBL5180070,Epidermal growth factor receptor erbB1,Wild Type,100000.0,>,nM,censored_relation
14271,CHEMBL5196064,Epidermal growth factor receptor erbB1,Wild Type,100000.0,>,nM,censored_relation
14272,CHEMBL5195531,Epidermal growth factor receptor erbB1,Wild Type,100000.0,>,nM,censored_relation
14273,CHEMBL5184313,Epidermal growth factor receptor erbB1,Wild Type,100000.0,>,nM,censored_relation
14274,CHEMBL5208312,Epidermal growth factor receptor erbB1,Wild Type,100000.0,>,nM,censored_relation
14275,CHEMBL5204446,Epidermal growth factor receptor erbB1,Wild Type,100000.0,>,nM,censored_relation
14276,CHEMBL5192038,Epidermal growth factor receptor erbB1,Wild Type,100000.0,>,nM,censored_relation
14277,CHEMBL5169346,Epidermal growth factor receptor erbB1,Wild Type,100000.0,>,nM,censored_relation
14278,CHEMBL5206110,Epidermal growth factor receptor erbB1,Wild Type,100000.0,>,nM,censored_relation
14279,CHEMBL5194285,Epidermal growth factor receptor erbB1,Wild Type,100000.0,>,nM,censored_relation
14280,CHEMBL5180914,Epidermal growth factor receptor erbB1,Wild Type,100000.0,>,nM,censored_relation
14281,CHEMBL5183329,Epidermal growth factor receptor erbB1,Wild Type,100000.0,>,nM,censored_relation
14282,CHEMBL5199106,Epidermal growth factor receptor erbB1,Wild Type,100000.0,>,nM,censored_relation
14283,CHEMBL5190227,Epidermal growth factor receptor erbB1,Wild Type,100000.0,>,nM,censored_relation
14284,CHEMBL5173596,Epidermal growth factor receptor erbB1,Wild Type,100000.0,>,nM,censored_relation
14285,CHEMBL939,Epidermal growth factor receptor erbB1,Wild Type,100.0,>,nM,censored_relation
14286,CHEMBL4537790,Epidermal growth factor receptor erbB1,Wild Type,100.0,>,nM,censored_relation
14291,CHEMBL5191366,Epidermal growth factor receptor erbB1,E746_A750del,100000.0,>,nM,censored_relation
14313,CHEMBL5190513,Epidermal growth factor receptor erbB1,L858R,100000.0,>,nM,censored_relation
14316,CHEMBL5191366,Epidermal growth factor receptor erbB1,L858R,100000.0,>,nM,censored_relation
14319,CHEMBL5176295,Epidermal growth factor receptor erbB1,L858R,100000.0,>,nM,censored_relation
14320,CHEMBL5180070,Epidermal growth factor receptor erbB1,L858R,100000.0,>,nM,censored_relation
14321,CHEMBL5196064,Epidermal growth factor receptor erbB1,L858R,100000.0,>,nM,censored_relation
14331,CHEMBL5183329,Epidermal growth factor receptor erbB1,L858R,100000.0,>,nM,censored_relation
14339,CHEMBL5205073,Epidermal growth factor receptor erbB1,"L858R, T790M",100000.0,>,nM,censored_relation
14340,CHEMBL5191366,Epidermal growth factor receptor erbB1,"L858R, T790M",100000.0,>,nM,censored_relation
14342,CHEMBL5182465,Epidermal growth factor receptor erbB1,"L858R, T790M",100000.0,>,nM,censored_relation
14343,CHEMBL5176295,Epidermal growth factor receptor erbB1,"L858R, T790M",100000.0,>,nM,censored_relation
14344,CHEMBL5180070,Epidermal growth factor receptor erbB1,"L858R, T790M",100000.0,>,nM,censored_relation
14345,CHEMBL5196064,Epidermal growth factor receptor erbB1,"L858R, T790M",100000.0,>,nM,censored_relation
14346,CHEMBL5195531,Epidermal growth factor receptor erbB1,"L858R, T790M",100000.0,>,nM,censored_relation
14355,CHEMBL5183329,Epidermal growth factor receptor erbB1,"L858R, T790M",100000.0,>,nM,censored_relation
14356,CHEMBL5199106,Epidermal growth factor receptor erbB1,"L858R, T790M",100000.0,>,nM,censored_relation
14357,CHEMBL5190227,Epidermal growth factor receptor erbB1,"L858R, T790M",100000.0,>,nM,censored_relation
14358,CHEMBL5173596,Epidermal growth factor receptor erbB1,"L858R, T790M",100000.0,>,nM,censored_relation
14359,CHEMBL939,Epidermal growth factor receptor erbB1,"L858R, T790M",100.0,>,nM,censored_relation
14368,CHEMBL3353410,Epidermal growth factor receptor erbB1,"C797S, L858R, T790M",1000.0,>,nM,censored_relation
14371,CHEMBL5199122,Epidermal growth factor receptor erbB1,"C797S, L858R, T790M",1000.0,>,nM,censored_relation
14375,CHEMBL5199122,Epidermal growth factor receptor erbB1,Wild Type,1000.0,>,nM,censored_relation
14380,CHEMBL5199122,Epidermal growth factor receptor erbB1,Wild Type,40000.0,>,nM,censored_relation
14381,CHEMBL5183286,Epidermal growth factor receptor erbB1,Wild Type,40000.0,>,nM,censored_relation
14388,CHEMBL5200553,Epidermal growth factor receptor erbB1,Wild Type,10000.0,>,nM,censored_relation
14391,CHEMBL5191992,Epidermal growth factor receptor erbB1,Wild Type,1000.0,>,nM,censored_relation
14392,CHEMBL5194147,Epidermal growth factor receptor erbB1,Wild Type,10000.0,>,nM,censored_relation
14395,CHEMBL5192435,Epidermal growth factor receptor erbB1,Wild Type,1000.0,>,nM,censored_relation
14403,CHEMBL5182791,Epidermal growth factor receptor erbB1,Wild Type,1000.0,>,nM,censored_relation
14404,CHEMBL5193902,Epidermal growth factor receptor erbB1,Wild Type,1000.0,>,nM,censored_relation
14443,CHEMBL3134157,Epidermal growth factor receptor erbB1,Wild Type,10000.0,>,nM,censored_relation
14444,CHEMBL5175977,Epidermal growth factor receptor erbB1,Wild Type,10000.0,>,nM,censored_relation
14455,CHEMBL5195358,Epidermal growth factor receptor erbB1,"C797S, E746_A750del, T790M",1000.0,>,nM,censored_relation
14471,CHEMBL5195358,Epidermal growth factor receptor erbB1,"C797S, L858R, T790M",1000.0,>,nM,censored_relation
14477,CHEMBL5185999,Epidermal growth factor receptor erbB1,"C797S, L858R, T790M",1000.0,>,nM,censored_relation
14482,CHEMBL5201287,Epidermal growth factor receptor erbB1,"C797S, L858R, T790M",1000.0,>,nM,censored_relation
14483,CHEMBL5170303,Epidermal growth factor receptor erbB1,"C797S, L858R, T790M",1000.0,>,nM,censored_relation
14500,CHEMBL5195358,Epidermal growth factor receptor erbB1,"L858R, T790M",1000.0,>,nM,censored_relation
14506,CHEMBL5194174,Epidermal growth factor receptor erbB1,Wild Type,1000.0,>,nM,censored_relation
14507,CHEMBL5172338,Epidermal growth factor receptor erbB1,Wild Type,1000.0,>,nM,censored_relation
14508,CHEMBL5207083,Epidermal growth factor receptor erbB1,Wild Type,1000.0,>,nM,censored_relation
14509,CHEMBL5198314,Epidermal growth factor receptor erbB1,Wild Type,1000.0,>,nM,censored_relation
14510,CHEMBL5200598,Epidermal growth factor receptor erbB1,Wild Type,1000.0,>,nM,censored_relation
14511,CHEMBL5188281,Epidermal growth factor receptor erbB1,Wild Type,1000.0,>,nM,censored_relation
14515,CHEMBL5179495,Epidermal growth factor receptor erbB1,Wild Type,1000.0,>,nM,censored_relation
14516,CHEMBL5195358,Epidermal growth factor receptor erbB1,Wild Type,1000.0,>,nM,censored_relation
14523,CHEMBL5185999,Epidermal growth factor receptor erbB1,Wild Type,1000.0,>,nM,censored_relation
14524,CHEMBL5188272,Epidermal growth factor receptor erbB1,Wild Type,1000.0,>,nM,censored_relation
14526,CHEMBL5201250,Epidermal growth factor receptor erbB1,Wild Type,1000.0,>,nM,censored_relation
14527,CHEMBL5181437,Epidermal growth factor receptor erbB1,Wild Type,1000.0,>,nM,censored_relation
14528,CHEMBL5201287,Epidermal growth factor receptor erbB1,Wild Type,1000.0,>,nM,censored_relation
14529,CHEMBL5170303,Epidermal growth factor receptor erbB1,Wild Type,1000.0,>,nM,censored_relation
14531,CHEMBL5170653,Epidermal growth factor receptor erbB1,Wild Type,1000.0,>,nM,censored_relation
14533,CHEMBL5181684,Epidermal growth factor receptor erbB1,Wild Type,1000.0,>,nM,censored_relation
14534,CHEMBL5179214,Epidermal growth factor receptor erbB1,Wild Type,1000.0,>,nM,censored_relation
14535,CHEMBL5169943,Epidermal growth factor receptor erbB1,Wild Type,1000.0,>,nM,censored_relation
14537,CHEMBL3707348,Epidermal growth factor receptor erbB1,Wild Type,10000.0,>,nM,censored_relation
14538,CHEMBL1765740,Epidermal growth factor receptor erbB1,Wild Type,10000.0,>,nM,censored_relation
14541,CHEMBL2105712,Epidermal growth factor receptor erbB1,Other Mutation,10.0,=,nM,unresolved_mutation_label
14543,CHEMBL460702,Epidermal growth factor receptor erbB1,Wild Type,2000.0,>,nM,censored_relation
14555,CHEMBL5218754,Epidermal growth factor receptor erbB1,Wild Type,0.1,<,nM,censored_relation
14562,CHEMBL321494,Epidermal growth factor receptor erbB1,"C797S, L858R, T790M",149.0,>,nM,censored_relation
14567,CHEMBL5220061,Epidermal growth factor receptor erbB1,Wild Type,0.3,<,nM,censored_relation
14568,CHEMBL5218879,Epidermal growth factor receptor erbB1,Wild Type,0.3,<,nM,censored_relation
14570,CHEMBL5218754,Epidermal growth factor receptor erbB1,"L858R, T790M",0.1,<,nM,censored_relation
14572,CHEMBL5220529,Epidermal growth factor receptor erbB1,"L858R, T790M",0.1,<,nM,censored_relation
14586,CHEMBL5204787,Epidermal growth factor receptor erbB1,"C797S, E746_A750del, T790M",100.0,<,nM,censored_relation
14587,CHEMBL5219395,Epidermal growth factor receptor erbB1,"C797S, E746_A750del, T790M",100.0,<,nM,censored_relation
14588,CHEMBL5221031,Epidermal growth factor receptor erbB1,"C797S, E746_A750del, T790M",100.0,<,nM,censored_relation
14597,CHEMBL5272747,Epidermal growth factor receptor erbB1,"C797S, E746_A750del, T790M",100.0,>,nM,censored_relation
14598,CHEMBL5269317,Epidermal growth factor receptor erbB1,"C797S, E746_A750del, T790M",100.0,>,nM,censored_relation
14599,CHEMBL5289304,Epidermal growth factor receptor erbB1,"C797S, E746_A750del, T790M",100.0,>,nM,censored_relation
14600,CHEMBL5290583,Epidermal growth factor receptor erbB1,"C797S, E746_A750del, T790M",100.0,>,nM,censored_relation
14601,CHEMBL5286636,Epidermal growth factor receptor erbB1,"C797S, E746_A750del, T790M",100.0,>,nM,censored_relation
14602,CHEMBL5273197,Epidermal growth factor receptor erbB1,"C797S, E746_A750del, T790M",100.0,>,nM,censored_relation
14603,CHEMBL5266919,Epidermal growth factor receptor erbB1,"C797S, E746_A750del, T790M",100.0,>,nM,censored_relation
14626,CHEMBL5270423,Epidermal growth factor receptor erbB1,Wild Type,1000.0,>,nM,censored_relation
14627,CHEMBL5285159,Epidermal growth factor receptor erbB1,Wild Type,1000.0,>,nM,censored_relation
14628,CHEMBL5280251,Epidermal growth factor receptor erbB1,Wild Type,1000.0,>,nM,censored_relation
14629,CHEMBL5274267,Epidermal growth factor receptor erbB1,Wild Type,10000.0,>,nM,censored_relation
14691,CHEMBL5267342,Epidermal growth factor receptor erbB1,Wild Type,1000.0,<,nM,censored_relation
14745,CHEMBL5267057,Epidermal growth factor receptor erbB1,Wild Type,10000.0,>,nM,censored_relation
14758,CHEMBL5281283,Epidermal growth factor receptor erbB1,Wild Type,1000.0,>,nM,censored_relation
14759,CHEMBL5273533,Epidermal growth factor receptor erbB1,Wild Type,1000.0,>,nM,censored_relation
14771,CHEMBL5267136,Epidermal growth factor receptor erbB1,"C797S, L858R, T790M",10000.0,>,nM,censored_relation
14777,CHEMBL5289511,Epidermal growth factor receptor erbB1,"C797S, L858R, T790M",10000.0,>,nM,censored_relation
14778,CHEMBL5266759,Epidermal growth factor receptor erbB1,"C797S, L858R, T790M",10000.0,>,nM,censored_relation
14779,CHEMBL5282516,Epidermal growth factor receptor erbB1,"C797S, L858R, T790M",10000.0,>,nM,censored_relation
14780,CHEMBL5281434,Epidermal growth factor receptor erbB1,"C797S, L858R, T790M",10000.0,>,nM,censored_relation
14785,CHEMBL5273819,Epidermal growth factor receptor erbB1,"C797S, L858R, T790M",10000.0,>,nM,censored_relation
14800,CHEMBL5267362,Epidermal growth factor receptor erbB1,"C797S, L858R, T790M",10000.0,>,nM,censored_relation
14801,CHEMBL5277339,Epidermal growth factor receptor erbB1,"C797S, L858R, T790M",10000.0,>,nM,censored_relation
14802,CHEMBL5283714,Epidermal growth factor receptor erbB1,"C797S, L858R, T790M",10000.0,>,nM,censored_relation
14803,CHEMBL5267924,Epidermal growth factor receptor erbB1,"C797S, L858R, T790M",10000.0,>,nM,censored_relation
14804,CHEMBL5270822,Epidermal growth factor receptor erbB1,"C797S, L858R, T790M",10000.0,>,nM,censored_relation
14819,CHEMBL5269683,Epidermal growth factor receptor erbB1,Wild Type,1000.0,>,nM,censored_relation
14820,CHEMBL5271932,Epidermal growth factor receptor erbB1,Wild Type,1000.0,>,nM,censored_relation
14821,CHEMBL5278071,Epidermal growth factor receptor erbB1,Wild Type,1000.0,>,nM,censored_relation
14822,CHEMBL5267491,Epidermal growth factor receptor erbB1,Wild Type,1000.0,>,nM,censored_relation
14835,CHEMBL5276374,Epidermal growth factor receptor erbB1,Wild Type,10000.0,>,nM,censored_relation
14836,CHEMBL5288751,Epidermal growth factor receptor erbB1,Wild Type,10000.0,>,nM,censored_relation
14839,CHEMBL3707348,Epidermal growth factor receptor erbB1,Wild Type,10000.0,>,nM,censored_relation
14841,CHEMBL4071161,Epidermal growth factor receptor erbB1,Wild Type,10000.0,>,nM,censored_relation
14842,CHEMBL4072833,Epidermal growth factor receptor erbB1,Wild Type,10000.0,>,nM,censored_relation
14843,CHEMBL4297674,Epidermal growth factor receptor erbB1,Wild Type,10000.0,>,nM,censored_relation
14845,CHEMBL4104297,Epidermal growth factor receptor erbB1,Wild Type,500.0,>,nM,censored_relation
14846,CHEMBL4080062,Epidermal growth factor receptor erbB1,Wild Type,500.0,>,nM,censored_relation
14854,CHEMBL5281446,Epidermal growth factor receptor erbB1,Wild Type,10000.0,>,nM,censored_relation
14933,CHEMBL5275918,Epidermal growth factor receptor erbB1,"E746_A750del, T790M",5000.0,>,nM,censored_relation
14934,CHEMBL3701282,Epidermal growth factor receptor erbB1,"E746_A750del, T790M",5000.0,>,nM,censored_relation
14940,CHEMBL5284165,Epidermal growth factor receptor erbB1,"E746_A750del, T790M",5000.0,>,nM,censored_relation
14941,CHEMBL3701238,Epidermal growth factor receptor erbB1,"E746_A750del, T790M",5000.0,>,nM,censored_relation
14942,CHEMBL5273555,Epidermal growth factor receptor erbB1,"E746_A750del, T790M",5000.0,>,nM,censored_relation
14962,CHEMBL5278149,Epidermal growth factor receptor erbB1,Wild Type,10000.0,>,nM,censored_relation
15019,CHEMBL185637,Epidermal growth factor receptor erbB1,Wild Type,10000.0,>,nM,censored_relation
15020,CHEMBL188304,Epidermal growth factor receptor erbB1,Wild Type,10000.0,>,nM,censored_relation
15021,CHEMBL186080,Epidermal growth factor receptor erbB1,Wild Type,2000.0,>,nM,censored_relation
15022,CHEMBL184311,Epidermal growth factor receptor erbB1,Wild Type,2000.0,>,nM,censored_relation
15026,CHEMBL187431,Epidermal growth factor receptor erbB1,Wild Type,10000.0,>,nM,censored_relation
15062,CHEMBL5272096,Epidermal growth factor receptor erbB1,T790M,1000.0,>,nM,censored_relation
15070,CHEMBL5282227,Epidermal growth factor receptor erbB1,Wild Type,1000.0,>,nM,censored_relation
15071,CHEMBL5272096,Epidermal growth factor receptor erbB1,Wild Type,1000.0,>,nM,censored_relation
15072,CHEMBL5270506,Epidermal growth factor receptor erbB1,Wild Type,1000.0,>,nM,censored_relation
15073,CHEMBL5198664,Epidermal growth factor receptor erbB1,Wild Type,1000.0,>,nM,censored_relation
15074,CHEMBL5271043,Epidermal growth factor receptor erbB1,Wild Type,1000.0,>,nM,censored_relation
15075,CHEMBL5287550,Epidermal growth factor receptor erbB1,Wild Type,1000.0,>,nM,censored_relation
15085,CHEMBL5275574,Epidermal growth factor receptor erbB1,Wild Type,10000.0,>,nM,censored_relation
15145,CHEMBL5416489,Epidermal growth factor receptor erbB1,Wild Type,500.0,>,nM,censored_relation
15146,CHEMBL5415311,Epidermal growth factor receptor erbB1,Wild Type,500.0,>,nM,censored_relation
15148,CHEMBL5415418,Epidermal growth factor receptor erbB1,Wild Type,500.0,>,nM,censored_relation
15166,CHEMBL5430683,Epidermal growth factor receptor erbB1,Wild Type,10000.0,>,nM,censored_relation
15177,CHEMBL4284413,Epidermal growth factor receptor erbB1,"C797S, L858R, T790M",10000.0,>,nM,censored_relation
15179,CHEMBL2426254,Epidermal growth factor receptor erbB1,"C797S, L858R, T790M",500000.0,>,nM,censored_relation
15190,CHEMBL5196318,Epidermal growth factor receptor erbB1,Wild Type,20000.0,>,nM,censored_relation
15191,CHEMBL5196318,Epidermal growth factor receptor erbB1,Wild Type,20000.0,>,nM,censored_relation
15192,CHEMBL5196318,Epidermal growth factor receptor erbB1,Wild Type,20000.0,>,nM,censored_relation
15206,CHEMBL5395650,Epidermal growth factor receptor erbB1,"C797S, L858R, T790M",10000.0,>,nM,censored_relation
15207,CHEMBL5431773,Epidermal growth factor receptor erbB1,"C797S, L858R, T790M",10000.0,>,nM,censored_relation
15208,CHEMBL5434140,Epidermal growth factor receptor erbB1,"C797S, L858R, T790M",10000.0,>,nM,censored_relation
15209,CHEMBL5403617,Epidermal growth factor receptor erbB1,"C797S, L858R, T790M",10000.0,>,nM,censored_relation
15210,CHEMBL5428662,Epidermal growth factor receptor erbB1,"C797S, L858R, T790M",10000.0,>,nM,censored_relation
15211,CHEMBL5436854,Epidermal growth factor receptor erbB1,"C797S, L858R, T790M",10000.0,>,nM,censored_relation
15257,CHEMBL5435033,Epidermal growth factor receptor erbB1,Wild Type,5000.0,>,nM,censored_relation
15289,CHEMBL5405639,Epidermal growth factor receptor erbB1,Wild Type,100.0,>,nM,censored_relation
15303,CHEMBL5398307,Epidermal growth factor receptor erbB1,Wild Type,500.0,>,nM,censored_relation
15309,CHEMBL5426924,Epidermal growth factor receptor erbB1,Wild Type,500.0,>,nM,censored_relation
15313,CHEMBL5395449,Epidermal growth factor receptor erbB1,Wild Type,500.0,>,nM,censored_relation
15317,CHEMBL5398778,Epidermal growth factor receptor erbB1,Wild Type,1000.0,>,nM,censored_relation
15319,CHEMBL5420485,Epidermal growth factor receptor erbB1,Wild Type,1000.0,>,nM,censored_relation
15324,CHEMBL5397426,Epidermal growth factor receptor erbB1,Wild Type,1000.0,>,nM,censored_relation
15326,CHEMBL5415647,Epidermal growth factor receptor erbB1,Wild Type,1000.0,>,nM,censored_relation
15329,CHEMBL5407834,Epidermal growth factor receptor erbB1,Wild Type,1000.0,>,nM,censored_relation
15330,CHEMBL5407194,Epidermal growth factor receptor erbB1,Wild Type,1000.0,>,nM,censored_relation
15335,CHEMBL5401625,Epidermal growth factor receptor erbB1,"C797S, E746_A750del, T790M",5000.0,>,nM,censored_relation
15339,CHEMBL5415774,Epidermal growth factor receptor erbB1,"C797S, E746_A750del, T790M",5000.0,>,nM,censored_relation
15348,CHEMBL5401625,Epidermal growth factor receptor erbB1,"C797S, L858R, T790M",5000.0,>,nM,censored_relation
15361,CHEMBL5401625,Epidermal growth factor receptor erbB1,Wild Type,5000.0,>,nM,censored_relation
15362,CHEMBL5401125,Epidermal growth factor receptor erbB1,Wild Type,5000.0,>,nM,censored_relation
15365,CHEMBL5415774,Epidermal growth factor receptor erbB1,Wild Type,5000.0,>,nM,censored_relation
15382,CHEMBL5206121,Epidermal growth factor receptor erbB1,Wild Type,10000.0,>,nM,censored_relation
15385,CHEMBL5416267,Epidermal growth factor receptor erbB1,"C797S, L858R, T790M",1000.0,>,nM,censored_relation
15453,CHEMBL3353410,Epidermal growth factor receptor erbB1,"C797S, L858R, T790M",100000.0,>,nM,censored_relation
15455,CHEMBL5440517,Epidermal growth factor receptor erbB1,Wild Type,10000.0,>,nM,censored_relation
15456,CHEMBL5401267,Epidermal growth factor receptor erbB1,Wild Type,10000.0,>,nM,censored_relation
15544,CHEMBL5413061,Epidermal growth factor receptor erbB1,Wild Type,20000.0,>,nM,censored_relation
15545,CHEMBL5408234,Epidermal growth factor receptor erbB1,Wild Type,10000.0,>,nM,censored_relation
15581,CHEMBL554,Epidermal growth factor receptor erbB1,Wild Type,10000.0,>,nM,censored_relation
15582,CHEMBL554,Epidermal growth factor receptor erbB1,Wild Type,10000.0,>,nM,censored_relation
15583,CHEMBL554,Epidermal growth factor receptor erbB1,Wild Type,10000.0,>,nM,censored_relation
15584,CHEMBL554,Epidermal growth factor receptor erbB1,Wild Type,10000.0,>,nM,censored_relation
15585,CHEMBL554,Epidermal growth factor receptor erbB1,Wild Type,10000.0,>,nM,censored_relation
15586,CHEMBL554,Epidermal growth factor receptor erbB1,Wild Type,10000.0,>,nM,censored_relation
15587,CHEMBL554,Epidermal growth factor receptor erbB1,Wild Type,10000.0,>,nM,censored_relation
15588,CHEMBL554,Epidermal growth factor receptor erbB1,Wild Type,10000.0,>,nM,censored_relation
15594,CHEMBL466397,Epidermal growth factor receptor erbB1,Wild Type,10000.0,>,nM,censored_relation
15595,CHEMBL466397,Epidermal growth factor receptor erbB1,Wild Type,10000.0,>,nM,censored_relation
15596,CHEMBL1236095,Epidermal growth factor receptor erbB1,Wild Type,10000.0,>,nM,censored_relation
15598,CHEMBL2165191,Epidermal growth factor receptor erbB1,Wild Type,298000.0,>,nM,censored_relation
15599,CHEMBL4778541,Epidermal growth factor receptor erbB1,Wild Type,20000.0,>,nM,censored_relation
15600,CHEMBL3622821,Epidermal growth factor receptor erbB1,Wild Type,10000.0,>,nM,censored_relation
15601,CHEMBL209148,Epidermal growth factor receptor erbB1,Wild Type,50000.0,>,nM,censored_relation
15602,CHEMBL1852688,Epidermal growth factor receptor erbB1,Wild Type,10000.0,>,nM,censored_relation
15603,CHEMBL3643413,Epidermal growth factor receptor erbB1,Wild Type,10000.0,>,nM,censored_relation
15604,CHEMBL189963,Epidermal growth factor receptor erbB1,Wild Type,10000.0,>,nM,censored_relation
